{
"type": "FeatureCollection",
"name": "exandria_10km",
"features": [
{ "type": "Feature", "properties": { "id": 1, "left": -5000000.0, "top": 2000000.0, "right": 5200000.0, "bottom": 2000000.0, "grid_x": "G 0", "grid_y": "J 0" }, "geometry": { "type": "LineString", "coordinates": [ [ -5000000.0, 2000000.0 ], [ 5200000.0, 2000000.0 ] ] } },
{ "type": "Feature", "properties": { "id": 2, "left": -5000000.0, "top": 1990000.0, "right": 5200000.0, "bottom": 1990000.0, "grid_x": "G 0", "grid_y": "H 9" }, "geometry": { "type": "LineString", "coordinates": [ [ -5000000.0, 1990000.0 ], [ 5200000.0, 1990000.0 ] ] } },
{ "type": "Feature", "properties": { "id": 3, "left": -5000000.0, "top": 1980000.0, "right": 5200000.0, "bottom": 1980000.0, "grid_x": "G 0", "grid_y": "H 8" }, "geometry": { "type": "LineString", "coordinates": [ [ -5000000.0, 1980000.0 ], [ 5200000.0, 1980000.0 ] ] } },
{ "type": "Feature", "properties": { "id": 4, "left": -5000000.0, "top": 1970000.0, "right": 5200000.0, "bottom": 1970000.0, "grid_x": "G 0", "grid_y": "H 7" }, "geometry": { "type": "LineString", "coordinates": [ [ -5000000.0, 1970000.0 ], [ 5200000.0, 1970000.0 ] ] } },
{ "type": "Feature", "properties": { "id": 5, "left": -5000000.0, "top": 1960000.0, "right": 5200000.0, "bottom": 1960000.0, "grid_x": "G 0", "grid_y": "H 6" }, "geometry": { "type": "LineString", "coordinates": [ [ -5000000.0, 1960000.0 ], [ 5200000.0, 1960000.0 ] ] } },
{ "type": "Feature", "properties": { "id": 6, "left": -5000000.0, "top": 1950000.0, "right": 5200000.0, "bottom": 1950000.0, "grid_x": "G 0", "grid_y": "H 5" }, "geometry": { "type": "LineString", "coordinates": [ [ -5000000.0, 1950000.0 ], [ 5200000.0, 1950000.0 ] ] } },
{ "type": "Feature", "properties": { "id": 7, "left": -5000000.0, "top": 1940000.0, "right": 5200000.0, "bottom": 1940000.0, "grid_x": "G 0", "grid_y": "H 4" }, "geometry": { "type": "LineString", "coordinates": [ [ -5000000.0, 1940000.0 ], [ 5200000.0, 1940000.0 ] ] } },
{ "type": "Feature", "properties": { "id": 8, "left": -5000000.0, "top": 1930000.0, "right": 5200000.0, "bottom": 1930000.0, "grid_x": "G 0", "grid_y": "H 3" }, "geometry": { "type": "LineString", "coordinates": [ [ -5000000.0, 1930000.0 ], [ 5200000.0, 1930000.0 ] ] } },
{ "type": "Feature", "properties": { "id": 9, "left": -5000000.0, "top": 1920000.0, "right": 5200000.0, "bottom": 1920000.0, "grid_x": "G 0", "grid_y": "H 2" }, "geometry": { "type": "LineString", "coordinates": [ [ -5000000.0, 1920000.0 ], [ 5200000.0, 1920000.0 ] ] } },
{ "type": "Feature", "properties": { "id": 10, "left": -5000000.0, "top": 1910000.0, "right": 5200000.0, "bottom": 1910000.0, "grid_x": "G 0", "grid_y": "H 1" }, "geometry": { "type": "LineString", "coordinates": [ [ -5000000.0, 1910000.0 ], [ 5200000.0, 1910000.0 ] ] } },
{ "type": "Feature", "properties": { "id": 11, "left": -5000000.0, "top": 1900000.0, "right": 5200000.0, "bottom": 1900000.0, "grid_x": "G 0", "grid_y": "H 0" }, "geometry": { "type": "LineString", "coordinates": [ [ -5000000.0, 1900000.0 ], [ 5200000.0, 1900000.0 ] ] } },
{ "type": "Feature", "properties": { "id": 12, "left": -5000000.0, "top": 1890000.0, "right": 5200000.0, "bottom": 1890000.0, "grid_x": "G 0", "grid_y": "G 9" }, "geometry": { "type": "LineString", "coordinates": [ [ -5000000.0, 1890000.0 ], [ 5200000.0, 1890000.0 ] ] } },
{ "type": "Feature", "properties": { "id": 13, "left": -5000000.0, "top": 1880000.0, "right": 5200000.0, "bottom": 1880000.0, "grid_x": "G 0", "grid_y": "G 8" }, "geometry": { "type": "LineString", "coordinates": [ [ -5000000.0, 1880000.0 ], [ 5200000.0, 1880000.0 ] ] } },
{ "type": "Feature", "properties": { "id": 14, "left": -5000000.0, "top": 1870000.0, "right": 5200000.0, "bottom": 1870000.0, "grid_x": "G 0", "grid_y": "G 7" }, "geometry": { "type": "LineString", "coordinates": [ [ -5000000.0, 1870000.0 ], [ 5200000.0, 1870000.0 ] ] } },
{ "type": "Feature", "properties": { "id": 15, "left": -5000000.0, "top": 1860000.0, "right": 5200000.0, "bottom": 1860000.0, "grid_x": "G 0", "grid_y": "G 6" }, "geometry": { "type": "LineString", "coordinates": [ [ -5000000.0, 1860000.0 ], [ 5200000.0, 1860000.0 ] ] } },
{ "type": "Feature", "properties": { "id": 16, "left": -5000000.0, "top": 1850000.0, "right": 5200000.0, "bottom": 1850000.0, "grid_x": "G 0", "grid_y": "G 5" }, "geometry": { "type": "LineString", "coordinates": [ [ -5000000.0, 1850000.0 ], [ 5200000.0, 1850000.0 ] ] } },
{ "type": "Feature", "properties": { "id": 17, "left": -5000000.0, "top": 1840000.0, "right": 5200000.0, "bottom": 1840000.0, "grid_x": "G 0", "grid_y": "G 4" }, "geometry": { "type": "LineString", "coordinates": [ [ -5000000.0, 1840000.0 ], [ 5200000.0, 1840000.0 ] ] } },
{ "type": "Feature", "properties": { "id": 18, "left": -5000000.0, "top": 1830000.0, "right": 5200000.0, "bottom": 1830000.0, "grid_x": "G 0", "grid_y": "G 3" }, "geometry": { "type": "LineString", "coordinates": [ [ -5000000.0, 1830000.0 ], [ 5200000.0, 1830000.0 ] ] } },
{ "type": "Feature", "properties": { "id": 19, "left": -5000000.0, "top": 1820000.0, "right": 5200000.0, "bottom": 1820000.0, "grid_x": "G 0", "grid_y": "G 2" }, "geometry": { "type": "LineString", "coordinates": [ [ -5000000.0, 1820000.0 ], [ 5200000.0, 1820000.0 ] ] } },
{ "type": "Feature", "properties": { "id": 20, "left": -5000000.0, "top": 1810000.0, "right": 5200000.0, "bottom": 1810000.0, "grid_x": "G 0", "grid_y": "G 1" }, "geometry": { "type": "LineString", "coordinates": [ [ -5000000.0, 1810000.0 ], [ 5200000.0, 1810000.0 ] ] } },
{ "type": "Feature", "properties": { "id": 21, "left": -5000000.0, "top": 1800000.0, "right": 5200000.0, "bottom": 1800000.0, "grid_x": "G 0", "grid_y": "G 0" }, "geometry": { "type": "LineString", "coordinates": [ [ -5000000.0, 1800000.0 ], [ 5200000.0, 1800000.0 ] ] } },
{ "type": "Feature", "properties": { "id": 22, "left": -5000000.0, "top": 1790000.0, "right": 5200000.0, "bottom": 1790000.0, "grid_x": "G 0", "grid_y": "F 9" }, "geometry": { "type": "LineString", "coordinates": [ [ -5000000.0, 1790000.0 ], [ 5200000.0, 1790000.0 ] ] } },
{ "type": "Feature", "properties": { "id": 23, "left": -5000000.0, "top": 1780000.0, "right": 5200000.0, "bottom": 1780000.0, "grid_x": "G 0", "grid_y": "F 8" }, "geometry": { "type": "LineString", "coordinates": [ [ -5000000.0, 1780000.0 ], [ 5200000.0, 1780000.0 ] ] } },
{ "type": "Feature", "properties": { "id": 24, "left": -5000000.0, "top": 1770000.0, "right": 5200000.0, "bottom": 1770000.0, "grid_x": "G 0", "grid_y": "F 7" }, "geometry": { "type": "LineString", "coordinates": [ [ -5000000.0, 1770000.0 ], [ 5200000.0, 1770000.0 ] ] } },
{ "type": "Feature", "properties": { "id": 25, "left": -5000000.0, "top": 1760000.0, "right": 5200000.0, "bottom": 1760000.0, "grid_x": "G 0", "grid_y": "F 6" }, "geometry": { "type": "LineString", "coordinates": [ [ -5000000.0, 1760000.0 ], [ 5200000.0, 1760000.0 ] ] } },
{ "type": "Feature", "properties": { "id": 26, "left": -5000000.0, "top": 1750000.0, "right": 5200000.0, "bottom": 1750000.0, "grid_x": "G 0", "grid_y": "F 5" }, "geometry": { "type": "LineString", "coordinates": [ [ -5000000.0, 1750000.0 ], [ 5200000.0, 1750000.0 ] ] } },
{ "type": "Feature", "properties": { "id": 27, "left": -5000000.0, "top": 1740000.0, "right": 5200000.0, "bottom": 1740000.0, "grid_x": "G 0", "grid_y": "F 4" }, "geometry": { "type": "LineString", "coordinates": [ [ -5000000.0, 1740000.0 ], [ 5200000.0, 1740000.0 ] ] } },
{ "type": "Feature", "properties": { "id": 28, "left": -5000000.0, "top": 1730000.0, "right": 5200000.0, "bottom": 1730000.0, "grid_x": "G 0", "grid_y": "F 3" }, "geometry": { "type": "LineString", "coordinates": [ [ -5000000.0, 1730000.0 ], [ 5200000.0, 1730000.0 ] ] } },
{ "type": "Feature", "properties": { "id": 29, "left": -5000000.0, "top": 1720000.0, "right": 5200000.0, "bottom": 1720000.0, "grid_x": "G 0", "grid_y": "F 2" }, "geometry": { "type": "LineString", "coordinates": [ [ -5000000.0, 1720000.0 ], [ 5200000.0, 1720000.0 ] ] } },
{ "type": "Feature", "properties": { "id": 30, "left": -5000000.0, "top": 1710000.0, "right": 5200000.0, "bottom": 1710000.0, "grid_x": "G 0", "grid_y": "F 1" }, "geometry": { "type": "LineString", "coordinates": [ [ -5000000.0, 1710000.0 ], [ 5200000.0, 1710000.0 ] ] } },
{ "type": "Feature", "properties": { "id": 31, "left": -5000000.0, "top": 1700000.0, "right": 5200000.0, "bottom": 1700000.0, "grid_x": "G 0", "grid_y": "F 0" }, "geometry": { "type": "LineString", "coordinates": [ [ -5000000.0, 1700000.0 ], [ 5200000.0, 1700000.0 ] ] } },
{ "type": "Feature", "properties": { "id": 32, "left": -5000000.0, "top": 1690000.0, "right": 5200000.0, "bottom": 1690000.0, "grid_x": "G 0", "grid_y": "E 9" }, "geometry": { "type": "LineString", "coordinates": [ [ -5000000.0, 1690000.0 ], [ 5200000.0, 1690000.0 ] ] } },
{ "type": "Feature", "properties": { "id": 33, "left": -5000000.0, "top": 1680000.0, "right": 5200000.0, "bottom": 1680000.0, "grid_x": "G 0", "grid_y": "E 8" }, "geometry": { "type": "LineString", "coordinates": [ [ -5000000.0, 1680000.0 ], [ 5200000.0, 1680000.0 ] ] } },
{ "type": "Feature", "properties": { "id": 34, "left": -5000000.0, "top": 1670000.0, "right": 5200000.0, "bottom": 1670000.0, "grid_x": "G 0", "grid_y": "E 7" }, "geometry": { "type": "LineString", "coordinates": [ [ -5000000.0, 1670000.0 ], [ 5200000.0, 1670000.0 ] ] } },
{ "type": "Feature", "properties": { "id": 35, "left": -5000000.0, "top": 1660000.0, "right": 5200000.0, "bottom": 1660000.0, "grid_x": "G 0", "grid_y": "E 6" }, "geometry": { "type": "LineString", "coordinates": [ [ -5000000.0, 1660000.0 ], [ 5200000.0, 1660000.0 ] ] } },
{ "type": "Feature", "properties": { "id": 36, "left": -5000000.0, "top": 1650000.0, "right": 5200000.0, "bottom": 1650000.0, "grid_x": "G 0", "grid_y": "E 5" }, "geometry": { "type": "LineString", "coordinates": [ [ -5000000.0, 1650000.0 ], [ 5200000.0, 1650000.0 ] ] } },
{ "type": "Feature", "properties": { "id": 37, "left": -5000000.0, "top": 1640000.0, "right": 5200000.0, "bottom": 1640000.0, "grid_x": "G 0", "grid_y": "E 4" }, "geometry": { "type": "LineString", "coordinates": [ [ -5000000.0, 1640000.0 ], [ 5200000.0, 1640000.0 ] ] } },
{ "type": "Feature", "properties": { "id": 38, "left": -5000000.0, "top": 1630000.0, "right": 5200000.0, "bottom": 1630000.0, "grid_x": "G 0", "grid_y": "E 3" }, "geometry": { "type": "LineString", "coordinates": [ [ -5000000.0, 1630000.0 ], [ 5200000.0, 1630000.0 ] ] } },
{ "type": "Feature", "properties": { "id": 39, "left": -5000000.0, "top": 1620000.0, "right": 5200000.0, "bottom": 1620000.0, "grid_x": "G 0", "grid_y": "E 2" }, "geometry": { "type": "LineString", "coordinates": [ [ -5000000.0, 1620000.0 ], [ 5200000.0, 1620000.0 ] ] } },
{ "type": "Feature", "properties": { "id": 40, "left": -5000000.0, "top": 1610000.0, "right": 5200000.0, "bottom": 1610000.0, "grid_x": "G 0", "grid_y": "E 1" }, "geometry": { "type": "LineString", "coordinates": [ [ -5000000.0, 1610000.0 ], [ 5200000.0, 1610000.0 ] ] } },
{ "type": "Feature", "properties": { "id": 41, "left": -5000000.0, "top": 1600000.0, "right": 5200000.0, "bottom": 1600000.0, "grid_x": "G 0", "grid_y": "E 0" }, "geometry": { "type": "LineString", "coordinates": [ [ -5000000.0, 1600000.0 ], [ 5200000.0, 1600000.0 ] ] } },
{ "type": "Feature", "properties": { "id": 42, "left": -5000000.0, "top": 1590000.0, "right": 5200000.0, "bottom": 1590000.0, "grid_x": "G 0", "grid_y": "D 9" }, "geometry": { "type": "LineString", "coordinates": [ [ -5000000.0, 1590000.0 ], [ 5200000.0, 1590000.0 ] ] } },
{ "type": "Feature", "properties": { "id": 43, "left": -5000000.0, "top": 1580000.0, "right": 5200000.0, "bottom": 1580000.0, "grid_x": "G 0", "grid_y": "D 8" }, "geometry": { "type": "LineString", "coordinates": [ [ -5000000.0, 1580000.0 ], [ 5200000.0, 1580000.0 ] ] } },
{ "type": "Feature", "properties": { "id": 44, "left": -5000000.0, "top": 1570000.0, "right": 5200000.0, "bottom": 1570000.0, "grid_x": "G 0", "grid_y": "D 7" }, "geometry": { "type": "LineString", "coordinates": [ [ -5000000.0, 1570000.0 ], [ 5200000.0, 1570000.0 ] ] } },
{ "type": "Feature", "properties": { "id": 45, "left": -5000000.0, "top": 1560000.0, "right": 5200000.0, "bottom": 1560000.0, "grid_x": "G 0", "grid_y": "D 6" }, "geometry": { "type": "LineString", "coordinates": [ [ -5000000.0, 1560000.0 ], [ 5200000.0, 1560000.0 ] ] } },
{ "type": "Feature", "properties": { "id": 46, "left": -5000000.0, "top": 1550000.0, "right": 5200000.0, "bottom": 1550000.0, "grid_x": "G 0", "grid_y": "D 5" }, "geometry": { "type": "LineString", "coordinates": [ [ -5000000.0, 1550000.0 ], [ 5200000.0, 1550000.0 ] ] } },
{ "type": "Feature", "properties": { "id": 47, "left": -5000000.0, "top": 1540000.0, "right": 5200000.0, "bottom": 1540000.0, "grid_x": "G 0", "grid_y": "D 4" }, "geometry": { "type": "LineString", "coordinates": [ [ -5000000.0, 1540000.0 ], [ 5200000.0, 1540000.0 ] ] } },
{ "type": "Feature", "properties": { "id": 48, "left": -5000000.0, "top": 1530000.0, "right": 5200000.0, "bottom": 1530000.0, "grid_x": "G 0", "grid_y": "D 3" }, "geometry": { "type": "LineString", "coordinates": [ [ -5000000.0, 1530000.0 ], [ 5200000.0, 1530000.0 ] ] } },
{ "type": "Feature", "properties": { "id": 49, "left": -5000000.0, "top": 1520000.0, "right": 5200000.0, "bottom": 1520000.0, "grid_x": "G 0", "grid_y": "D 2" }, "geometry": { "type": "LineString", "coordinates": [ [ -5000000.0, 1520000.0 ], [ 5200000.0, 1520000.0 ] ] } },
{ "type": "Feature", "properties": { "id": 50, "left": -5000000.0, "top": 1510000.0, "right": 5200000.0, "bottom": 1510000.0, "grid_x": "G 0", "grid_y": "D 1" }, "geometry": { "type": "LineString", "coordinates": [ [ -5000000.0, 1510000.0 ], [ 5200000.0, 1510000.0 ] ] } },
{ "type": "Feature", "properties": { "id": 51, "left": -5000000.0, "top": 1500000.0, "right": 5200000.0, "bottom": 1500000.0, "grid_x": "G 0", "grid_y": "D 0" }, "geometry": { "type": "LineString", "coordinates": [ [ -5000000.0, 1500000.0 ], [ 5200000.0, 1500000.0 ] ] } },
{ "type": "Feature", "properties": { "id": 52, "left": -5000000.0, "top": 1490000.0, "right": 5200000.0, "bottom": 1490000.0, "grid_x": "G 0", "grid_y": "C 9" }, "geometry": { "type": "LineString", "coordinates": [ [ -5000000.0, 1490000.0 ], [ 5200000.0, 1490000.0 ] ] } },
{ "type": "Feature", "properties": { "id": 53, "left": -5000000.0, "top": 1480000.0, "right": 5200000.0, "bottom": 1480000.0, "grid_x": "G 0", "grid_y": "C 8" }, "geometry": { "type": "LineString", "coordinates": [ [ -5000000.0, 1480000.0 ], [ 5200000.0, 1480000.0 ] ] } },
{ "type": "Feature", "properties": { "id": 54, "left": -5000000.0, "top": 1470000.0, "right": 5200000.0, "bottom": 1470000.0, "grid_x": "G 0", "grid_y": "C 7" }, "geometry": { "type": "LineString", "coordinates": [ [ -5000000.0, 1470000.0 ], [ 5200000.0, 1470000.0 ] ] } },
{ "type": "Feature", "properties": { "id": 55, "left": -5000000.0, "top": 1460000.0, "right": 5200000.0, "bottom": 1460000.0, "grid_x": "G 0", "grid_y": "C 6" }, "geometry": { "type": "LineString", "coordinates": [ [ -5000000.0, 1460000.0 ], [ 5200000.0, 1460000.0 ] ] } },
{ "type": "Feature", "properties": { "id": 56, "left": -5000000.0, "top": 1450000.0, "right": 5200000.0, "bottom": 1450000.0, "grid_x": "G 0", "grid_y": "C 5" }, "geometry": { "type": "LineString", "coordinates": [ [ -5000000.0, 1450000.0 ], [ 5200000.0, 1450000.0 ] ] } },
{ "type": "Feature", "properties": { "id": 57, "left": -5000000.0, "top": 1440000.0, "right": 5200000.0, "bottom": 1440000.0, "grid_x": "G 0", "grid_y": "C 4" }, "geometry": { "type": "LineString", "coordinates": [ [ -5000000.0, 1440000.0 ], [ 5200000.0, 1440000.0 ] ] } },
{ "type": "Feature", "properties": { "id": 58, "left": -5000000.0, "top": 1430000.0, "right": 5200000.0, "bottom": 1430000.0, "grid_x": "G 0", "grid_y": "C 3" }, "geometry": { "type": "LineString", "coordinates": [ [ -5000000.0, 1430000.0 ], [ 5200000.0, 1430000.0 ] ] } },
{ "type": "Feature", "properties": { "id": 59, "left": -5000000.0, "top": 1420000.0, "right": 5200000.0, "bottom": 1420000.0, "grid_x": "G 0", "grid_y": "C 2" }, "geometry": { "type": "LineString", "coordinates": [ [ -5000000.0, 1420000.0 ], [ 5200000.0, 1420000.0 ] ] } },
{ "type": "Feature", "properties": { "id": 60, "left": -5000000.0, "top": 1410000.0, "right": 5200000.0, "bottom": 1410000.0, "grid_x": "G 0", "grid_y": "C 1" }, "geometry": { "type": "LineString", "coordinates": [ [ -5000000.0, 1410000.0 ], [ 5200000.0, 1410000.0 ] ] } },
{ "type": "Feature", "properties": { "id": 61, "left": -5000000.0, "top": 1400000.0, "right": 5200000.0, "bottom": 1400000.0, "grid_x": "G 0", "grid_y": "C 0" }, "geometry": { "type": "LineString", "coordinates": [ [ -5000000.0, 1400000.0 ], [ 5200000.0, 1400000.0 ] ] } },
{ "type": "Feature", "properties": { "id": 62, "left": -5000000.0, "top": 1390000.0, "right": 5200000.0, "bottom": 1390000.0, "grid_x": "G 0", "grid_y": "B 9" }, "geometry": { "type": "LineString", "coordinates": [ [ -5000000.0, 1390000.0 ], [ 5200000.0, 1390000.0 ] ] } },
{ "type": "Feature", "properties": { "id": 63, "left": -5000000.0, "top": 1380000.0, "right": 5200000.0, "bottom": 1380000.0, "grid_x": "G 0", "grid_y": "B 8" }, "geometry": { "type": "LineString", "coordinates": [ [ -5000000.0, 1380000.0 ], [ 5200000.0, 1380000.0 ] ] } },
{ "type": "Feature", "properties": { "id": 64, "left": -5000000.0, "top": 1370000.0, "right": 5200000.0, "bottom": 1370000.0, "grid_x": "G 0", "grid_y": "B 7" }, "geometry": { "type": "LineString", "coordinates": [ [ -5000000.0, 1370000.0 ], [ 5200000.0, 1370000.0 ] ] } },
{ "type": "Feature", "properties": { "id": 65, "left": -5000000.0, "top": 1360000.0, "right": 5200000.0, "bottom": 1360000.0, "grid_x": "G 0", "grid_y": "B 6" }, "geometry": { "type": "LineString", "coordinates": [ [ -5000000.0, 1360000.0 ], [ 5200000.0, 1360000.0 ] ] } },
{ "type": "Feature", "properties": { "id": 66, "left": -5000000.0, "top": 1350000.0, "right": 5200000.0, "bottom": 1350000.0, "grid_x": "G 0", "grid_y": "B 5" }, "geometry": { "type": "LineString", "coordinates": [ [ -5000000.0, 1350000.0 ], [ 5200000.0, 1350000.0 ] ] } },
{ "type": "Feature", "properties": { "id": 67, "left": -5000000.0, "top": 1340000.0, "right": 5200000.0, "bottom": 1340000.0, "grid_x": "G 0", "grid_y": "B 4" }, "geometry": { "type": "LineString", "coordinates": [ [ -5000000.0, 1340000.0 ], [ 5200000.0, 1340000.0 ] ] } },
{ "type": "Feature", "properties": { "id": 68, "left": -5000000.0, "top": 1330000.0, "right": 5200000.0, "bottom": 1330000.0, "grid_x": "G 0", "grid_y": "B 3" }, "geometry": { "type": "LineString", "coordinates": [ [ -5000000.0, 1330000.0 ], [ 5200000.0, 1330000.0 ] ] } },
{ "type": "Feature", "properties": { "id": 69, "left": -5000000.0, "top": 1320000.0, "right": 5200000.0, "bottom": 1320000.0, "grid_x": "G 0", "grid_y": "B 2" }, "geometry": { "type": "LineString", "coordinates": [ [ -5000000.0, 1320000.0 ], [ 5200000.0, 1320000.0 ] ] } },
{ "type": "Feature", "properties": { "id": 70, "left": -5000000.0, "top": 1310000.0, "right": 5200000.0, "bottom": 1310000.0, "grid_x": "G 0", "grid_y": "B 1" }, "geometry": { "type": "LineString", "coordinates": [ [ -5000000.0, 1310000.0 ], [ 5200000.0, 1310000.0 ] ] } },
{ "type": "Feature", "properties": { "id": 71, "left": -5000000.0, "top": 1300000.0, "right": 5200000.0, "bottom": 1300000.0, "grid_x": "G 0", "grid_y": "B 0" }, "geometry": { "type": "LineString", "coordinates": [ [ -5000000.0, 1300000.0 ], [ 5200000.0, 1300000.0 ] ] } },
{ "type": "Feature", "properties": { "id": 72, "left": -5000000.0, "top": 1290000.0, "right": 5200000.0, "bottom": 1290000.0, "grid_x": "G 0", "grid_y": "A 9" }, "geometry": { "type": "LineString", "coordinates": [ [ -5000000.0, 1290000.0 ], [ 5200000.0, 1290000.0 ] ] } },
{ "type": "Feature", "properties": { "id": 73, "left": -5000000.0, "top": 1280000.0, "right": 5200000.0, "bottom": 1280000.0, "grid_x": "G 0", "grid_y": "A 8" }, "geometry": { "type": "LineString", "coordinates": [ [ -5000000.0, 1280000.0 ], [ 5200000.0, 1280000.0 ] ] } },
{ "type": "Feature", "properties": { "id": 74, "left": -5000000.0, "top": 1270000.0, "right": 5200000.0, "bottom": 1270000.0, "grid_x": "G 0", "grid_y": "A 7" }, "geometry": { "type": "LineString", "coordinates": [ [ -5000000.0, 1270000.0 ], [ 5200000.0, 1270000.0 ] ] } },
{ "type": "Feature", "properties": { "id": 75, "left": -5000000.0, "top": 1260000.0, "right": 5200000.0, "bottom": 1260000.0, "grid_x": "G 0", "grid_y": "A 6" }, "geometry": { "type": "LineString", "coordinates": [ [ -5000000.0, 1260000.0 ], [ 5200000.0, 1260000.0 ] ] } },
{ "type": "Feature", "properties": { "id": 76, "left": -5000000.0, "top": 1250000.0, "right": 5200000.0, "bottom": 1250000.0, "grid_x": "G 0", "grid_y": "A 5" }, "geometry": { "type": "LineString", "coordinates": [ [ -5000000.0, 1250000.0 ], [ 5200000.0, 1250000.0 ] ] } },
{ "type": "Feature", "properties": { "id": 77, "left": -5000000.0, "top": 1240000.0, "right": 5200000.0, "bottom": 1240000.0, "grid_x": "G 0", "grid_y": "A 4" }, "geometry": { "type": "LineString", "coordinates": [ [ -5000000.0, 1240000.0 ], [ 5200000.0, 1240000.0 ] ] } },
{ "type": "Feature", "properties": { "id": 78, "left": -5000000.0, "top": 1230000.0, "right": 5200000.0, "bottom": 1230000.0, "grid_x": "G 0", "grid_y": "A 3" }, "geometry": { "type": "LineString", "coordinates": [ [ -5000000.0, 1230000.0 ], [ 5200000.0, 1230000.0 ] ] } },
{ "type": "Feature", "properties": { "id": 79, "left": -5000000.0, "top": 1220000.0, "right": 5200000.0, "bottom": 1220000.0, "grid_x": "G 0", "grid_y": "A 2" }, "geometry": { "type": "LineString", "coordinates": [ [ -5000000.0, 1220000.0 ], [ 5200000.0, 1220000.0 ] ] } },
{ "type": "Feature", "properties": { "id": 80, "left": -5000000.0, "top": 1210000.0, "right": 5200000.0, "bottom": 1210000.0, "grid_x": "G 0", "grid_y": "A 1" }, "geometry": { "type": "LineString", "coordinates": [ [ -5000000.0, 1210000.0 ], [ 5200000.0, 1210000.0 ] ] } },
{ "type": "Feature", "properties": { "id": 81, "left": -5000000.0, "top": 1200000.0, "right": 5200000.0, "bottom": 1200000.0, "grid_x": "G 0", "grid_y": "A 0" }, "geometry": { "type": "LineString", "coordinates": [ [ -5000000.0, 1200000.0 ], [ 5200000.0, 1200000.0 ] ] } },
{ "type": "Feature", "properties": { "id": 82, "left": -5000000.0, "top": 1190000.0, "right": 5200000.0, "bottom": 1190000.0, "grid_x": "G 0", "grid_y": "Z 9" }, "geometry": { "type": "LineString", "coordinates": [ [ -5000000.0, 1190000.0 ], [ 5200000.0, 1190000.0 ] ] } },
{ "type": "Feature", "properties": { "id": 83, "left": -5000000.0, "top": 1180000.0, "right": 5200000.0, "bottom": 1180000.0, "grid_x": "G 0", "grid_y": "Z 8" }, "geometry": { "type": "LineString", "coordinates": [ [ -5000000.0, 1180000.0 ], [ 5200000.0, 1180000.0 ] ] } },
{ "type": "Feature", "properties": { "id": 84, "left": -5000000.0, "top": 1170000.0, "right": 5200000.0, "bottom": 1170000.0, "grid_x": "G 0", "grid_y": "Z 7" }, "geometry": { "type": "LineString", "coordinates": [ [ -5000000.0, 1170000.0 ], [ 5200000.0, 1170000.0 ] ] } },
{ "type": "Feature", "properties": { "id": 85, "left": -5000000.0, "top": 1160000.0, "right": 5200000.0, "bottom": 1160000.0, "grid_x": "G 0", "grid_y": "Z 6" }, "geometry": { "type": "LineString", "coordinates": [ [ -5000000.0, 1160000.0 ], [ 5200000.0, 1160000.0 ] ] } },
{ "type": "Feature", "properties": { "id": 86, "left": -5000000.0, "top": 1150000.0, "right": 5200000.0, "bottom": 1150000.0, "grid_x": "G 0", "grid_y": "Z 5" }, "geometry": { "type": "LineString", "coordinates": [ [ -5000000.0, 1150000.0 ], [ 5200000.0, 1150000.0 ] ] } },
{ "type": "Feature", "properties": { "id": 87, "left": -5000000.0, "top": 1140000.0, "right": 5200000.0, "bottom": 1140000.0, "grid_x": "G 0", "grid_y": "Z 4" }, "geometry": { "type": "LineString", "coordinates": [ [ -5000000.0, 1140000.0 ], [ 5200000.0, 1140000.0 ] ] } },
{ "type": "Feature", "properties": { "id": 88, "left": -5000000.0, "top": 1130000.0, "right": 5200000.0, "bottom": 1130000.0, "grid_x": "G 0", "grid_y": "Z 3" }, "geometry": { "type": "LineString", "coordinates": [ [ -5000000.0, 1130000.0 ], [ 5200000.0, 1130000.0 ] ] } },
{ "type": "Feature", "properties": { "id": 89, "left": -5000000.0, "top": 1120000.0, "right": 5200000.0, "bottom": 1120000.0, "grid_x": "G 0", "grid_y": "Z 2" }, "geometry": { "type": "LineString", "coordinates": [ [ -5000000.0, 1120000.0 ], [ 5200000.0, 1120000.0 ] ] } },
{ "type": "Feature", "properties": { "id": 90, "left": -5000000.0, "top": 1110000.0, "right": 5200000.0, "bottom": 1110000.0, "grid_x": "G 0", "grid_y": "Z 1" }, "geometry": { "type": "LineString", "coordinates": [ [ -5000000.0, 1110000.0 ], [ 5200000.0, 1110000.0 ] ] } },
{ "type": "Feature", "properties": { "id": 91, "left": -5000000.0, "top": 1100000.0, "right": 5200000.0, "bottom": 1100000.0, "grid_x": "G 0", "grid_y": "Z 0" }, "geometry": { "type": "LineString", "coordinates": [ [ -5000000.0, 1100000.0 ], [ 5200000.0, 1100000.0 ] ] } },
{ "type": "Feature", "properties": { "id": 92, "left": -5000000.0, "top": 1090000.0, "right": 5200000.0, "bottom": 1090000.0, "grid_x": "G 0", "grid_y": "Y 9" }, "geometry": { "type": "LineString", "coordinates": [ [ -5000000.0, 1090000.0 ], [ 5200000.0, 1090000.0 ] ] } },
{ "type": "Feature", "properties": { "id": 93, "left": -5000000.0, "top": 1080000.0, "right": 5200000.0, "bottom": 1080000.0, "grid_x": "G 0", "grid_y": "Y 8" }, "geometry": { "type": "LineString", "coordinates": [ [ -5000000.0, 1080000.0 ], [ 5200000.0, 1080000.0 ] ] } },
{ "type": "Feature", "properties": { "id": 94, "left": -5000000.0, "top": 1070000.0, "right": 5200000.0, "bottom": 1070000.0, "grid_x": "G 0", "grid_y": "Y 7" }, "geometry": { "type": "LineString", "coordinates": [ [ -5000000.0, 1070000.0 ], [ 5200000.0, 1070000.0 ] ] } },
{ "type": "Feature", "properties": { "id": 95, "left": -5000000.0, "top": 1060000.0, "right": 5200000.0, "bottom": 1060000.0, "grid_x": "G 0", "grid_y": "Y 6" }, "geometry": { "type": "LineString", "coordinates": [ [ -5000000.0, 1060000.0 ], [ 5200000.0, 1060000.0 ] ] } },
{ "type": "Feature", "properties": { "id": 96, "left": -5000000.0, "top": 1050000.0, "right": 5200000.0, "bottom": 1050000.0, "grid_x": "G 0", "grid_y": "Y 5" }, "geometry": { "type": "LineString", "coordinates": [ [ -5000000.0, 1050000.0 ], [ 5200000.0, 1050000.0 ] ] } },
{ "type": "Feature", "properties": { "id": 97, "left": -5000000.0, "top": 1040000.0, "right": 5200000.0, "bottom": 1040000.0, "grid_x": "G 0", "grid_y": "Y 4" }, "geometry": { "type": "LineString", "coordinates": [ [ -5000000.0, 1040000.0 ], [ 5200000.0, 1040000.0 ] ] } },
{ "type": "Feature", "properties": { "id": 98, "left": -5000000.0, "top": 1030000.0, "right": 5200000.0, "bottom": 1030000.0, "grid_x": "G 0", "grid_y": "Y 3" }, "geometry": { "type": "LineString", "coordinates": [ [ -5000000.0, 1030000.0 ], [ 5200000.0, 1030000.0 ] ] } },
{ "type": "Feature", "properties": { "id": 99, "left": -5000000.0, "top": 1020000.0, "right": 5200000.0, "bottom": 1020000.0, "grid_x": "G 0", "grid_y": "Y 2" }, "geometry": { "type": "LineString", "coordinates": [ [ -5000000.0, 1020000.0 ], [ 5200000.0, 1020000.0 ] ] } },
{ "type": "Feature", "properties": { "id": 100, "left": -5000000.0, "top": 1010000.0, "right": 5200000.0, "bottom": 1010000.0, "grid_x": "G 0", "grid_y": "Y 1" }, "geometry": { "type": "LineString", "coordinates": [ [ -5000000.0, 1010000.0 ], [ 5200000.0, 1010000.0 ] ] } },
{ "type": "Feature", "properties": { "id": 101, "left": -5000000.0, "top": 1000000.0, "right": 5200000.0, "bottom": 1000000.0, "grid_x": "G 0", "grid_y": "Y 0" }, "geometry": { "type": "LineString", "coordinates": [ [ -5000000.0, 1000000.0 ], [ 5200000.0, 1000000.0 ] ] } },
{ "type": "Feature", "properties": { "id": 102, "left": -5000000.0, "top": 990000.0, "right": 5200000.0, "bottom": 990000.0, "grid_x": "G 0", "grid_y": "X 9" }, "geometry": { "type": "LineString", "coordinates": [ [ -5000000.0, 990000.0 ], [ 5200000.0, 990000.0 ] ] } },
{ "type": "Feature", "properties": { "id": 103, "left": -5000000.0, "top": 980000.0, "right": 5200000.0, "bottom": 980000.0, "grid_x": "G 0", "grid_y": "X 8" }, "geometry": { "type": "LineString", "coordinates": [ [ -5000000.0, 980000.0 ], [ 5200000.0, 980000.0 ] ] } },
{ "type": "Feature", "properties": { "id": 104, "left": -5000000.0, "top": 970000.0, "right": 5200000.0, "bottom": 970000.0, "grid_x": "G 0", "grid_y": "X 7" }, "geometry": { "type": "LineString", "coordinates": [ [ -5000000.0, 970000.0 ], [ 5200000.0, 970000.0 ] ] } },
{ "type": "Feature", "properties": { "id": 105, "left": -5000000.0, "top": 960000.0, "right": 5200000.0, "bottom": 960000.0, "grid_x": "G 0", "grid_y": "X 6" }, "geometry": { "type": "LineString", "coordinates": [ [ -5000000.0, 960000.0 ], [ 5200000.0, 960000.0 ] ] } },
{ "type": "Feature", "properties": { "id": 106, "left": -5000000.0, "top": 950000.0, "right": 5200000.0, "bottom": 950000.0, "grid_x": "G 0", "grid_y": "X 5" }, "geometry": { "type": "LineString", "coordinates": [ [ -5000000.0, 950000.0 ], [ 5200000.0, 950000.0 ] ] } },
{ "type": "Feature", "properties": { "id": 107, "left": -5000000.0, "top": 940000.0, "right": 5200000.0, "bottom": 940000.0, "grid_x": "G 0", "grid_y": "X 4" }, "geometry": { "type": "LineString", "coordinates": [ [ -5000000.0, 940000.0 ], [ 5200000.0, 940000.0 ] ] } },
{ "type": "Feature", "properties": { "id": 108, "left": -5000000.0, "top": 930000.0, "right": 5200000.0, "bottom": 930000.0, "grid_x": "G 0", "grid_y": "X 3" }, "geometry": { "type": "LineString", "coordinates": [ [ -5000000.0, 930000.0 ], [ 5200000.0, 930000.0 ] ] } },
{ "type": "Feature", "properties": { "id": 109, "left": -5000000.0, "top": 920000.0, "right": 5200000.0, "bottom": 920000.0, "grid_x": "G 0", "grid_y": "X 2" }, "geometry": { "type": "LineString", "coordinates": [ [ -5000000.0, 920000.0 ], [ 5200000.0, 920000.0 ] ] } },
{ "type": "Feature", "properties": { "id": 110, "left": -5000000.0, "top": 910000.0, "right": 5200000.0, "bottom": 910000.0, "grid_x": "G 0", "grid_y": "X 1" }, "geometry": { "type": "LineString", "coordinates": [ [ -5000000.0, 910000.0 ], [ 5200000.0, 910000.0 ] ] } },
{ "type": "Feature", "properties": { "id": 111, "left": -5000000.0, "top": 900000.0, "right": 5200000.0, "bottom": 900000.0, "grid_x": "G 0", "grid_y": "X 0" }, "geometry": { "type": "LineString", "coordinates": [ [ -5000000.0, 900000.0 ], [ 5200000.0, 900000.0 ] ] } },
{ "type": "Feature", "properties": { "id": 112, "left": -5000000.0, "top": 890000.0, "right": 5200000.0, "bottom": 890000.0, "grid_x": "G 0", "grid_y": "W 9" }, "geometry": { "type": "LineString", "coordinates": [ [ -5000000.0, 890000.0 ], [ 5200000.0, 890000.0 ] ] } },
{ "type": "Feature", "properties": { "id": 113, "left": -5000000.0, "top": 880000.0, "right": 5200000.0, "bottom": 880000.0, "grid_x": "G 0", "grid_y": "W 8" }, "geometry": { "type": "LineString", "coordinates": [ [ -5000000.0, 880000.0 ], [ 5200000.0, 880000.0 ] ] } },
{ "type": "Feature", "properties": { "id": 114, "left": -5000000.0, "top": 870000.0, "right": 5200000.0, "bottom": 870000.0, "grid_x": "G 0", "grid_y": "W 7" }, "geometry": { "type": "LineString", "coordinates": [ [ -5000000.0, 870000.0 ], [ 5200000.0, 870000.0 ] ] } },
{ "type": "Feature", "properties": { "id": 115, "left": -5000000.0, "top": 860000.0, "right": 5200000.0, "bottom": 860000.0, "grid_x": "G 0", "grid_y": "W 6" }, "geometry": { "type": "LineString", "coordinates": [ [ -5000000.0, 860000.0 ], [ 5200000.0, 860000.0 ] ] } },
{ "type": "Feature", "properties": { "id": 116, "left": -5000000.0, "top": 850000.0, "right": 5200000.0, "bottom": 850000.0, "grid_x": "G 0", "grid_y": "W 5" }, "geometry": { "type": "LineString", "coordinates": [ [ -5000000.0, 850000.0 ], [ 5200000.0, 850000.0 ] ] } },
{ "type": "Feature", "properties": { "id": 117, "left": -5000000.0, "top": 840000.0, "right": 5200000.0, "bottom": 840000.0, "grid_x": "G 0", "grid_y": "W 4" }, "geometry": { "type": "LineString", "coordinates": [ [ -5000000.0, 840000.0 ], [ 5200000.0, 840000.0 ] ] } },
{ "type": "Feature", "properties": { "id": 118, "left": -5000000.0, "top": 830000.0, "right": 5200000.0, "bottom": 830000.0, "grid_x": "G 0", "grid_y": "W 3" }, "geometry": { "type": "LineString", "coordinates": [ [ -5000000.0, 830000.0 ], [ 5200000.0, 830000.0 ] ] } },
{ "type": "Feature", "properties": { "id": 119, "left": -5000000.0, "top": 820000.0, "right": 5200000.0, "bottom": 820000.0, "grid_x": "G 0", "grid_y": "W 2" }, "geometry": { "type": "LineString", "coordinates": [ [ -5000000.0, 820000.0 ], [ 5200000.0, 820000.0 ] ] } },
{ "type": "Feature", "properties": { "id": 120, "left": -5000000.0, "top": 810000.0, "right": 5200000.0, "bottom": 810000.0, "grid_x": "G 0", "grid_y": "W 1" }, "geometry": { "type": "LineString", "coordinates": [ [ -5000000.0, 810000.0 ], [ 5200000.0, 810000.0 ] ] } },
{ "type": "Feature", "properties": { "id": 121, "left": -5000000.0, "top": 800000.0, "right": 5200000.0, "bottom": 800000.0, "grid_x": "G 0", "grid_y": "W 0" }, "geometry": { "type": "LineString", "coordinates": [ [ -5000000.0, 800000.0 ], [ 5200000.0, 800000.0 ] ] } },
{ "type": "Feature", "properties": { "id": 122, "left": -5000000.0, "top": 790000.0, "right": 5200000.0, "bottom": 790000.0, "grid_x": "G 0", "grid_y": "V 9" }, "geometry": { "type": "LineString", "coordinates": [ [ -5000000.0, 790000.0 ], [ 5200000.0, 790000.0 ] ] } },
{ "type": "Feature", "properties": { "id": 123, "left": -5000000.0, "top": 780000.0, "right": 5200000.0, "bottom": 780000.0, "grid_x": "G 0", "grid_y": "V 8" }, "geometry": { "type": "LineString", "coordinates": [ [ -5000000.0, 780000.0 ], [ 5200000.0, 780000.0 ] ] } },
{ "type": "Feature", "properties": { "id": 124, "left": -5000000.0, "top": 770000.0, "right": 5200000.0, "bottom": 770000.0, "grid_x": "G 0", "grid_y": "V 7" }, "geometry": { "type": "LineString", "coordinates": [ [ -5000000.0, 770000.0 ], [ 5200000.0, 770000.0 ] ] } },
{ "type": "Feature", "properties": { "id": 125, "left": -5000000.0, "top": 760000.0, "right": 5200000.0, "bottom": 760000.0, "grid_x": "G 0", "grid_y": "V 6" }, "geometry": { "type": "LineString", "coordinates": [ [ -5000000.0, 760000.0 ], [ 5200000.0, 760000.0 ] ] } },
{ "type": "Feature", "properties": { "id": 126, "left": -5000000.0, "top": 750000.0, "right": 5200000.0, "bottom": 750000.0, "grid_x": "G 0", "grid_y": "V 5" }, "geometry": { "type": "LineString", "coordinates": [ [ -5000000.0, 750000.0 ], [ 5200000.0, 750000.0 ] ] } },
{ "type": "Feature", "properties": { "id": 127, "left": -5000000.0, "top": 740000.0, "right": 5200000.0, "bottom": 740000.0, "grid_x": "G 0", "grid_y": "V 4" }, "geometry": { "type": "LineString", "coordinates": [ [ -5000000.0, 740000.0 ], [ 5200000.0, 740000.0 ] ] } },
{ "type": "Feature", "properties": { "id": 128, "left": -5000000.0, "top": 730000.0, "right": 5200000.0, "bottom": 730000.0, "grid_x": "G 0", "grid_y": "V 3" }, "geometry": { "type": "LineString", "coordinates": [ [ -5000000.0, 730000.0 ], [ 5200000.0, 730000.0 ] ] } },
{ "type": "Feature", "properties": { "id": 129, "left": -5000000.0, "top": 720000.0, "right": 5200000.0, "bottom": 720000.0, "grid_x": "G 0", "grid_y": "V 2" }, "geometry": { "type": "LineString", "coordinates": [ [ -5000000.0, 720000.0 ], [ 5200000.0, 720000.0 ] ] } },
{ "type": "Feature", "properties": { "id": 130, "left": -5000000.0, "top": 710000.0, "right": 5200000.0, "bottom": 710000.0, "grid_x": "G 0", "grid_y": "V 1" }, "geometry": { "type": "LineString", "coordinates": [ [ -5000000.0, 710000.0 ], [ 5200000.0, 710000.0 ] ] } },
{ "type": "Feature", "properties": { "id": 131, "left": -5000000.0, "top": 700000.0, "right": 5200000.0, "bottom": 700000.0, "grid_x": "G 0", "grid_y": "V 0" }, "geometry": { "type": "LineString", "coordinates": [ [ -5000000.0, 700000.0 ], [ 5200000.0, 700000.0 ] ] } },
{ "type": "Feature", "properties": { "id": 132, "left": -5000000.0, "top": 690000.0, "right": 5200000.0, "bottom": 690000.0, "grid_x": "G 0", "grid_y": "U 9" }, "geometry": { "type": "LineString", "coordinates": [ [ -5000000.0, 690000.0 ], [ 5200000.0, 690000.0 ] ] } },
{ "type": "Feature", "properties": { "id": 133, "left": -5000000.0, "top": 680000.0, "right": 5200000.0, "bottom": 680000.0, "grid_x": "G 0", "grid_y": "U 8" }, "geometry": { "type": "LineString", "coordinates": [ [ -5000000.0, 680000.0 ], [ 5200000.0, 680000.0 ] ] } },
{ "type": "Feature", "properties": { "id": 134, "left": -5000000.0, "top": 670000.0, "right": 5200000.0, "bottom": 670000.0, "grid_x": "G 0", "grid_y": "U 7" }, "geometry": { "type": "LineString", "coordinates": [ [ -5000000.0, 670000.0 ], [ 5200000.0, 670000.0 ] ] } },
{ "type": "Feature", "properties": { "id": 135, "left": -5000000.0, "top": 660000.0, "right": 5200000.0, "bottom": 660000.0, "grid_x": "G 0", "grid_y": "U 6" }, "geometry": { "type": "LineString", "coordinates": [ [ -5000000.0, 660000.0 ], [ 5200000.0, 660000.0 ] ] } },
{ "type": "Feature", "properties": { "id": 136, "left": -5000000.0, "top": 650000.0, "right": 5200000.0, "bottom": 650000.0, "grid_x": "G 0", "grid_y": "U 5" }, "geometry": { "type": "LineString", "coordinates": [ [ -5000000.0, 650000.0 ], [ 5200000.0, 650000.0 ] ] } },
{ "type": "Feature", "properties": { "id": 137, "left": -5000000.0, "top": 640000.0, "right": 5200000.0, "bottom": 640000.0, "grid_x": "G 0", "grid_y": "U 4" }, "geometry": { "type": "LineString", "coordinates": [ [ -5000000.0, 640000.0 ], [ 5200000.0, 640000.0 ] ] } },
{ "type": "Feature", "properties": { "id": 138, "left": -5000000.0, "top": 630000.0, "right": 5200000.0, "bottom": 630000.0, "grid_x": "G 0", "grid_y": "U 3" }, "geometry": { "type": "LineString", "coordinates": [ [ -5000000.0, 630000.0 ], [ 5200000.0, 630000.0 ] ] } },
{ "type": "Feature", "properties": { "id": 139, "left": -5000000.0, "top": 620000.0, "right": 5200000.0, "bottom": 620000.0, "grid_x": "G 0", "grid_y": "U 2" }, "geometry": { "type": "LineString", "coordinates": [ [ -5000000.0, 620000.0 ], [ 5200000.0, 620000.0 ] ] } },
{ "type": "Feature", "properties": { "id": 140, "left": -5000000.0, "top": 610000.0, "right": 5200000.0, "bottom": 610000.0, "grid_x": "G 0", "grid_y": "U 1" }, "geometry": { "type": "LineString", "coordinates": [ [ -5000000.0, 610000.0 ], [ 5200000.0, 610000.0 ] ] } },
{ "type": "Feature", "properties": { "id": 141, "left": -5000000.0, "top": 600000.0, "right": 5200000.0, "bottom": 600000.0, "grid_x": "G 0", "grid_y": "U 0" }, "geometry": { "type": "LineString", "coordinates": [ [ -5000000.0, 600000.0 ], [ 5200000.0, 600000.0 ] ] } },
{ "type": "Feature", "properties": { "id": 142, "left": -5000000.0, "top": 590000.0, "right": 5200000.0, "bottom": 590000.0, "grid_x": "G 0", "grid_y": "T 9" }, "geometry": { "type": "LineString", "coordinates": [ [ -5000000.0, 590000.0 ], [ 5200000.0, 590000.0 ] ] } },
{ "type": "Feature", "properties": { "id": 143, "left": -5000000.0, "top": 580000.0, "right": 5200000.0, "bottom": 580000.0, "grid_x": "G 0", "grid_y": "T 8" }, "geometry": { "type": "LineString", "coordinates": [ [ -5000000.0, 580000.0 ], [ 5200000.0, 580000.0 ] ] } },
{ "type": "Feature", "properties": { "id": 144, "left": -5000000.0, "top": 570000.0, "right": 5200000.0, "bottom": 570000.0, "grid_x": "G 0", "grid_y": "T 7" }, "geometry": { "type": "LineString", "coordinates": [ [ -5000000.0, 570000.0 ], [ 5200000.0, 570000.0 ] ] } },
{ "type": "Feature", "properties": { "id": 145, "left": -5000000.0, "top": 560000.0, "right": 5200000.0, "bottom": 560000.0, "grid_x": "G 0", "grid_y": "T 6" }, "geometry": { "type": "LineString", "coordinates": [ [ -5000000.0, 560000.0 ], [ 5200000.0, 560000.0 ] ] } },
{ "type": "Feature", "properties": { "id": 146, "left": -5000000.0, "top": 550000.0, "right": 5200000.0, "bottom": 550000.0, "grid_x": "G 0", "grid_y": "T 5" }, "geometry": { "type": "LineString", "coordinates": [ [ -5000000.0, 550000.0 ], [ 5200000.0, 550000.0 ] ] } },
{ "type": "Feature", "properties": { "id": 147, "left": -5000000.0, "top": 540000.0, "right": 5200000.0, "bottom": 540000.0, "grid_x": "G 0", "grid_y": "T 4" }, "geometry": { "type": "LineString", "coordinates": [ [ -5000000.0, 540000.0 ], [ 5200000.0, 540000.0 ] ] } },
{ "type": "Feature", "properties": { "id": 148, "left": -5000000.0, "top": 530000.0, "right": 5200000.0, "bottom": 530000.0, "grid_x": "G 0", "grid_y": "T 3" }, "geometry": { "type": "LineString", "coordinates": [ [ -5000000.0, 530000.0 ], [ 5200000.0, 530000.0 ] ] } },
{ "type": "Feature", "properties": { "id": 149, "left": -5000000.0, "top": 520000.0, "right": 5200000.0, "bottom": 520000.0, "grid_x": "G 0", "grid_y": "T 2" }, "geometry": { "type": "LineString", "coordinates": [ [ -5000000.0, 520000.0 ], [ 5200000.0, 520000.0 ] ] } },
{ "type": "Feature", "properties": { "id": 150, "left": -5000000.0, "top": 510000.0, "right": 5200000.0, "bottom": 510000.0, "grid_x": "G 0", "grid_y": "T 1" }, "geometry": { "type": "LineString", "coordinates": [ [ -5000000.0, 510000.0 ], [ 5200000.0, 510000.0 ] ] } },
{ "type": "Feature", "properties": { "id": 151, "left": -5000000.0, "top": 500000.0, "right": 5200000.0, "bottom": 500000.0, "grid_x": "G 0", "grid_y": "T 0" }, "geometry": { "type": "LineString", "coordinates": [ [ -5000000.0, 500000.0 ], [ 5200000.0, 500000.0 ] ] } },
{ "type": "Feature", "properties": { "id": 152, "left": -5000000.0, "top": 490000.0, "right": 5200000.0, "bottom": 490000.0, "grid_x": "G 0", "grid_y": "S 9" }, "geometry": { "type": "LineString", "coordinates": [ [ -5000000.0, 490000.0 ], [ 5200000.0, 490000.0 ] ] } },
{ "type": "Feature", "properties": { "id": 153, "left": -5000000.0, "top": 480000.0, "right": 5200000.0, "bottom": 480000.0, "grid_x": "G 0", "grid_y": "S 8" }, "geometry": { "type": "LineString", "coordinates": [ [ -5000000.0, 480000.0 ], [ 5200000.0, 480000.0 ] ] } },
{ "type": "Feature", "properties": { "id": 154, "left": -5000000.0, "top": 470000.0, "right": 5200000.0, "bottom": 470000.0, "grid_x": "G 0", "grid_y": "S 7" }, "geometry": { "type": "LineString", "coordinates": [ [ -5000000.0, 470000.0 ], [ 5200000.0, 470000.0 ] ] } },
{ "type": "Feature", "properties": { "id": 155, "left": -5000000.0, "top": 460000.0, "right": 5200000.0, "bottom": 460000.0, "grid_x": "G 0", "grid_y": "S 6" }, "geometry": { "type": "LineString", "coordinates": [ [ -5000000.0, 460000.0 ], [ 5200000.0, 460000.0 ] ] } },
{ "type": "Feature", "properties": { "id": 156, "left": -5000000.0, "top": 450000.0, "right": 5200000.0, "bottom": 450000.0, "grid_x": "G 0", "grid_y": "S 5" }, "geometry": { "type": "LineString", "coordinates": [ [ -5000000.0, 450000.0 ], [ 5200000.0, 450000.0 ] ] } },
{ "type": "Feature", "properties": { "id": 157, "left": -5000000.0, "top": 440000.0, "right": 5200000.0, "bottom": 440000.0, "grid_x": "G 0", "grid_y": "S 4" }, "geometry": { "type": "LineString", "coordinates": [ [ -5000000.0, 440000.0 ], [ 5200000.0, 440000.0 ] ] } },
{ "type": "Feature", "properties": { "id": 158, "left": -5000000.0, "top": 430000.0, "right": 5200000.0, "bottom": 430000.0, "grid_x": "G 0", "grid_y": "S 3" }, "geometry": { "type": "LineString", "coordinates": [ [ -5000000.0, 430000.0 ], [ 5200000.0, 430000.0 ] ] } },
{ "type": "Feature", "properties": { "id": 159, "left": -5000000.0, "top": 420000.0, "right": 5200000.0, "bottom": 420000.0, "grid_x": "G 0", "grid_y": "S 2" }, "geometry": { "type": "LineString", "coordinates": [ [ -5000000.0, 420000.0 ], [ 5200000.0, 420000.0 ] ] } },
{ "type": "Feature", "properties": { "id": 160, "left": -5000000.0, "top": 410000.0, "right": 5200000.0, "bottom": 410000.0, "grid_x": "G 0", "grid_y": "S 1" }, "geometry": { "type": "LineString", "coordinates": [ [ -5000000.0, 410000.0 ], [ 5200000.0, 410000.0 ] ] } },
{ "type": "Feature", "properties": { "id": 161, "left": -5000000.0, "top": 400000.0, "right": 5200000.0, "bottom": 400000.0, "grid_x": "G 0", "grid_y": "S 0" }, "geometry": { "type": "LineString", "coordinates": [ [ -5000000.0, 400000.0 ], [ 5200000.0, 400000.0 ] ] } },
{ "type": "Feature", "properties": { "id": 162, "left": -5000000.0, "top": 390000.0, "right": 5200000.0, "bottom": 390000.0, "grid_x": "G 0", "grid_y": "R 9" }, "geometry": { "type": "LineString", "coordinates": [ [ -5000000.0, 390000.0 ], [ 5200000.0, 390000.0 ] ] } },
{ "type": "Feature", "properties": { "id": 163, "left": -5000000.0, "top": 380000.0, "right": 5200000.0, "bottom": 380000.0, "grid_x": "G 0", "grid_y": "R 8" }, "geometry": { "type": "LineString", "coordinates": [ [ -5000000.0, 380000.0 ], [ 5200000.0, 380000.0 ] ] } },
{ "type": "Feature", "properties": { "id": 164, "left": -5000000.0, "top": 370000.0, "right": 5200000.0, "bottom": 370000.0, "grid_x": "G 0", "grid_y": "R 7" }, "geometry": { "type": "LineString", "coordinates": [ [ -5000000.0, 370000.0 ], [ 5200000.0, 370000.0 ] ] } },
{ "type": "Feature", "properties": { "id": 165, "left": -5000000.0, "top": 360000.0, "right": 5200000.0, "bottom": 360000.0, "grid_x": "G 0", "grid_y": "R 6" }, "geometry": { "type": "LineString", "coordinates": [ [ -5000000.0, 360000.0 ], [ 5200000.0, 360000.0 ] ] } },
{ "type": "Feature", "properties": { "id": 166, "left": -5000000.0, "top": 350000.0, "right": 5200000.0, "bottom": 350000.0, "grid_x": "G 0", "grid_y": "R 5" }, "geometry": { "type": "LineString", "coordinates": [ [ -5000000.0, 350000.0 ], [ 5200000.0, 350000.0 ] ] } },
{ "type": "Feature", "properties": { "id": 167, "left": -5000000.0, "top": 340000.0, "right": 5200000.0, "bottom": 340000.0, "grid_x": "G 0", "grid_y": "R 4" }, "geometry": { "type": "LineString", "coordinates": [ [ -5000000.0, 340000.0 ], [ 5200000.0, 340000.0 ] ] } },
{ "type": "Feature", "properties": { "id": 168, "left": -5000000.0, "top": 330000.0, "right": 5200000.0, "bottom": 330000.0, "grid_x": "G 0", "grid_y": "R 3" }, "geometry": { "type": "LineString", "coordinates": [ [ -5000000.0, 330000.0 ], [ 5200000.0, 330000.0 ] ] } },
{ "type": "Feature", "properties": { "id": 169, "left": -5000000.0, "top": 320000.0, "right": 5200000.0, "bottom": 320000.0, "grid_x": "G 0", "grid_y": "R 2" }, "geometry": { "type": "LineString", "coordinates": [ [ -5000000.0, 320000.0 ], [ 5200000.0, 320000.0 ] ] } },
{ "type": "Feature", "properties": { "id": 170, "left": -5000000.0, "top": 310000.0, "right": 5200000.0, "bottom": 310000.0, "grid_x": "G 0", "grid_y": "R 1" }, "geometry": { "type": "LineString", "coordinates": [ [ -5000000.0, 310000.0 ], [ 5200000.0, 310000.0 ] ] } },
{ "type": "Feature", "properties": { "id": 171, "left": -5000000.0, "top": 300000.0, "right": 5200000.0, "bottom": 300000.0, "grid_x": "G 0", "grid_y": "R 0" }, "geometry": { "type": "LineString", "coordinates": [ [ -5000000.0, 300000.0 ], [ 5200000.0, 300000.0 ] ] } },
{ "type": "Feature", "properties": { "id": 172, "left": -5000000.0, "top": 290000.0, "right": 5200000.0, "bottom": 290000.0, "grid_x": "G 0", "grid_y": "Q 9" }, "geometry": { "type": "LineString", "coordinates": [ [ -5000000.0, 290000.0 ], [ 5200000.0, 290000.0 ] ] } },
{ "type": "Feature", "properties": { "id": 173, "left": -5000000.0, "top": 280000.0, "right": 5200000.0, "bottom": 280000.0, "grid_x": "G 0", "grid_y": "Q 8" }, "geometry": { "type": "LineString", "coordinates": [ [ -5000000.0, 280000.0 ], [ 5200000.0, 280000.0 ] ] } },
{ "type": "Feature", "properties": { "id": 174, "left": -5000000.0, "top": 270000.0, "right": 5200000.0, "bottom": 270000.0, "grid_x": "G 0", "grid_y": "Q 7" }, "geometry": { "type": "LineString", "coordinates": [ [ -5000000.0, 270000.0 ], [ 5200000.0, 270000.0 ] ] } },
{ "type": "Feature", "properties": { "id": 175, "left": -5000000.0, "top": 260000.0, "right": 5200000.0, "bottom": 260000.0, "grid_x": "G 0", "grid_y": "Q 6" }, "geometry": { "type": "LineString", "coordinates": [ [ -5000000.0, 260000.0 ], [ 5200000.0, 260000.0 ] ] } },
{ "type": "Feature", "properties": { "id": 176, "left": -5000000.0, "top": 250000.0, "right": 5200000.0, "bottom": 250000.0, "grid_x": "G 0", "grid_y": "Q 5" }, "geometry": { "type": "LineString", "coordinates": [ [ -5000000.0, 250000.0 ], [ 5200000.0, 250000.0 ] ] } },
{ "type": "Feature", "properties": { "id": 177, "left": -5000000.0, "top": 240000.0, "right": 5200000.0, "bottom": 240000.0, "grid_x": "G 0", "grid_y": "Q 4" }, "geometry": { "type": "LineString", "coordinates": [ [ -5000000.0, 240000.0 ], [ 5200000.0, 240000.0 ] ] } },
{ "type": "Feature", "properties": { "id": 178, "left": -5000000.0, "top": 230000.0, "right": 5200000.0, "bottom": 230000.0, "grid_x": "G 0", "grid_y": "Q 3" }, "geometry": { "type": "LineString", "coordinates": [ [ -5000000.0, 230000.0 ], [ 5200000.0, 230000.0 ] ] } },
{ "type": "Feature", "properties": { "id": 179, "left": -5000000.0, "top": 220000.0, "right": 5200000.0, "bottom": 220000.0, "grid_x": "G 0", "grid_y": "Q 2" }, "geometry": { "type": "LineString", "coordinates": [ [ -5000000.0, 220000.0 ], [ 5200000.0, 220000.0 ] ] } },
{ "type": "Feature", "properties": { "id": 180, "left": -5000000.0, "top": 210000.0, "right": 5200000.0, "bottom": 210000.0, "grid_x": "G 0", "grid_y": "Q 1" }, "geometry": { "type": "LineString", "coordinates": [ [ -5000000.0, 210000.0 ], [ 5200000.0, 210000.0 ] ] } },
{ "type": "Feature", "properties": { "id": 181, "left": -5000000.0, "top": 200000.0, "right": 5200000.0, "bottom": 200000.0, "grid_x": "G 0", "grid_y": "Q 0" }, "geometry": { "type": "LineString", "coordinates": [ [ -5000000.0, 200000.0 ], [ 5200000.0, 200000.0 ] ] } },
{ "type": "Feature", "properties": { "id": 182, "left": -5000000.0, "top": 190000.0, "right": 5200000.0, "bottom": 190000.0, "grid_x": "G 0", "grid_y": "P 9" }, "geometry": { "type": "LineString", "coordinates": [ [ -5000000.0, 190000.0 ], [ 5200000.0, 190000.0 ] ] } },
{ "type": "Feature", "properties": { "id": 183, "left": -5000000.0, "top": 180000.0, "right": 5200000.0, "bottom": 180000.0, "grid_x": "G 0", "grid_y": "P 8" }, "geometry": { "type": "LineString", "coordinates": [ [ -5000000.0, 180000.0 ], [ 5200000.0, 180000.0 ] ] } },
{ "type": "Feature", "properties": { "id": 184, "left": -5000000.0, "top": 170000.0, "right": 5200000.0, "bottom": 170000.0, "grid_x": "G 0", "grid_y": "P 7" }, "geometry": { "type": "LineString", "coordinates": [ [ -5000000.0, 170000.0 ], [ 5200000.0, 170000.0 ] ] } },
{ "type": "Feature", "properties": { "id": 185, "left": -5000000.0, "top": 160000.0, "right": 5200000.0, "bottom": 160000.0, "grid_x": "G 0", "grid_y": "P 6" }, "geometry": { "type": "LineString", "coordinates": [ [ -5000000.0, 160000.0 ], [ 5200000.0, 160000.0 ] ] } },
{ "type": "Feature", "properties": { "id": 186, "left": -5000000.0, "top": 150000.0, "right": 5200000.0, "bottom": 150000.0, "grid_x": "G 0", "grid_y": "P 5" }, "geometry": { "type": "LineString", "coordinates": [ [ -5000000.0, 150000.0 ], [ 5200000.0, 150000.0 ] ] } },
{ "type": "Feature", "properties": { "id": 187, "left": -5000000.0, "top": 140000.0, "right": 5200000.0, "bottom": 140000.0, "grid_x": "G 0", "grid_y": "P 4" }, "geometry": { "type": "LineString", "coordinates": [ [ -5000000.0, 140000.0 ], [ 5200000.0, 140000.0 ] ] } },
{ "type": "Feature", "properties": { "id": 188, "left": -5000000.0, "top": 130000.0, "right": 5200000.0, "bottom": 130000.0, "grid_x": "G 0", "grid_y": "P 3" }, "geometry": { "type": "LineString", "coordinates": [ [ -5000000.0, 130000.0 ], [ 5200000.0, 130000.0 ] ] } },
{ "type": "Feature", "properties": { "id": 189, "left": -5000000.0, "top": 120000.0, "right": 5200000.0, "bottom": 120000.0, "grid_x": "G 0", "grid_y": "P 2" }, "geometry": { "type": "LineString", "coordinates": [ [ -5000000.0, 120000.0 ], [ 5200000.0, 120000.0 ] ] } },
{ "type": "Feature", "properties": { "id": 190, "left": -5000000.0, "top": 110000.0, "right": 5200000.0, "bottom": 110000.0, "grid_x": "G 0", "grid_y": "P 1" }, "geometry": { "type": "LineString", "coordinates": [ [ -5000000.0, 110000.0 ], [ 5200000.0, 110000.0 ] ] } },
{ "type": "Feature", "properties": { "id": 191, "left": -5000000.0, "top": 100000.0, "right": 5200000.0, "bottom": 100000.0, "grid_x": "G 0", "grid_y": "P 0" }, "geometry": { "type": "LineString", "coordinates": [ [ -5000000.0, 100000.0 ], [ 5200000.0, 100000.0 ] ] } },
{ "type": "Feature", "properties": { "id": 192, "left": -5000000.0, "top": 90000.0, "right": 5200000.0, "bottom": 90000.0, "grid_x": "G 0", "grid_y": "N 9" }, "geometry": { "type": "LineString", "coordinates": [ [ -5000000.0, 90000.0 ], [ 5200000.0, 90000.0 ] ] } },
{ "type": "Feature", "properties": { "id": 193, "left": -5000000.0, "top": 80000.0, "right": 5200000.0, "bottom": 80000.0, "grid_x": "G 0", "grid_y": "N 8" }, "geometry": { "type": "LineString", "coordinates": [ [ -5000000.0, 80000.0 ], [ 5200000.0, 80000.0 ] ] } },
{ "type": "Feature", "properties": { "id": 194, "left": -5000000.0, "top": 70000.0, "right": 5200000.0, "bottom": 70000.0, "grid_x": "G 0", "grid_y": "N 7" }, "geometry": { "type": "LineString", "coordinates": [ [ -5000000.0, 70000.0 ], [ 5200000.0, 70000.0 ] ] } },
{ "type": "Feature", "properties": { "id": 195, "left": -5000000.0, "top": 60000.0, "right": 5200000.0, "bottom": 60000.0, "grid_x": "G 0", "grid_y": "N 6" }, "geometry": { "type": "LineString", "coordinates": [ [ -5000000.0, 60000.0 ], [ 5200000.0, 60000.0 ] ] } },
{ "type": "Feature", "properties": { "id": 196, "left": -5000000.0, "top": 50000.0, "right": 5200000.0, "bottom": 50000.0, "grid_x": "G 0", "grid_y": "N 5" }, "geometry": { "type": "LineString", "coordinates": [ [ -5000000.0, 50000.0 ], [ 5200000.0, 50000.0 ] ] } },
{ "type": "Feature", "properties": { "id": 197, "left": -5000000.0, "top": 40000.0, "right": 5200000.0, "bottom": 40000.0, "grid_x": "G 0", "grid_y": "N 4" }, "geometry": { "type": "LineString", "coordinates": [ [ -5000000.0, 40000.0 ], [ 5200000.0, 40000.0 ] ] } },
{ "type": "Feature", "properties": { "id": 198, "left": -5000000.0, "top": 30000.0, "right": 5200000.0, "bottom": 30000.0, "grid_x": "G 0", "grid_y": "N 3" }, "geometry": { "type": "LineString", "coordinates": [ [ -5000000.0, 30000.0 ], [ 5200000.0, 30000.0 ] ] } },
{ "type": "Feature", "properties": { "id": 199, "left": -5000000.0, "top": 20000.0, "right": 5200000.0, "bottom": 20000.0, "grid_x": "G 0", "grid_y": "N 2" }, "geometry": { "type": "LineString", "coordinates": [ [ -5000000.0, 20000.0 ], [ 5200000.0, 20000.0 ] ] } },
{ "type": "Feature", "properties": { "id": 200, "left": -5000000.0, "top": 10000.0, "right": 5200000.0, "bottom": 10000.0, "grid_x": "G 0", "grid_y": "N 1" }, "geometry": { "type": "LineString", "coordinates": [ [ -5000000.0, 10000.0 ], [ 5200000.0, 10000.0 ] ] } },
{ "type": "Feature", "properties": { "id": 201, "left": -5000000.0, "top": 0.0, "right": 5200000.0, "bottom": 0.0, "grid_x": "G 0", "grid_y": "N 0" }, "geometry": { "type": "LineString", "coordinates": [ [ -5000000.0, 0.0 ], [ 5200000.0, 0.0 ] ] } },
{ "type": "Feature", "properties": { "id": 202, "left": -5000000.0, "top": -10000.0, "right": 5200000.0, "bottom": -10000.0, "grid_x": "G 0", "grid_y": "M 9" }, "geometry": { "type": "LineString", "coordinates": [ [ -5000000.0, -10000.0 ], [ 5200000.0, -10000.0 ] ] } },
{ "type": "Feature", "properties": { "id": 203, "left": -5000000.0, "top": -20000.0, "right": 5200000.0, "bottom": -20000.0, "grid_x": "G 0", "grid_y": "M 8" }, "geometry": { "type": "LineString", "coordinates": [ [ -5000000.0, -20000.0 ], [ 5200000.0, -20000.0 ] ] } },
{ "type": "Feature", "properties": { "id": 204, "left": -5000000.0, "top": -30000.0, "right": 5200000.0, "bottom": -30000.0, "grid_x": "G 0", "grid_y": "M 7" }, "geometry": { "type": "LineString", "coordinates": [ [ -5000000.0, -30000.0 ], [ 5200000.0, -30000.0 ] ] } },
{ "type": "Feature", "properties": { "id": 205, "left": -5000000.0, "top": -40000.0, "right": 5200000.0, "bottom": -40000.0, "grid_x": "G 0", "grid_y": "M 6" }, "geometry": { "type": "LineString", "coordinates": [ [ -5000000.0, -40000.0 ], [ 5200000.0, -40000.0 ] ] } },
{ "type": "Feature", "properties": { "id": 206, "left": -5000000.0, "top": -50000.0, "right": 5200000.0, "bottom": -50000.0, "grid_x": "G 0", "grid_y": "M 5" }, "geometry": { "type": "LineString", "coordinates": [ [ -5000000.0, -50000.0 ], [ 5200000.0, -50000.0 ] ] } },
{ "type": "Feature", "properties": { "id": 207, "left": -5000000.0, "top": -60000.0, "right": 5200000.0, "bottom": -60000.0, "grid_x": "G 0", "grid_y": "M 4" }, "geometry": { "type": "LineString", "coordinates": [ [ -5000000.0, -60000.0 ], [ 5200000.0, -60000.0 ] ] } },
{ "type": "Feature", "properties": { "id": 208, "left": -5000000.0, "top": -70000.0, "right": 5200000.0, "bottom": -70000.0, "grid_x": "G 0", "grid_y": "M 3" }, "geometry": { "type": "LineString", "coordinates": [ [ -5000000.0, -70000.0 ], [ 5200000.0, -70000.0 ] ] } },
{ "type": "Feature", "properties": { "id": 209, "left": -5000000.0, "top": -80000.0, "right": 5200000.0, "bottom": -80000.0, "grid_x": "G 0", "grid_y": "M 2" }, "geometry": { "type": "LineString", "coordinates": [ [ -5000000.0, -80000.0 ], [ 5200000.0, -80000.0 ] ] } },
{ "type": "Feature", "properties": { "id": 210, "left": -5000000.0, "top": -90000.0, "right": 5200000.0, "bottom": -90000.0, "grid_x": "G 0", "grid_y": "M 1" }, "geometry": { "type": "LineString", "coordinates": [ [ -5000000.0, -90000.0 ], [ 5200000.0, -90000.0 ] ] } },
{ "type": "Feature", "properties": { "id": 211, "left": -5000000.0, "top": -100000.0, "right": 5200000.0, "bottom": -100000.0, "grid_x": "G 0", "grid_y": "M 0" }, "geometry": { "type": "LineString", "coordinates": [ [ -5000000.0, -100000.0 ], [ 5200000.0, -100000.0 ] ] } },
{ "type": "Feature", "properties": { "id": 212, "left": -5000000.0, "top": -110000.0, "right": 5200000.0, "bottom": -110000.0, "grid_x": "G 0", "grid_y": "L 9" }, "geometry": { "type": "LineString", "coordinates": [ [ -5000000.0, -110000.0 ], [ 5200000.0, -110000.0 ] ] } },
{ "type": "Feature", "properties": { "id": 213, "left": -5000000.0, "top": -120000.0, "right": 5200000.0, "bottom": -120000.0, "grid_x": "G 0", "grid_y": "L 8" }, "geometry": { "type": "LineString", "coordinates": [ [ -5000000.0, -120000.0 ], [ 5200000.0, -120000.0 ] ] } },
{ "type": "Feature", "properties": { "id": 214, "left": -5000000.0, "top": -130000.0, "right": 5200000.0, "bottom": -130000.0, "grid_x": "G 0", "grid_y": "L 7" }, "geometry": { "type": "LineString", "coordinates": [ [ -5000000.0, -130000.0 ], [ 5200000.0, -130000.0 ] ] } },
{ "type": "Feature", "properties": { "id": 215, "left": -5000000.0, "top": -140000.0, "right": 5200000.0, "bottom": -140000.0, "grid_x": "G 0", "grid_y": "L 6" }, "geometry": { "type": "LineString", "coordinates": [ [ -5000000.0, -140000.0 ], [ 5200000.0, -140000.0 ] ] } },
{ "type": "Feature", "properties": { "id": 216, "left": -5000000.0, "top": -150000.0, "right": 5200000.0, "bottom": -150000.0, "grid_x": "G 0", "grid_y": "L 5" }, "geometry": { "type": "LineString", "coordinates": [ [ -5000000.0, -150000.0 ], [ 5200000.0, -150000.0 ] ] } },
{ "type": "Feature", "properties": { "id": 217, "left": -5000000.0, "top": -160000.0, "right": 5200000.0, "bottom": -160000.0, "grid_x": "G 0", "grid_y": "L 4" }, "geometry": { "type": "LineString", "coordinates": [ [ -5000000.0, -160000.0 ], [ 5200000.0, -160000.0 ] ] } },
{ "type": "Feature", "properties": { "id": 218, "left": -5000000.0, "top": -170000.0, "right": 5200000.0, "bottom": -170000.0, "grid_x": "G 0", "grid_y": "L 3" }, "geometry": { "type": "LineString", "coordinates": [ [ -5000000.0, -170000.0 ], [ 5200000.0, -170000.0 ] ] } },
{ "type": "Feature", "properties": { "id": 219, "left": -5000000.0, "top": -180000.0, "right": 5200000.0, "bottom": -180000.0, "grid_x": "G 0", "grid_y": "L 2" }, "geometry": { "type": "LineString", "coordinates": [ [ -5000000.0, -180000.0 ], [ 5200000.0, -180000.0 ] ] } },
{ "type": "Feature", "properties": { "id": 220, "left": -5000000.0, "top": -190000.0, "right": 5200000.0, "bottom": -190000.0, "grid_x": "G 0", "grid_y": "L 1" }, "geometry": { "type": "LineString", "coordinates": [ [ -5000000.0, -190000.0 ], [ 5200000.0, -190000.0 ] ] } },
{ "type": "Feature", "properties": { "id": 221, "left": -5000000.0, "top": -200000.0, "right": 5200000.0, "bottom": -200000.0, "grid_x": "G 0", "grid_y": "L 0" }, "geometry": { "type": "LineString", "coordinates": [ [ -5000000.0, -200000.0 ], [ 5200000.0, -200000.0 ] ] } },
{ "type": "Feature", "properties": { "id": 222, "left": -5000000.0, "top": -210000.0, "right": 5200000.0, "bottom": -210000.0, "grid_x": "G 0", "grid_y": "K 9" }, "geometry": { "type": "LineString", "coordinates": [ [ -5000000.0, -210000.0 ], [ 5200000.0, -210000.0 ] ] } },
{ "type": "Feature", "properties": { "id": 223, "left": -5000000.0, "top": -220000.0, "right": 5200000.0, "bottom": -220000.0, "grid_x": "G 0", "grid_y": "K 8" }, "geometry": { "type": "LineString", "coordinates": [ [ -5000000.0, -220000.0 ], [ 5200000.0, -220000.0 ] ] } },
{ "type": "Feature", "properties": { "id": 224, "left": -5000000.0, "top": -230000.0, "right": 5200000.0, "bottom": -230000.0, "grid_x": "G 0", "grid_y": "K 7" }, "geometry": { "type": "LineString", "coordinates": [ [ -5000000.0, -230000.0 ], [ 5200000.0, -230000.0 ] ] } },
{ "type": "Feature", "properties": { "id": 225, "left": -5000000.0, "top": -240000.0, "right": 5200000.0, "bottom": -240000.0, "grid_x": "G 0", "grid_y": "K 6" }, "geometry": { "type": "LineString", "coordinates": [ [ -5000000.0, -240000.0 ], [ 5200000.0, -240000.0 ] ] } },
{ "type": "Feature", "properties": { "id": 226, "left": -5000000.0, "top": -250000.0, "right": 5200000.0, "bottom": -250000.0, "grid_x": "G 0", "grid_y": "K 5" }, "geometry": { "type": "LineString", "coordinates": [ [ -5000000.0, -250000.0 ], [ 5200000.0, -250000.0 ] ] } },
{ "type": "Feature", "properties": { "id": 227, "left": -5000000.0, "top": -260000.0, "right": 5200000.0, "bottom": -260000.0, "grid_x": "G 0", "grid_y": "K 4" }, "geometry": { "type": "LineString", "coordinates": [ [ -5000000.0, -260000.0 ], [ 5200000.0, -260000.0 ] ] } },
{ "type": "Feature", "properties": { "id": 228, "left": -5000000.0, "top": -270000.0, "right": 5200000.0, "bottom": -270000.0, "grid_x": "G 0", "grid_y": "K 3" }, "geometry": { "type": "LineString", "coordinates": [ [ -5000000.0, -270000.0 ], [ 5200000.0, -270000.0 ] ] } },
{ "type": "Feature", "properties": { "id": 229, "left": -5000000.0, "top": -280000.0, "right": 5200000.0, "bottom": -280000.0, "grid_x": "G 0", "grid_y": "K 2" }, "geometry": { "type": "LineString", "coordinates": [ [ -5000000.0, -280000.0 ], [ 5200000.0, -280000.0 ] ] } },
{ "type": "Feature", "properties": { "id": 230, "left": -5000000.0, "top": -290000.0, "right": 5200000.0, "bottom": -290000.0, "grid_x": "G 0", "grid_y": "K 1" }, "geometry": { "type": "LineString", "coordinates": [ [ -5000000.0, -290000.0 ], [ 5200000.0, -290000.0 ] ] } },
{ "type": "Feature", "properties": { "id": 231, "left": -5000000.0, "top": -300000.0, "right": 5200000.0, "bottom": -300000.0, "grid_x": "G 0", "grid_y": "K 0" }, "geometry": { "type": "LineString", "coordinates": [ [ -5000000.0, -300000.0 ], [ 5200000.0, -300000.0 ] ] } },
{ "type": "Feature", "properties": { "id": 232, "left": -5000000.0, "top": -310000.0, "right": 5200000.0, "bottom": -310000.0, "grid_x": "G 0", "grid_y": "J 9" }, "geometry": { "type": "LineString", "coordinates": [ [ -5000000.0, -310000.0 ], [ 5200000.0, -310000.0 ] ] } },
{ "type": "Feature", "properties": { "id": 233, "left": -5000000.0, "top": -320000.0, "right": 5200000.0, "bottom": -320000.0, "grid_x": "G 0", "grid_y": "J 8" }, "geometry": { "type": "LineString", "coordinates": [ [ -5000000.0, -320000.0 ], [ 5200000.0, -320000.0 ] ] } },
{ "type": "Feature", "properties": { "id": 234, "left": -5000000.0, "top": -330000.0, "right": 5200000.0, "bottom": -330000.0, "grid_x": "G 0", "grid_y": "J 7" }, "geometry": { "type": "LineString", "coordinates": [ [ -5000000.0, -330000.0 ], [ 5200000.0, -330000.0 ] ] } },
{ "type": "Feature", "properties": { "id": 235, "left": -5000000.0, "top": -340000.0, "right": 5200000.0, "bottom": -340000.0, "grid_x": "G 0", "grid_y": "J 6" }, "geometry": { "type": "LineString", "coordinates": [ [ -5000000.0, -340000.0 ], [ 5200000.0, -340000.0 ] ] } },
{ "type": "Feature", "properties": { "id": 236, "left": -5000000.0, "top": -350000.0, "right": 5200000.0, "bottom": -350000.0, "grid_x": "G 0", "grid_y": "J 5" }, "geometry": { "type": "LineString", "coordinates": [ [ -5000000.0, -350000.0 ], [ 5200000.0, -350000.0 ] ] } },
{ "type": "Feature", "properties": { "id": 237, "left": -5000000.0, "top": -360000.0, "right": 5200000.0, "bottom": -360000.0, "grid_x": "G 0", "grid_y": "J 4" }, "geometry": { "type": "LineString", "coordinates": [ [ -5000000.0, -360000.0 ], [ 5200000.0, -360000.0 ] ] } },
{ "type": "Feature", "properties": { "id": 238, "left": -5000000.0, "top": -370000.0, "right": 5200000.0, "bottom": -370000.0, "grid_x": "G 0", "grid_y": "J 3" }, "geometry": { "type": "LineString", "coordinates": [ [ -5000000.0, -370000.0 ], [ 5200000.0, -370000.0 ] ] } },
{ "type": "Feature", "properties": { "id": 239, "left": -5000000.0, "top": -380000.0, "right": 5200000.0, "bottom": -380000.0, "grid_x": "G 0", "grid_y": "J 2" }, "geometry": { "type": "LineString", "coordinates": [ [ -5000000.0, -380000.0 ], [ 5200000.0, -380000.0 ] ] } },
{ "type": "Feature", "properties": { "id": 240, "left": -5000000.0, "top": -390000.0, "right": 5200000.0, "bottom": -390000.0, "grid_x": "G 0", "grid_y": "J 1" }, "geometry": { "type": "LineString", "coordinates": [ [ -5000000.0, -390000.0 ], [ 5200000.0, -390000.0 ] ] } },
{ "type": "Feature", "properties": { "id": 241, "left": -5000000.0, "top": -400000.0, "right": 5200000.0, "bottom": -400000.0, "grid_x": "G 0", "grid_y": "J 0" }, "geometry": { "type": "LineString", "coordinates": [ [ -5000000.0, -400000.0 ], [ 5200000.0, -400000.0 ] ] } },
{ "type": "Feature", "properties": { "id": 242, "left": -5000000.0, "top": -410000.0, "right": 5200000.0, "bottom": -410000.0, "grid_x": "G 0", "grid_y": "H 9" }, "geometry": { "type": "LineString", "coordinates": [ [ -5000000.0, -410000.0 ], [ 5200000.0, -410000.0 ] ] } },
{ "type": "Feature", "properties": { "id": 243, "left": -5000000.0, "top": -420000.0, "right": 5200000.0, "bottom": -420000.0, "grid_x": "G 0", "grid_y": "H 8" }, "geometry": { "type": "LineString", "coordinates": [ [ -5000000.0, -420000.0 ], [ 5200000.0, -420000.0 ] ] } },
{ "type": "Feature", "properties": { "id": 244, "left": -5000000.0, "top": -430000.0, "right": 5200000.0, "bottom": -430000.0, "grid_x": "G 0", "grid_y": "H 7" }, "geometry": { "type": "LineString", "coordinates": [ [ -5000000.0, -430000.0 ], [ 5200000.0, -430000.0 ] ] } },
{ "type": "Feature", "properties": { "id": 245, "left": -5000000.0, "top": -440000.0, "right": 5200000.0, "bottom": -440000.0, "grid_x": "G 0", "grid_y": "H 6" }, "geometry": { "type": "LineString", "coordinates": [ [ -5000000.0, -440000.0 ], [ 5200000.0, -440000.0 ] ] } },
{ "type": "Feature", "properties": { "id": 246, "left": -5000000.0, "top": -450000.0, "right": 5200000.0, "bottom": -450000.0, "grid_x": "G 0", "grid_y": "H 5" }, "geometry": { "type": "LineString", "coordinates": [ [ -5000000.0, -450000.0 ], [ 5200000.0, -450000.0 ] ] } },
{ "type": "Feature", "properties": { "id": 247, "left": -5000000.0, "top": -460000.0, "right": 5200000.0, "bottom": -460000.0, "grid_x": "G 0", "grid_y": "H 4" }, "geometry": { "type": "LineString", "coordinates": [ [ -5000000.0, -460000.0 ], [ 5200000.0, -460000.0 ] ] } },
{ "type": "Feature", "properties": { "id": 248, "left": -5000000.0, "top": -470000.0, "right": 5200000.0, "bottom": -470000.0, "grid_x": "G 0", "grid_y": "H 3" }, "geometry": { "type": "LineString", "coordinates": [ [ -5000000.0, -470000.0 ], [ 5200000.0, -470000.0 ] ] } },
{ "type": "Feature", "properties": { "id": 249, "left": -5000000.0, "top": -480000.0, "right": 5200000.0, "bottom": -480000.0, "grid_x": "G 0", "grid_y": "H 2" }, "geometry": { "type": "LineString", "coordinates": [ [ -5000000.0, -480000.0 ], [ 5200000.0, -480000.0 ] ] } },
{ "type": "Feature", "properties": { "id": 250, "left": -5000000.0, "top": -490000.0, "right": 5200000.0, "bottom": -490000.0, "grid_x": "G 0", "grid_y": "H 1" }, "geometry": { "type": "LineString", "coordinates": [ [ -5000000.0, -490000.0 ], [ 5200000.0, -490000.0 ] ] } },
{ "type": "Feature", "properties": { "id": 251, "left": -5000000.0, "top": -500000.0, "right": 5200000.0, "bottom": -500000.0, "grid_x": "G 0", "grid_y": "H 0" }, "geometry": { "type": "LineString", "coordinates": [ [ -5000000.0, -500000.0 ], [ 5200000.0, -500000.0 ] ] } },
{ "type": "Feature", "properties": { "id": 252, "left": -5000000.0, "top": -510000.0, "right": 5200000.0, "bottom": -510000.0, "grid_x": "G 0", "grid_y": "G 9" }, "geometry": { "type": "LineString", "coordinates": [ [ -5000000.0, -510000.0 ], [ 5200000.0, -510000.0 ] ] } },
{ "type": "Feature", "properties": { "id": 253, "left": -5000000.0, "top": -520000.0, "right": 5200000.0, "bottom": -520000.0, "grid_x": "G 0", "grid_y": "G 8" }, "geometry": { "type": "LineString", "coordinates": [ [ -5000000.0, -520000.0 ], [ 5200000.0, -520000.0 ] ] } },
{ "type": "Feature", "properties": { "id": 254, "left": -5000000.0, "top": -530000.0, "right": 5200000.0, "bottom": -530000.0, "grid_x": "G 0", "grid_y": "G 7" }, "geometry": { "type": "LineString", "coordinates": [ [ -5000000.0, -530000.0 ], [ 5200000.0, -530000.0 ] ] } },
{ "type": "Feature", "properties": { "id": 255, "left": -5000000.0, "top": -540000.0, "right": 5200000.0, "bottom": -540000.0, "grid_x": "G 0", "grid_y": "G 6" }, "geometry": { "type": "LineString", "coordinates": [ [ -5000000.0, -540000.0 ], [ 5200000.0, -540000.0 ] ] } },
{ "type": "Feature", "properties": { "id": 256, "left": -5000000.0, "top": -550000.0, "right": 5200000.0, "bottom": -550000.0, "grid_x": "G 0", "grid_y": "G 5" }, "geometry": { "type": "LineString", "coordinates": [ [ -5000000.0, -550000.0 ], [ 5200000.0, -550000.0 ] ] } },
{ "type": "Feature", "properties": { "id": 257, "left": -5000000.0, "top": -560000.0, "right": 5200000.0, "bottom": -560000.0, "grid_x": "G 0", "grid_y": "G 4" }, "geometry": { "type": "LineString", "coordinates": [ [ -5000000.0, -560000.0 ], [ 5200000.0, -560000.0 ] ] } },
{ "type": "Feature", "properties": { "id": 258, "left": -5000000.0, "top": -570000.0, "right": 5200000.0, "bottom": -570000.0, "grid_x": "G 0", "grid_y": "G 3" }, "geometry": { "type": "LineString", "coordinates": [ [ -5000000.0, -570000.0 ], [ 5200000.0, -570000.0 ] ] } },
{ "type": "Feature", "properties": { "id": 259, "left": -5000000.0, "top": -580000.0, "right": 5200000.0, "bottom": -580000.0, "grid_x": "G 0", "grid_y": "G 2" }, "geometry": { "type": "LineString", "coordinates": [ [ -5000000.0, -580000.0 ], [ 5200000.0, -580000.0 ] ] } },
{ "type": "Feature", "properties": { "id": 260, "left": -5000000.0, "top": -590000.0, "right": 5200000.0, "bottom": -590000.0, "grid_x": "G 0", "grid_y": "G 1" }, "geometry": { "type": "LineString", "coordinates": [ [ -5000000.0, -590000.0 ], [ 5200000.0, -590000.0 ] ] } },
{ "type": "Feature", "properties": { "id": 261, "left": -5000000.0, "top": -600000.0, "right": 5200000.0, "bottom": -600000.0, "grid_x": "G 0", "grid_y": "G 0" }, "geometry": { "type": "LineString", "coordinates": [ [ -5000000.0, -600000.0 ], [ 5200000.0, -600000.0 ] ] } },
{ "type": "Feature", "properties": { "id": 262, "left": -5000000.0, "top": -610000.0, "right": 5200000.0, "bottom": -610000.0, "grid_x": "G 0", "grid_y": "F 9" }, "geometry": { "type": "LineString", "coordinates": [ [ -5000000.0, -610000.0 ], [ 5200000.0, -610000.0 ] ] } },
{ "type": "Feature", "properties": { "id": 263, "left": -5000000.0, "top": -620000.0, "right": 5200000.0, "bottom": -620000.0, "grid_x": "G 0", "grid_y": "F 8" }, "geometry": { "type": "LineString", "coordinates": [ [ -5000000.0, -620000.0 ], [ 5200000.0, -620000.0 ] ] } },
{ "type": "Feature", "properties": { "id": 264, "left": -5000000.0, "top": -630000.0, "right": 5200000.0, "bottom": -630000.0, "grid_x": "G 0", "grid_y": "F 7" }, "geometry": { "type": "LineString", "coordinates": [ [ -5000000.0, -630000.0 ], [ 5200000.0, -630000.0 ] ] } },
{ "type": "Feature", "properties": { "id": 265, "left": -5000000.0, "top": -640000.0, "right": 5200000.0, "bottom": -640000.0, "grid_x": "G 0", "grid_y": "F 6" }, "geometry": { "type": "LineString", "coordinates": [ [ -5000000.0, -640000.0 ], [ 5200000.0, -640000.0 ] ] } },
{ "type": "Feature", "properties": { "id": 266, "left": -5000000.0, "top": -650000.0, "right": 5200000.0, "bottom": -650000.0, "grid_x": "G 0", "grid_y": "F 5" }, "geometry": { "type": "LineString", "coordinates": [ [ -5000000.0, -650000.0 ], [ 5200000.0, -650000.0 ] ] } },
{ "type": "Feature", "properties": { "id": 267, "left": -5000000.0, "top": -660000.0, "right": 5200000.0, "bottom": -660000.0, "grid_x": "G 0", "grid_y": "F 4" }, "geometry": { "type": "LineString", "coordinates": [ [ -5000000.0, -660000.0 ], [ 5200000.0, -660000.0 ] ] } },
{ "type": "Feature", "properties": { "id": 268, "left": -5000000.0, "top": -670000.0, "right": 5200000.0, "bottom": -670000.0, "grid_x": "G 0", "grid_y": "F 3" }, "geometry": { "type": "LineString", "coordinates": [ [ -5000000.0, -670000.0 ], [ 5200000.0, -670000.0 ] ] } },
{ "type": "Feature", "properties": { "id": 269, "left": -5000000.0, "top": -680000.0, "right": 5200000.0, "bottom": -680000.0, "grid_x": "G 0", "grid_y": "F 2" }, "geometry": { "type": "LineString", "coordinates": [ [ -5000000.0, -680000.0 ], [ 5200000.0, -680000.0 ] ] } },
{ "type": "Feature", "properties": { "id": 270, "left": -5000000.0, "top": -690000.0, "right": 5200000.0, "bottom": -690000.0, "grid_x": "G 0", "grid_y": "F 1" }, "geometry": { "type": "LineString", "coordinates": [ [ -5000000.0, -690000.0 ], [ 5200000.0, -690000.0 ] ] } },
{ "type": "Feature", "properties": { "id": 271, "left": -5000000.0, "top": -700000.0, "right": 5200000.0, "bottom": -700000.0, "grid_x": "G 0", "grid_y": "F 0" }, "geometry": { "type": "LineString", "coordinates": [ [ -5000000.0, -700000.0 ], [ 5200000.0, -700000.0 ] ] } },
{ "type": "Feature", "properties": { "id": 272, "left": -5000000.0, "top": -710000.0, "right": 5200000.0, "bottom": -710000.0, "grid_x": "G 0", "grid_y": "E 9" }, "geometry": { "type": "LineString", "coordinates": [ [ -5000000.0, -710000.0 ], [ 5200000.0, -710000.0 ] ] } },
{ "type": "Feature", "properties": { "id": 273, "left": -5000000.0, "top": -720000.0, "right": 5200000.0, "bottom": -720000.0, "grid_x": "G 0", "grid_y": "E 8" }, "geometry": { "type": "LineString", "coordinates": [ [ -5000000.0, -720000.0 ], [ 5200000.0, -720000.0 ] ] } },
{ "type": "Feature", "properties": { "id": 274, "left": -5000000.0, "top": -730000.0, "right": 5200000.0, "bottom": -730000.0, "grid_x": "G 0", "grid_y": "E 7" }, "geometry": { "type": "LineString", "coordinates": [ [ -5000000.0, -730000.0 ], [ 5200000.0, -730000.0 ] ] } },
{ "type": "Feature", "properties": { "id": 275, "left": -5000000.0, "top": -740000.0, "right": 5200000.0, "bottom": -740000.0, "grid_x": "G 0", "grid_y": "E 6" }, "geometry": { "type": "LineString", "coordinates": [ [ -5000000.0, -740000.0 ], [ 5200000.0, -740000.0 ] ] } },
{ "type": "Feature", "properties": { "id": 276, "left": -5000000.0, "top": -750000.0, "right": 5200000.0, "bottom": -750000.0, "grid_x": "G 0", "grid_y": "E 5" }, "geometry": { "type": "LineString", "coordinates": [ [ -5000000.0, -750000.0 ], [ 5200000.0, -750000.0 ] ] } },
{ "type": "Feature", "properties": { "id": 277, "left": -5000000.0, "top": -760000.0, "right": 5200000.0, "bottom": -760000.0, "grid_x": "G 0", "grid_y": "E 4" }, "geometry": { "type": "LineString", "coordinates": [ [ -5000000.0, -760000.0 ], [ 5200000.0, -760000.0 ] ] } },
{ "type": "Feature", "properties": { "id": 278, "left": -5000000.0, "top": -770000.0, "right": 5200000.0, "bottom": -770000.0, "grid_x": "G 0", "grid_y": "E 3" }, "geometry": { "type": "LineString", "coordinates": [ [ -5000000.0, -770000.0 ], [ 5200000.0, -770000.0 ] ] } },
{ "type": "Feature", "properties": { "id": 279, "left": -5000000.0, "top": -780000.0, "right": 5200000.0, "bottom": -780000.0, "grid_x": "G 0", "grid_y": "E 2" }, "geometry": { "type": "LineString", "coordinates": [ [ -5000000.0, -780000.0 ], [ 5200000.0, -780000.0 ] ] } },
{ "type": "Feature", "properties": { "id": 280, "left": -5000000.0, "top": -790000.0, "right": 5200000.0, "bottom": -790000.0, "grid_x": "G 0", "grid_y": "E 1" }, "geometry": { "type": "LineString", "coordinates": [ [ -5000000.0, -790000.0 ], [ 5200000.0, -790000.0 ] ] } },
{ "type": "Feature", "properties": { "id": 281, "left": -5000000.0, "top": -800000.0, "right": 5200000.0, "bottom": -800000.0, "grid_x": "G 0", "grid_y": "E 0" }, "geometry": { "type": "LineString", "coordinates": [ [ -5000000.0, -800000.0 ], [ 5200000.0, -800000.0 ] ] } },
{ "type": "Feature", "properties": { "id": 282, "left": -5000000.0, "top": -810000.0, "right": 5200000.0, "bottom": -810000.0, "grid_x": "G 0", "grid_y": "D 9" }, "geometry": { "type": "LineString", "coordinates": [ [ -5000000.0, -810000.0 ], [ 5200000.0, -810000.0 ] ] } },
{ "type": "Feature", "properties": { "id": 283, "left": -5000000.0, "top": -820000.0, "right": 5200000.0, "bottom": -820000.0, "grid_x": "G 0", "grid_y": "D 8" }, "geometry": { "type": "LineString", "coordinates": [ [ -5000000.0, -820000.0 ], [ 5200000.0, -820000.0 ] ] } },
{ "type": "Feature", "properties": { "id": 284, "left": -5000000.0, "top": -830000.0, "right": 5200000.0, "bottom": -830000.0, "grid_x": "G 0", "grid_y": "D 7" }, "geometry": { "type": "LineString", "coordinates": [ [ -5000000.0, -830000.0 ], [ 5200000.0, -830000.0 ] ] } },
{ "type": "Feature", "properties": { "id": 285, "left": -5000000.0, "top": -840000.0, "right": 5200000.0, "bottom": -840000.0, "grid_x": "G 0", "grid_y": "D 6" }, "geometry": { "type": "LineString", "coordinates": [ [ -5000000.0, -840000.0 ], [ 5200000.0, -840000.0 ] ] } },
{ "type": "Feature", "properties": { "id": 286, "left": -5000000.0, "top": -850000.0, "right": 5200000.0, "bottom": -850000.0, "grid_x": "G 0", "grid_y": "D 5" }, "geometry": { "type": "LineString", "coordinates": [ [ -5000000.0, -850000.0 ], [ 5200000.0, -850000.0 ] ] } },
{ "type": "Feature", "properties": { "id": 287, "left": -5000000.0, "top": -860000.0, "right": 5200000.0, "bottom": -860000.0, "grid_x": "G 0", "grid_y": "D 4" }, "geometry": { "type": "LineString", "coordinates": [ [ -5000000.0, -860000.0 ], [ 5200000.0, -860000.0 ] ] } },
{ "type": "Feature", "properties": { "id": 288, "left": -5000000.0, "top": -870000.0, "right": 5200000.0, "bottom": -870000.0, "grid_x": "G 0", "grid_y": "D 3" }, "geometry": { "type": "LineString", "coordinates": [ [ -5000000.0, -870000.0 ], [ 5200000.0, -870000.0 ] ] } },
{ "type": "Feature", "properties": { "id": 289, "left": -5000000.0, "top": -880000.0, "right": 5200000.0, "bottom": -880000.0, "grid_x": "G 0", "grid_y": "D 2" }, "geometry": { "type": "LineString", "coordinates": [ [ -5000000.0, -880000.0 ], [ 5200000.0, -880000.0 ] ] } },
{ "type": "Feature", "properties": { "id": 290, "left": -5000000.0, "top": -890000.0, "right": 5200000.0, "bottom": -890000.0, "grid_x": "G 0", "grid_y": "D 1" }, "geometry": { "type": "LineString", "coordinates": [ [ -5000000.0, -890000.0 ], [ 5200000.0, -890000.0 ] ] } },
{ "type": "Feature", "properties": { "id": 291, "left": -5000000.0, "top": -900000.0, "right": 5200000.0, "bottom": -900000.0, "grid_x": "G 0", "grid_y": "D 0" }, "geometry": { "type": "LineString", "coordinates": [ [ -5000000.0, -900000.0 ], [ 5200000.0, -900000.0 ] ] } },
{ "type": "Feature", "properties": { "id": 292, "left": -5000000.0, "top": -910000.0, "right": 5200000.0, "bottom": -910000.0, "grid_x": "G 0", "grid_y": "C 9" }, "geometry": { "type": "LineString", "coordinates": [ [ -5000000.0, -910000.0 ], [ 5200000.0, -910000.0 ] ] } },
{ "type": "Feature", "properties": { "id": 293, "left": -5000000.0, "top": -920000.0, "right": 5200000.0, "bottom": -920000.0, "grid_x": "G 0", "grid_y": "C 8" }, "geometry": { "type": "LineString", "coordinates": [ [ -5000000.0, -920000.0 ], [ 5200000.0, -920000.0 ] ] } },
{ "type": "Feature", "properties": { "id": 294, "left": -5000000.0, "top": -930000.0, "right": 5200000.0, "bottom": -930000.0, "grid_x": "G 0", "grid_y": "C 7" }, "geometry": { "type": "LineString", "coordinates": [ [ -5000000.0, -930000.0 ], [ 5200000.0, -930000.0 ] ] } },
{ "type": "Feature", "properties": { "id": 295, "left": -5000000.0, "top": -940000.0, "right": 5200000.0, "bottom": -940000.0, "grid_x": "G 0", "grid_y": "C 6" }, "geometry": { "type": "LineString", "coordinates": [ [ -5000000.0, -940000.0 ], [ 5200000.0, -940000.0 ] ] } },
{ "type": "Feature", "properties": { "id": 296, "left": -5000000.0, "top": -950000.0, "right": 5200000.0, "bottom": -950000.0, "grid_x": "G 0", "grid_y": "C 5" }, "geometry": { "type": "LineString", "coordinates": [ [ -5000000.0, -950000.0 ], [ 5200000.0, -950000.0 ] ] } },
{ "type": "Feature", "properties": { "id": 297, "left": -5000000.0, "top": -960000.0, "right": 5200000.0, "bottom": -960000.0, "grid_x": "G 0", "grid_y": "C 4" }, "geometry": { "type": "LineString", "coordinates": [ [ -5000000.0, -960000.0 ], [ 5200000.0, -960000.0 ] ] } },
{ "type": "Feature", "properties": { "id": 298, "left": -5000000.0, "top": -970000.0, "right": 5200000.0, "bottom": -970000.0, "grid_x": "G 0", "grid_y": "C 3" }, "geometry": { "type": "LineString", "coordinates": [ [ -5000000.0, -970000.0 ], [ 5200000.0, -970000.0 ] ] } },
{ "type": "Feature", "properties": { "id": 299, "left": -5000000.0, "top": -980000.0, "right": 5200000.0, "bottom": -980000.0, "grid_x": "G 0", "grid_y": "C 2" }, "geometry": { "type": "LineString", "coordinates": [ [ -5000000.0, -980000.0 ], [ 5200000.0, -980000.0 ] ] } },
{ "type": "Feature", "properties": { "id": 300, "left": -5000000.0, "top": -990000.0, "right": 5200000.0, "bottom": -990000.0, "grid_x": "G 0", "grid_y": "C 1" }, "geometry": { "type": "LineString", "coordinates": [ [ -5000000.0, -990000.0 ], [ 5200000.0, -990000.0 ] ] } },
{ "type": "Feature", "properties": { "id": 301, "left": -5000000.0, "top": -1000000.0, "right": 5200000.0, "bottom": -1000000.0, "grid_x": "G 0", "grid_y": "C 0" }, "geometry": { "type": "LineString", "coordinates": [ [ -5000000.0, -1000000.0 ], [ 5200000.0, -1000000.0 ] ] } },
{ "type": "Feature", "properties": { "id": 302, "left": -5000000.0, "top": -1010000.0, "right": 5200000.0, "bottom": -1010000.0, "grid_x": "G 0", "grid_y": "B 9" }, "geometry": { "type": "LineString", "coordinates": [ [ -5000000.0, -1010000.0 ], [ 5200000.0, -1010000.0 ] ] } },
{ "type": "Feature", "properties": { "id": 303, "left": -5000000.0, "top": -1020000.0, "right": 5200000.0, "bottom": -1020000.0, "grid_x": "G 0", "grid_y": "B 8" }, "geometry": { "type": "LineString", "coordinates": [ [ -5000000.0, -1020000.0 ], [ 5200000.0, -1020000.0 ] ] } },
{ "type": "Feature", "properties": { "id": 304, "left": -5000000.0, "top": -1030000.0, "right": 5200000.0, "bottom": -1030000.0, "grid_x": "G 0", "grid_y": "B 7" }, "geometry": { "type": "LineString", "coordinates": [ [ -5000000.0, -1030000.0 ], [ 5200000.0, -1030000.0 ] ] } },
{ "type": "Feature", "properties": { "id": 305, "left": -5000000.0, "top": -1040000.0, "right": 5200000.0, "bottom": -1040000.0, "grid_x": "G 0", "grid_y": "B 6" }, "geometry": { "type": "LineString", "coordinates": [ [ -5000000.0, -1040000.0 ], [ 5200000.0, -1040000.0 ] ] } },
{ "type": "Feature", "properties": { "id": 306, "left": -5000000.0, "top": -1050000.0, "right": 5200000.0, "bottom": -1050000.0, "grid_x": "G 0", "grid_y": "B 5" }, "geometry": { "type": "LineString", "coordinates": [ [ -5000000.0, -1050000.0 ], [ 5200000.0, -1050000.0 ] ] } },
{ "type": "Feature", "properties": { "id": 307, "left": -5000000.0, "top": -1060000.0, "right": 5200000.0, "bottom": -1060000.0, "grid_x": "G 0", "grid_y": "B 4" }, "geometry": { "type": "LineString", "coordinates": [ [ -5000000.0, -1060000.0 ], [ 5200000.0, -1060000.0 ] ] } },
{ "type": "Feature", "properties": { "id": 308, "left": -5000000.0, "top": -1070000.0, "right": 5200000.0, "bottom": -1070000.0, "grid_x": "G 0", "grid_y": "B 3" }, "geometry": { "type": "LineString", "coordinates": [ [ -5000000.0, -1070000.0 ], [ 5200000.0, -1070000.0 ] ] } },
{ "type": "Feature", "properties": { "id": 309, "left": -5000000.0, "top": -1080000.0, "right": 5200000.0, "bottom": -1080000.0, "grid_x": "G 0", "grid_y": "B 2" }, "geometry": { "type": "LineString", "coordinates": [ [ -5000000.0, -1080000.0 ], [ 5200000.0, -1080000.0 ] ] } },
{ "type": "Feature", "properties": { "id": 310, "left": -5000000.0, "top": -1090000.0, "right": 5200000.0, "bottom": -1090000.0, "grid_x": "G 0", "grid_y": "B 1" }, "geometry": { "type": "LineString", "coordinates": [ [ -5000000.0, -1090000.0 ], [ 5200000.0, -1090000.0 ] ] } },
{ "type": "Feature", "properties": { "id": 311, "left": -5000000.0, "top": -1100000.0, "right": 5200000.0, "bottom": -1100000.0, "grid_x": "G 0", "grid_y": "B 0" }, "geometry": { "type": "LineString", "coordinates": [ [ -5000000.0, -1100000.0 ], [ 5200000.0, -1100000.0 ] ] } },
{ "type": "Feature", "properties": { "id": 312, "left": -5000000.0, "top": -1110000.0, "right": 5200000.0, "bottom": -1110000.0, "grid_x": "G 0", "grid_y": "A 9" }, "geometry": { "type": "LineString", "coordinates": [ [ -5000000.0, -1110000.0 ], [ 5200000.0, -1110000.0 ] ] } },
{ "type": "Feature", "properties": { "id": 313, "left": -5000000.0, "top": -1120000.0, "right": 5200000.0, "bottom": -1120000.0, "grid_x": "G 0", "grid_y": "A 8" }, "geometry": { "type": "LineString", "coordinates": [ [ -5000000.0, -1120000.0 ], [ 5200000.0, -1120000.0 ] ] } },
{ "type": "Feature", "properties": { "id": 314, "left": -5000000.0, "top": -1130000.0, "right": 5200000.0, "bottom": -1130000.0, "grid_x": "G 0", "grid_y": "A 7" }, "geometry": { "type": "LineString", "coordinates": [ [ -5000000.0, -1130000.0 ], [ 5200000.0, -1130000.0 ] ] } },
{ "type": "Feature", "properties": { "id": 315, "left": -5000000.0, "top": -1140000.0, "right": 5200000.0, "bottom": -1140000.0, "grid_x": "G 0", "grid_y": "A 6" }, "geometry": { "type": "LineString", "coordinates": [ [ -5000000.0, -1140000.0 ], [ 5200000.0, -1140000.0 ] ] } },
{ "type": "Feature", "properties": { "id": 316, "left": -5000000.0, "top": -1150000.0, "right": 5200000.0, "bottom": -1150000.0, "grid_x": "G 0", "grid_y": "A 5" }, "geometry": { "type": "LineString", "coordinates": [ [ -5000000.0, -1150000.0 ], [ 5200000.0, -1150000.0 ] ] } },
{ "type": "Feature", "properties": { "id": 317, "left": -5000000.0, "top": -1160000.0, "right": 5200000.0, "bottom": -1160000.0, "grid_x": "G 0", "grid_y": "A 4" }, "geometry": { "type": "LineString", "coordinates": [ [ -5000000.0, -1160000.0 ], [ 5200000.0, -1160000.0 ] ] } },
{ "type": "Feature", "properties": { "id": 318, "left": -5000000.0, "top": -1170000.0, "right": 5200000.0, "bottom": -1170000.0, "grid_x": "G 0", "grid_y": "A 3" }, "geometry": { "type": "LineString", "coordinates": [ [ -5000000.0, -1170000.0 ], [ 5200000.0, -1170000.0 ] ] } },
{ "type": "Feature", "properties": { "id": 319, "left": -5000000.0, "top": -1180000.0, "right": 5200000.0, "bottom": -1180000.0, "grid_x": "G 0", "grid_y": "A 2" }, "geometry": { "type": "LineString", "coordinates": [ [ -5000000.0, -1180000.0 ], [ 5200000.0, -1180000.0 ] ] } },
{ "type": "Feature", "properties": { "id": 320, "left": -5000000.0, "top": -1190000.0, "right": 5200000.0, "bottom": -1190000.0, "grid_x": "G 0", "grid_y": "A 1" }, "geometry": { "type": "LineString", "coordinates": [ [ -5000000.0, -1190000.0 ], [ 5200000.0, -1190000.0 ] ] } },
{ "type": "Feature", "properties": { "id": 321, "left": -5000000.0, "top": -1200000.0, "right": 5200000.0, "bottom": -1200000.0, "grid_x": "G 0", "grid_y": "A 0" }, "geometry": { "type": "LineString", "coordinates": [ [ -5000000.0, -1200000.0 ], [ 5200000.0, -1200000.0 ] ] } },
{ "type": "Feature", "properties": { "id": 322, "left": -5000000.0, "top": -1210000.0, "right": 5200000.0, "bottom": -1210000.0, "grid_x": "G 0", "grid_y": "Z 9" }, "geometry": { "type": "LineString", "coordinates": [ [ -5000000.0, -1210000.0 ], [ 5200000.0, -1210000.0 ] ] } },
{ "type": "Feature", "properties": { "id": 323, "left": -5000000.0, "top": -1220000.0, "right": 5200000.0, "bottom": -1220000.0, "grid_x": "G 0", "grid_y": "Z 8" }, "geometry": { "type": "LineString", "coordinates": [ [ -5000000.0, -1220000.0 ], [ 5200000.0, -1220000.0 ] ] } },
{ "type": "Feature", "properties": { "id": 324, "left": -5000000.0, "top": -1230000.0, "right": 5200000.0, "bottom": -1230000.0, "grid_x": "G 0", "grid_y": "Z 7" }, "geometry": { "type": "LineString", "coordinates": [ [ -5000000.0, -1230000.0 ], [ 5200000.0, -1230000.0 ] ] } },
{ "type": "Feature", "properties": { "id": 325, "left": -5000000.0, "top": -1240000.0, "right": 5200000.0, "bottom": -1240000.0, "grid_x": "G 0", "grid_y": "Z 6" }, "geometry": { "type": "LineString", "coordinates": [ [ -5000000.0, -1240000.0 ], [ 5200000.0, -1240000.0 ] ] } },
{ "type": "Feature", "properties": { "id": 326, "left": -5000000.0, "top": -1250000.0, "right": 5200000.0, "bottom": -1250000.0, "grid_x": "G 0", "grid_y": "Z 5" }, "geometry": { "type": "LineString", "coordinates": [ [ -5000000.0, -1250000.0 ], [ 5200000.0, -1250000.0 ] ] } },
{ "type": "Feature", "properties": { "id": 327, "left": -5000000.0, "top": -1260000.0, "right": 5200000.0, "bottom": -1260000.0, "grid_x": "G 0", "grid_y": "Z 4" }, "geometry": { "type": "LineString", "coordinates": [ [ -5000000.0, -1260000.0 ], [ 5200000.0, -1260000.0 ] ] } },
{ "type": "Feature", "properties": { "id": 328, "left": -5000000.0, "top": -1270000.0, "right": 5200000.0, "bottom": -1270000.0, "grid_x": "G 0", "grid_y": "Z 3" }, "geometry": { "type": "LineString", "coordinates": [ [ -5000000.0, -1270000.0 ], [ 5200000.0, -1270000.0 ] ] } },
{ "type": "Feature", "properties": { "id": 329, "left": -5000000.0, "top": -1280000.0, "right": 5200000.0, "bottom": -1280000.0, "grid_x": "G 0", "grid_y": "Z 2" }, "geometry": { "type": "LineString", "coordinates": [ [ -5000000.0, -1280000.0 ], [ 5200000.0, -1280000.0 ] ] } },
{ "type": "Feature", "properties": { "id": 330, "left": -5000000.0, "top": -1290000.0, "right": 5200000.0, "bottom": -1290000.0, "grid_x": "G 0", "grid_y": "Z 1" }, "geometry": { "type": "LineString", "coordinates": [ [ -5000000.0, -1290000.0 ], [ 5200000.0, -1290000.0 ] ] } },
{ "type": "Feature", "properties": { "id": 331, "left": -5000000.0, "top": -1300000.0, "right": 5200000.0, "bottom": -1300000.0, "grid_x": "G 0", "grid_y": "Z 0" }, "geometry": { "type": "LineString", "coordinates": [ [ -5000000.0, -1300000.0 ], [ 5200000.0, -1300000.0 ] ] } },
{ "type": "Feature", "properties": { "id": 332, "left": -5000000.0, "top": -1310000.0, "right": 5200000.0, "bottom": -1310000.0, "grid_x": "G 0", "grid_y": "Y 9" }, "geometry": { "type": "LineString", "coordinates": [ [ -5000000.0, -1310000.0 ], [ 5200000.0, -1310000.0 ] ] } },
{ "type": "Feature", "properties": { "id": 333, "left": -5000000.0, "top": -1320000.0, "right": 5200000.0, "bottom": -1320000.0, "grid_x": "G 0", "grid_y": "Y 8" }, "geometry": { "type": "LineString", "coordinates": [ [ -5000000.0, -1320000.0 ], [ 5200000.0, -1320000.0 ] ] } },
{ "type": "Feature", "properties": { "id": 334, "left": -5000000.0, "top": -1330000.0, "right": 5200000.0, "bottom": -1330000.0, "grid_x": "G 0", "grid_y": "Y 7" }, "geometry": { "type": "LineString", "coordinates": [ [ -5000000.0, -1330000.0 ], [ 5200000.0, -1330000.0 ] ] } },
{ "type": "Feature", "properties": { "id": 335, "left": -5000000.0, "top": -1340000.0, "right": 5200000.0, "bottom": -1340000.0, "grid_x": "G 0", "grid_y": "Y 6" }, "geometry": { "type": "LineString", "coordinates": [ [ -5000000.0, -1340000.0 ], [ 5200000.0, -1340000.0 ] ] } },
{ "type": "Feature", "properties": { "id": 336, "left": -5000000.0, "top": -1350000.0, "right": 5200000.0, "bottom": -1350000.0, "grid_x": "G 0", "grid_y": "Y 5" }, "geometry": { "type": "LineString", "coordinates": [ [ -5000000.0, -1350000.0 ], [ 5200000.0, -1350000.0 ] ] } },
{ "type": "Feature", "properties": { "id": 337, "left": -5000000.0, "top": -1360000.0, "right": 5200000.0, "bottom": -1360000.0, "grid_x": "G 0", "grid_y": "Y 4" }, "geometry": { "type": "LineString", "coordinates": [ [ -5000000.0, -1360000.0 ], [ 5200000.0, -1360000.0 ] ] } },
{ "type": "Feature", "properties": { "id": 338, "left": -5000000.0, "top": -1370000.0, "right": 5200000.0, "bottom": -1370000.0, "grid_x": "G 0", "grid_y": "Y 3" }, "geometry": { "type": "LineString", "coordinates": [ [ -5000000.0, -1370000.0 ], [ 5200000.0, -1370000.0 ] ] } },
{ "type": "Feature", "properties": { "id": 339, "left": -5000000.0, "top": -1380000.0, "right": 5200000.0, "bottom": -1380000.0, "grid_x": "G 0", "grid_y": "Y 2" }, "geometry": { "type": "LineString", "coordinates": [ [ -5000000.0, -1380000.0 ], [ 5200000.0, -1380000.0 ] ] } },
{ "type": "Feature", "properties": { "id": 340, "left": -5000000.0, "top": -1390000.0, "right": 5200000.0, "bottom": -1390000.0, "grid_x": "G 0", "grid_y": "Y 1" }, "geometry": { "type": "LineString", "coordinates": [ [ -5000000.0, -1390000.0 ], [ 5200000.0, -1390000.0 ] ] } },
{ "type": "Feature", "properties": { "id": 341, "left": -5000000.0, "top": -1400000.0, "right": 5200000.0, "bottom": -1400000.0, "grid_x": "G 0", "grid_y": "Y 0" }, "geometry": { "type": "LineString", "coordinates": [ [ -5000000.0, -1400000.0 ], [ 5200000.0, -1400000.0 ] ] } },
{ "type": "Feature", "properties": { "id": 342, "left": -5000000.0, "top": -1410000.0, "right": 5200000.0, "bottom": -1410000.0, "grid_x": "G 0", "grid_y": "X 9" }, "geometry": { "type": "LineString", "coordinates": [ [ -5000000.0, -1410000.0 ], [ 5200000.0, -1410000.0 ] ] } },
{ "type": "Feature", "properties": { "id": 343, "left": -5000000.0, "top": -1420000.0, "right": 5200000.0, "bottom": -1420000.0, "grid_x": "G 0", "grid_y": "X 8" }, "geometry": { "type": "LineString", "coordinates": [ [ -5000000.0, -1420000.0 ], [ 5200000.0, -1420000.0 ] ] } },
{ "type": "Feature", "properties": { "id": 344, "left": -5000000.0, "top": -1430000.0, "right": 5200000.0, "bottom": -1430000.0, "grid_x": "G 0", "grid_y": "X 7" }, "geometry": { "type": "LineString", "coordinates": [ [ -5000000.0, -1430000.0 ], [ 5200000.0, -1430000.0 ] ] } },
{ "type": "Feature", "properties": { "id": 345, "left": -5000000.0, "top": -1440000.0, "right": 5200000.0, "bottom": -1440000.0, "grid_x": "G 0", "grid_y": "X 6" }, "geometry": { "type": "LineString", "coordinates": [ [ -5000000.0, -1440000.0 ], [ 5200000.0, -1440000.0 ] ] } },
{ "type": "Feature", "properties": { "id": 346, "left": -5000000.0, "top": -1450000.0, "right": 5200000.0, "bottom": -1450000.0, "grid_x": "G 0", "grid_y": "X 5" }, "geometry": { "type": "LineString", "coordinates": [ [ -5000000.0, -1450000.0 ], [ 5200000.0, -1450000.0 ] ] } },
{ "type": "Feature", "properties": { "id": 347, "left": -5000000.0, "top": -1460000.0, "right": 5200000.0, "bottom": -1460000.0, "grid_x": "G 0", "grid_y": "X 4" }, "geometry": { "type": "LineString", "coordinates": [ [ -5000000.0, -1460000.0 ], [ 5200000.0, -1460000.0 ] ] } },
{ "type": "Feature", "properties": { "id": 348, "left": -5000000.0, "top": -1470000.0, "right": 5200000.0, "bottom": -1470000.0, "grid_x": "G 0", "grid_y": "X 3" }, "geometry": { "type": "LineString", "coordinates": [ [ -5000000.0, -1470000.0 ], [ 5200000.0, -1470000.0 ] ] } },
{ "type": "Feature", "properties": { "id": 349, "left": -5000000.0, "top": -1480000.0, "right": 5200000.0, "bottom": -1480000.0, "grid_x": "G 0", "grid_y": "X 2" }, "geometry": { "type": "LineString", "coordinates": [ [ -5000000.0, -1480000.0 ], [ 5200000.0, -1480000.0 ] ] } },
{ "type": "Feature", "properties": { "id": 350, "left": -5000000.0, "top": -1490000.0, "right": 5200000.0, "bottom": -1490000.0, "grid_x": "G 0", "grid_y": "X 1" }, "geometry": { "type": "LineString", "coordinates": [ [ -5000000.0, -1490000.0 ], [ 5200000.0, -1490000.0 ] ] } },
{ "type": "Feature", "properties": { "id": 351, "left": -5000000.0, "top": -1500000.0, "right": 5200000.0, "bottom": -1500000.0, "grid_x": "G 0", "grid_y": "X 0" }, "geometry": { "type": "LineString", "coordinates": [ [ -5000000.0, -1500000.0 ], [ 5200000.0, -1500000.0 ] ] } },
{ "type": "Feature", "properties": { "id": 352, "left": -5000000.0, "top": -1510000.0, "right": 5200000.0, "bottom": -1510000.0, "grid_x": "G 0", "grid_y": "W 9" }, "geometry": { "type": "LineString", "coordinates": [ [ -5000000.0, -1510000.0 ], [ 5200000.0, -1510000.0 ] ] } },
{ "type": "Feature", "properties": { "id": 353, "left": -5000000.0, "top": -1520000.0, "right": 5200000.0, "bottom": -1520000.0, "grid_x": "G 0", "grid_y": "W 8" }, "geometry": { "type": "LineString", "coordinates": [ [ -5000000.0, -1520000.0 ], [ 5200000.0, -1520000.0 ] ] } },
{ "type": "Feature", "properties": { "id": 354, "left": -5000000.0, "top": -1530000.0, "right": 5200000.0, "bottom": -1530000.0, "grid_x": "G 0", "grid_y": "W 7" }, "geometry": { "type": "LineString", "coordinates": [ [ -5000000.0, -1530000.0 ], [ 5200000.0, -1530000.0 ] ] } },
{ "type": "Feature", "properties": { "id": 355, "left": -5000000.0, "top": -1540000.0, "right": 5200000.0, "bottom": -1540000.0, "grid_x": "G 0", "grid_y": "W 6" }, "geometry": { "type": "LineString", "coordinates": [ [ -5000000.0, -1540000.0 ], [ 5200000.0, -1540000.0 ] ] } },
{ "type": "Feature", "properties": { "id": 356, "left": -5000000.0, "top": -1550000.0, "right": 5200000.0, "bottom": -1550000.0, "grid_x": "G 0", "grid_y": "W 5" }, "geometry": { "type": "LineString", "coordinates": [ [ -5000000.0, -1550000.0 ], [ 5200000.0, -1550000.0 ] ] } },
{ "type": "Feature", "properties": { "id": 357, "left": -5000000.0, "top": -1560000.0, "right": 5200000.0, "bottom": -1560000.0, "grid_x": "G 0", "grid_y": "W 4" }, "geometry": { "type": "LineString", "coordinates": [ [ -5000000.0, -1560000.0 ], [ 5200000.0, -1560000.0 ] ] } },
{ "type": "Feature", "properties": { "id": 358, "left": -5000000.0, "top": -1570000.0, "right": 5200000.0, "bottom": -1570000.0, "grid_x": "G 0", "grid_y": "W 3" }, "geometry": { "type": "LineString", "coordinates": [ [ -5000000.0, -1570000.0 ], [ 5200000.0, -1570000.0 ] ] } },
{ "type": "Feature", "properties": { "id": 359, "left": -5000000.0, "top": -1580000.0, "right": 5200000.0, "bottom": -1580000.0, "grid_x": "G 0", "grid_y": "W 2" }, "geometry": { "type": "LineString", "coordinates": [ [ -5000000.0, -1580000.0 ], [ 5200000.0, -1580000.0 ] ] } },
{ "type": "Feature", "properties": { "id": 360, "left": -5000000.0, "top": -1590000.0, "right": 5200000.0, "bottom": -1590000.0, "grid_x": "G 0", "grid_y": "W 1" }, "geometry": { "type": "LineString", "coordinates": [ [ -5000000.0, -1590000.0 ], [ 5200000.0, -1590000.0 ] ] } },
{ "type": "Feature", "properties": { "id": 361, "left": -5000000.0, "top": -1600000.0, "right": 5200000.0, "bottom": -1600000.0, "grid_x": "G 0", "grid_y": "W 0" }, "geometry": { "type": "LineString", "coordinates": [ [ -5000000.0, -1600000.0 ], [ 5200000.0, -1600000.0 ] ] } },
{ "type": "Feature", "properties": { "id": 362, "left": -5000000.0, "top": -1610000.0, "right": 5200000.0, "bottom": -1610000.0, "grid_x": "G 0", "grid_y": "V 9" }, "geometry": { "type": "LineString", "coordinates": [ [ -5000000.0, -1610000.0 ], [ 5200000.0, -1610000.0 ] ] } },
{ "type": "Feature", "properties": { "id": 363, "left": -5000000.0, "top": -1620000.0, "right": 5200000.0, "bottom": -1620000.0, "grid_x": "G 0", "grid_y": "V 8" }, "geometry": { "type": "LineString", "coordinates": [ [ -5000000.0, -1620000.0 ], [ 5200000.0, -1620000.0 ] ] } },
{ "type": "Feature", "properties": { "id": 364, "left": -5000000.0, "top": -1630000.0, "right": 5200000.0, "bottom": -1630000.0, "grid_x": "G 0", "grid_y": "V 7" }, "geometry": { "type": "LineString", "coordinates": [ [ -5000000.0, -1630000.0 ], [ 5200000.0, -1630000.0 ] ] } },
{ "type": "Feature", "properties": { "id": 365, "left": -5000000.0, "top": -1640000.0, "right": 5200000.0, "bottom": -1640000.0, "grid_x": "G 0", "grid_y": "V 6" }, "geometry": { "type": "LineString", "coordinates": [ [ -5000000.0, -1640000.0 ], [ 5200000.0, -1640000.0 ] ] } },
{ "type": "Feature", "properties": { "id": 366, "left": -5000000.0, "top": -1650000.0, "right": 5200000.0, "bottom": -1650000.0, "grid_x": "G 0", "grid_y": "V 5" }, "geometry": { "type": "LineString", "coordinates": [ [ -5000000.0, -1650000.0 ], [ 5200000.0, -1650000.0 ] ] } },
{ "type": "Feature", "properties": { "id": 367, "left": -5000000.0, "top": -1660000.0, "right": 5200000.0, "bottom": -1660000.0, "grid_x": "G 0", "grid_y": "V 4" }, "geometry": { "type": "LineString", "coordinates": [ [ -5000000.0, -1660000.0 ], [ 5200000.0, -1660000.0 ] ] } },
{ "type": "Feature", "properties": { "id": 368, "left": -5000000.0, "top": -1670000.0, "right": 5200000.0, "bottom": -1670000.0, "grid_x": "G 0", "grid_y": "V 3" }, "geometry": { "type": "LineString", "coordinates": [ [ -5000000.0, -1670000.0 ], [ 5200000.0, -1670000.0 ] ] } },
{ "type": "Feature", "properties": { "id": 369, "left": -5000000.0, "top": -1680000.0, "right": 5200000.0, "bottom": -1680000.0, "grid_x": "G 0", "grid_y": "V 2" }, "geometry": { "type": "LineString", "coordinates": [ [ -5000000.0, -1680000.0 ], [ 5200000.0, -1680000.0 ] ] } },
{ "type": "Feature", "properties": { "id": 370, "left": -5000000.0, "top": -1690000.0, "right": 5200000.0, "bottom": -1690000.0, "grid_x": "G 0", "grid_y": "V 1" }, "geometry": { "type": "LineString", "coordinates": [ [ -5000000.0, -1690000.0 ], [ 5200000.0, -1690000.0 ] ] } },
{ "type": "Feature", "properties": { "id": 371, "left": -5000000.0, "top": -1700000.0, "right": 5200000.0, "bottom": -1700000.0, "grid_x": "G 0", "grid_y": "V 0" }, "geometry": { "type": "LineString", "coordinates": [ [ -5000000.0, -1700000.0 ], [ 5200000.0, -1700000.0 ] ] } },
{ "type": "Feature", "properties": { "id": 372, "left": -5000000.0, "top": -1710000.0, "right": 5200000.0, "bottom": -1710000.0, "grid_x": "G 0", "grid_y": "U 9" }, "geometry": { "type": "LineString", "coordinates": [ [ -5000000.0, -1710000.0 ], [ 5200000.0, -1710000.0 ] ] } },
{ "type": "Feature", "properties": { "id": 373, "left": -5000000.0, "top": -1720000.0, "right": 5200000.0, "bottom": -1720000.0, "grid_x": "G 0", "grid_y": "U 8" }, "geometry": { "type": "LineString", "coordinates": [ [ -5000000.0, -1720000.0 ], [ 5200000.0, -1720000.0 ] ] } },
{ "type": "Feature", "properties": { "id": 374, "left": -5000000.0, "top": -1730000.0, "right": 5200000.0, "bottom": -1730000.0, "grid_x": "G 0", "grid_y": "U 7" }, "geometry": { "type": "LineString", "coordinates": [ [ -5000000.0, -1730000.0 ], [ 5200000.0, -1730000.0 ] ] } },
{ "type": "Feature", "properties": { "id": 375, "left": -5000000.0, "top": -1740000.0, "right": 5200000.0, "bottom": -1740000.0, "grid_x": "G 0", "grid_y": "U 6" }, "geometry": { "type": "LineString", "coordinates": [ [ -5000000.0, -1740000.0 ], [ 5200000.0, -1740000.0 ] ] } },
{ "type": "Feature", "properties": { "id": 376, "left": -5000000.0, "top": -1750000.0, "right": 5200000.0, "bottom": -1750000.0, "grid_x": "G 0", "grid_y": "U 5" }, "geometry": { "type": "LineString", "coordinates": [ [ -5000000.0, -1750000.0 ], [ 5200000.0, -1750000.0 ] ] } },
{ "type": "Feature", "properties": { "id": 377, "left": -5000000.0, "top": -1760000.0, "right": 5200000.0, "bottom": -1760000.0, "grid_x": "G 0", "grid_y": "U 4" }, "geometry": { "type": "LineString", "coordinates": [ [ -5000000.0, -1760000.0 ], [ 5200000.0, -1760000.0 ] ] } },
{ "type": "Feature", "properties": { "id": 378, "left": -5000000.0, "top": -1770000.0, "right": 5200000.0, "bottom": -1770000.0, "grid_x": "G 0", "grid_y": "U 3" }, "geometry": { "type": "LineString", "coordinates": [ [ -5000000.0, -1770000.0 ], [ 5200000.0, -1770000.0 ] ] } },
{ "type": "Feature", "properties": { "id": 379, "left": -5000000.0, "top": -1780000.0, "right": 5200000.0, "bottom": -1780000.0, "grid_x": "G 0", "grid_y": "U 2" }, "geometry": { "type": "LineString", "coordinates": [ [ -5000000.0, -1780000.0 ], [ 5200000.0, -1780000.0 ] ] } },
{ "type": "Feature", "properties": { "id": 380, "left": -5000000.0, "top": -1790000.0, "right": 5200000.0, "bottom": -1790000.0, "grid_x": "G 0", "grid_y": "U 1" }, "geometry": { "type": "LineString", "coordinates": [ [ -5000000.0, -1790000.0 ], [ 5200000.0, -1790000.0 ] ] } },
{ "type": "Feature", "properties": { "id": 381, "left": -5000000.0, "top": -1800000.0, "right": 5200000.0, "bottom": -1800000.0, "grid_x": "G 0", "grid_y": "U 0" }, "geometry": { "type": "LineString", "coordinates": [ [ -5000000.0, -1800000.0 ], [ 5200000.0, -1800000.0 ] ] } },
{ "type": "Feature", "properties": { "id": 382, "left": -5000000.0, "top": -1810000.0, "right": 5200000.0, "bottom": -1810000.0, "grid_x": "G 0", "grid_y": "T 9" }, "geometry": { "type": "LineString", "coordinates": [ [ -5000000.0, -1810000.0 ], [ 5200000.0, -1810000.0 ] ] } },
{ "type": "Feature", "properties": { "id": 383, "left": -5000000.0, "top": -1820000.0, "right": 5200000.0, "bottom": -1820000.0, "grid_x": "G 0", "grid_y": "T 8" }, "geometry": { "type": "LineString", "coordinates": [ [ -5000000.0, -1820000.0 ], [ 5200000.0, -1820000.0 ] ] } },
{ "type": "Feature", "properties": { "id": 384, "left": -5000000.0, "top": -1830000.0, "right": 5200000.0, "bottom": -1830000.0, "grid_x": "G 0", "grid_y": "T 7" }, "geometry": { "type": "LineString", "coordinates": [ [ -5000000.0, -1830000.0 ], [ 5200000.0, -1830000.0 ] ] } },
{ "type": "Feature", "properties": { "id": 385, "left": -5000000.0, "top": -1840000.0, "right": 5200000.0, "bottom": -1840000.0, "grid_x": "G 0", "grid_y": "T 6" }, "geometry": { "type": "LineString", "coordinates": [ [ -5000000.0, -1840000.0 ], [ 5200000.0, -1840000.0 ] ] } },
{ "type": "Feature", "properties": { "id": 386, "left": -5000000.0, "top": -1850000.0, "right": 5200000.0, "bottom": -1850000.0, "grid_x": "G 0", "grid_y": "T 5" }, "geometry": { "type": "LineString", "coordinates": [ [ -5000000.0, -1850000.0 ], [ 5200000.0, -1850000.0 ] ] } },
{ "type": "Feature", "properties": { "id": 387, "left": -5000000.0, "top": -1860000.0, "right": 5200000.0, "bottom": -1860000.0, "grid_x": "G 0", "grid_y": "T 4" }, "geometry": { "type": "LineString", "coordinates": [ [ -5000000.0, -1860000.0 ], [ 5200000.0, -1860000.0 ] ] } },
{ "type": "Feature", "properties": { "id": 388, "left": -5000000.0, "top": -1870000.0, "right": 5200000.0, "bottom": -1870000.0, "grid_x": "G 0", "grid_y": "T 3" }, "geometry": { "type": "LineString", "coordinates": [ [ -5000000.0, -1870000.0 ], [ 5200000.0, -1870000.0 ] ] } },
{ "type": "Feature", "properties": { "id": 389, "left": -5000000.0, "top": -1880000.0, "right": 5200000.0, "bottom": -1880000.0, "grid_x": "G 0", "grid_y": "T 2" }, "geometry": { "type": "LineString", "coordinates": [ [ -5000000.0, -1880000.0 ], [ 5200000.0, -1880000.0 ] ] } },
{ "type": "Feature", "properties": { "id": 390, "left": -5000000.0, "top": -1890000.0, "right": 5200000.0, "bottom": -1890000.0, "grid_x": "G 0", "grid_y": "T 1" }, "geometry": { "type": "LineString", "coordinates": [ [ -5000000.0, -1890000.0 ], [ 5200000.0, -1890000.0 ] ] } },
{ "type": "Feature", "properties": { "id": 391, "left": -5000000.0, "top": -1900000.0, "right": 5200000.0, "bottom": -1900000.0, "grid_x": "G 0", "grid_y": "T 0" }, "geometry": { "type": "LineString", "coordinates": [ [ -5000000.0, -1900000.0 ], [ 5200000.0, -1900000.0 ] ] } },
{ "type": "Feature", "properties": { "id": 392, "left": -5000000.0, "top": -1910000.0, "right": 5200000.0, "bottom": -1910000.0, "grid_x": "G 0", "grid_y": "S 9" }, "geometry": { "type": "LineString", "coordinates": [ [ -5000000.0, -1910000.0 ], [ 5200000.0, -1910000.0 ] ] } },
{ "type": "Feature", "properties": { "id": 393, "left": -5000000.0, "top": -1920000.0, "right": 5200000.0, "bottom": -1920000.0, "grid_x": "G 0", "grid_y": "S 8" }, "geometry": { "type": "LineString", "coordinates": [ [ -5000000.0, -1920000.0 ], [ 5200000.0, -1920000.0 ] ] } },
{ "type": "Feature", "properties": { "id": 394, "left": -5000000.0, "top": -1930000.0, "right": 5200000.0, "bottom": -1930000.0, "grid_x": "G 0", "grid_y": "S 7" }, "geometry": { "type": "LineString", "coordinates": [ [ -5000000.0, -1930000.0 ], [ 5200000.0, -1930000.0 ] ] } },
{ "type": "Feature", "properties": { "id": 395, "left": -5000000.0, "top": -1940000.0, "right": 5200000.0, "bottom": -1940000.0, "grid_x": "G 0", "grid_y": "S 6" }, "geometry": { "type": "LineString", "coordinates": [ [ -5000000.0, -1940000.0 ], [ 5200000.0, -1940000.0 ] ] } },
{ "type": "Feature", "properties": { "id": 396, "left": -5000000.0, "top": -1950000.0, "right": 5200000.0, "bottom": -1950000.0, "grid_x": "G 0", "grid_y": "S 5" }, "geometry": { "type": "LineString", "coordinates": [ [ -5000000.0, -1950000.0 ], [ 5200000.0, -1950000.0 ] ] } },
{ "type": "Feature", "properties": { "id": 397, "left": -5000000.0, "top": -1960000.0, "right": 5200000.0, "bottom": -1960000.0, "grid_x": "G 0", "grid_y": "S 4" }, "geometry": { "type": "LineString", "coordinates": [ [ -5000000.0, -1960000.0 ], [ 5200000.0, -1960000.0 ] ] } },
{ "type": "Feature", "properties": { "id": 398, "left": -5000000.0, "top": -1970000.0, "right": 5200000.0, "bottom": -1970000.0, "grid_x": "G 0", "grid_y": "S 3" }, "geometry": { "type": "LineString", "coordinates": [ [ -5000000.0, -1970000.0 ], [ 5200000.0, -1970000.0 ] ] } },
{ "type": "Feature", "properties": { "id": 399, "left": -5000000.0, "top": -1980000.0, "right": 5200000.0, "bottom": -1980000.0, "grid_x": "G 0", "grid_y": "S 2" }, "geometry": { "type": "LineString", "coordinates": [ [ -5000000.0, -1980000.0 ], [ 5200000.0, -1980000.0 ] ] } },
{ "type": "Feature", "properties": { "id": 400, "left": -5000000.0, "top": -1990000.0, "right": 5200000.0, "bottom": -1990000.0, "grid_x": "G 0", "grid_y": "S 1" }, "geometry": { "type": "LineString", "coordinates": [ [ -5000000.0, -1990000.0 ], [ 5200000.0, -1990000.0 ] ] } },
{ "type": "Feature", "properties": { "id": 401, "left": -5000000.0, "top": -2000000.0, "right": 5200000.0, "bottom": -2000000.0, "grid_x": "G 0", "grid_y": "S 0" }, "geometry": { "type": "LineString", "coordinates": [ [ -5000000.0, -2000000.0 ], [ 5200000.0, -2000000.0 ] ] } },
{ "type": "Feature", "properties": { "id": 402, "left": -5000000.0, "top": -2010000.0, "right": 5200000.0, "bottom": -2010000.0, "grid_x": "G 0", "grid_y": "R 9" }, "geometry": { "type": "LineString", "coordinates": [ [ -5000000.0, -2010000.0 ], [ 5200000.0, -2010000.0 ] ] } },
{ "type": "Feature", "properties": { "id": 403, "left": -5000000.0, "top": -2020000.0, "right": 5200000.0, "bottom": -2020000.0, "grid_x": "G 0", "grid_y": "R 8" }, "geometry": { "type": "LineString", "coordinates": [ [ -5000000.0, -2020000.0 ], [ 5200000.0, -2020000.0 ] ] } },
{ "type": "Feature", "properties": { "id": 404, "left": -5000000.0, "top": -2030000.0, "right": 5200000.0, "bottom": -2030000.0, "grid_x": "G 0", "grid_y": "R 7" }, "geometry": { "type": "LineString", "coordinates": [ [ -5000000.0, -2030000.0 ], [ 5200000.0, -2030000.0 ] ] } },
{ "type": "Feature", "properties": { "id": 405, "left": -5000000.0, "top": -2040000.0, "right": 5200000.0, "bottom": -2040000.0, "grid_x": "G 0", "grid_y": "R 6" }, "geometry": { "type": "LineString", "coordinates": [ [ -5000000.0, -2040000.0 ], [ 5200000.0, -2040000.0 ] ] } },
{ "type": "Feature", "properties": { "id": 406, "left": -5000000.0, "top": -2050000.0, "right": 5200000.0, "bottom": -2050000.0, "grid_x": "G 0", "grid_y": "R 5" }, "geometry": { "type": "LineString", "coordinates": [ [ -5000000.0, -2050000.0 ], [ 5200000.0, -2050000.0 ] ] } },
{ "type": "Feature", "properties": { "id": 407, "left": -5000000.0, "top": -2060000.0, "right": 5200000.0, "bottom": -2060000.0, "grid_x": "G 0", "grid_y": "R 4" }, "geometry": { "type": "LineString", "coordinates": [ [ -5000000.0, -2060000.0 ], [ 5200000.0, -2060000.0 ] ] } },
{ "type": "Feature", "properties": { "id": 408, "left": -5000000.0, "top": -2070000.0, "right": 5200000.0, "bottom": -2070000.0, "grid_x": "G 0", "grid_y": "R 3" }, "geometry": { "type": "LineString", "coordinates": [ [ -5000000.0, -2070000.0 ], [ 5200000.0, -2070000.0 ] ] } },
{ "type": "Feature", "properties": { "id": 409, "left": -5000000.0, "top": -2080000.0, "right": 5200000.0, "bottom": -2080000.0, "grid_x": "G 0", "grid_y": "R 2" }, "geometry": { "type": "LineString", "coordinates": [ [ -5000000.0, -2080000.0 ], [ 5200000.0, -2080000.0 ] ] } },
{ "type": "Feature", "properties": { "id": 410, "left": -5000000.0, "top": -2090000.0, "right": 5200000.0, "bottom": -2090000.0, "grid_x": "G 0", "grid_y": "R 1" }, "geometry": { "type": "LineString", "coordinates": [ [ -5000000.0, -2090000.0 ], [ 5200000.0, -2090000.0 ] ] } },
{ "type": "Feature", "properties": { "id": 411, "left": -5000000.0, "top": -2100000.0, "right": 5200000.0, "bottom": -2100000.0, "grid_x": "G 0", "grid_y": "R 0" }, "geometry": { "type": "LineString", "coordinates": [ [ -5000000.0, -2100000.0 ], [ 5200000.0, -2100000.0 ] ] } },
{ "type": "Feature", "properties": { "id": 412, "left": -5000000.0, "top": -2110000.0, "right": 5200000.0, "bottom": -2110000.0, "grid_x": "G 0", "grid_y": "Q 9" }, "geometry": { "type": "LineString", "coordinates": [ [ -5000000.0, -2110000.0 ], [ 5200000.0, -2110000.0 ] ] } },
{ "type": "Feature", "properties": { "id": 413, "left": -5000000.0, "top": -2120000.0, "right": 5200000.0, "bottom": -2120000.0, "grid_x": "G 0", "grid_y": "Q 8" }, "geometry": { "type": "LineString", "coordinates": [ [ -5000000.0, -2120000.0 ], [ 5200000.0, -2120000.0 ] ] } },
{ "type": "Feature", "properties": { "id": 414, "left": -5000000.0, "top": -2130000.0, "right": 5200000.0, "bottom": -2130000.0, "grid_x": "G 0", "grid_y": "Q 7" }, "geometry": { "type": "LineString", "coordinates": [ [ -5000000.0, -2130000.0 ], [ 5200000.0, -2130000.0 ] ] } },
{ "type": "Feature", "properties": { "id": 415, "left": -5000000.0, "top": -2140000.0, "right": 5200000.0, "bottom": -2140000.0, "grid_x": "G 0", "grid_y": "Q 6" }, "geometry": { "type": "LineString", "coordinates": [ [ -5000000.0, -2140000.0 ], [ 5200000.0, -2140000.0 ] ] } },
{ "type": "Feature", "properties": { "id": 416, "left": -5000000.0, "top": -2150000.0, "right": 5200000.0, "bottom": -2150000.0, "grid_x": "G 0", "grid_y": "Q 5" }, "geometry": { "type": "LineString", "coordinates": [ [ -5000000.0, -2150000.0 ], [ 5200000.0, -2150000.0 ] ] } },
{ "type": "Feature", "properties": { "id": 417, "left": -5000000.0, "top": -2160000.0, "right": 5200000.0, "bottom": -2160000.0, "grid_x": "G 0", "grid_y": "Q 4" }, "geometry": { "type": "LineString", "coordinates": [ [ -5000000.0, -2160000.0 ], [ 5200000.0, -2160000.0 ] ] } },
{ "type": "Feature", "properties": { "id": 418, "left": -5000000.0, "top": -2170000.0, "right": 5200000.0, "bottom": -2170000.0, "grid_x": "G 0", "grid_y": "Q 3" }, "geometry": { "type": "LineString", "coordinates": [ [ -5000000.0, -2170000.0 ], [ 5200000.0, -2170000.0 ] ] } },
{ "type": "Feature", "properties": { "id": 419, "left": -5000000.0, "top": -2180000.0, "right": 5200000.0, "bottom": -2180000.0, "grid_x": "G 0", "grid_y": "Q 2" }, "geometry": { "type": "LineString", "coordinates": [ [ -5000000.0, -2180000.0 ], [ 5200000.0, -2180000.0 ] ] } },
{ "type": "Feature", "properties": { "id": 420, "left": -5000000.0, "top": -2190000.0, "right": 5200000.0, "bottom": -2190000.0, "grid_x": "G 0", "grid_y": "Q 1" }, "geometry": { "type": "LineString", "coordinates": [ [ -5000000.0, -2190000.0 ], [ 5200000.0, -2190000.0 ] ] } },
{ "type": "Feature", "properties": { "id": 421, "left": -5000000.0, "top": -2200000.0, "right": 5200000.0, "bottom": -2200000.0, "grid_x": "G 0", "grid_y": "Q 0" }, "geometry": { "type": "LineString", "coordinates": [ [ -5000000.0, -2200000.0 ], [ 5200000.0, -2200000.0 ] ] } },
{ "type": "Feature", "properties": { "id": 422, "left": -5000000.0, "top": -2210000.0, "right": 5200000.0, "bottom": -2210000.0, "grid_x": "G 0", "grid_y": "P 9" }, "geometry": { "type": "LineString", "coordinates": [ [ -5000000.0, -2210000.0 ], [ 5200000.0, -2210000.0 ] ] } },
{ "type": "Feature", "properties": { "id": 423, "left": -5000000.0, "top": -2220000.0, "right": 5200000.0, "bottom": -2220000.0, "grid_x": "G 0", "grid_y": "P 8" }, "geometry": { "type": "LineString", "coordinates": [ [ -5000000.0, -2220000.0 ], [ 5200000.0, -2220000.0 ] ] } },
{ "type": "Feature", "properties": { "id": 424, "left": -5000000.0, "top": -2230000.0, "right": 5200000.0, "bottom": -2230000.0, "grid_x": "G 0", "grid_y": "P 7" }, "geometry": { "type": "LineString", "coordinates": [ [ -5000000.0, -2230000.0 ], [ 5200000.0, -2230000.0 ] ] } },
{ "type": "Feature", "properties": { "id": 425, "left": -5000000.0, "top": -2240000.0, "right": 5200000.0, "bottom": -2240000.0, "grid_x": "G 0", "grid_y": "P 6" }, "geometry": { "type": "LineString", "coordinates": [ [ -5000000.0, -2240000.0 ], [ 5200000.0, -2240000.0 ] ] } },
{ "type": "Feature", "properties": { "id": 426, "left": -5000000.0, "top": -2250000.0, "right": 5200000.0, "bottom": -2250000.0, "grid_x": "G 0", "grid_y": "P 5" }, "geometry": { "type": "LineString", "coordinates": [ [ -5000000.0, -2250000.0 ], [ 5200000.0, -2250000.0 ] ] } },
{ "type": "Feature", "properties": { "id": 427, "left": -5000000.0, "top": -2260000.0, "right": 5200000.0, "bottom": -2260000.0, "grid_x": "G 0", "grid_y": "P 4" }, "geometry": { "type": "LineString", "coordinates": [ [ -5000000.0, -2260000.0 ], [ 5200000.0, -2260000.0 ] ] } },
{ "type": "Feature", "properties": { "id": 428, "left": -5000000.0, "top": -2270000.0, "right": 5200000.0, "bottom": -2270000.0, "grid_x": "G 0", "grid_y": "P 3" }, "geometry": { "type": "LineString", "coordinates": [ [ -5000000.0, -2270000.0 ], [ 5200000.0, -2270000.0 ] ] } },
{ "type": "Feature", "properties": { "id": 429, "left": -5000000.0, "top": -2280000.0, "right": 5200000.0, "bottom": -2280000.0, "grid_x": "G 0", "grid_y": "P 2" }, "geometry": { "type": "LineString", "coordinates": [ [ -5000000.0, -2280000.0 ], [ 5200000.0, -2280000.0 ] ] } },
{ "type": "Feature", "properties": { "id": 430, "left": -5000000.0, "top": -2290000.0, "right": 5200000.0, "bottom": -2290000.0, "grid_x": "G 0", "grid_y": "P 1" }, "geometry": { "type": "LineString", "coordinates": [ [ -5000000.0, -2290000.0 ], [ 5200000.0, -2290000.0 ] ] } },
{ "type": "Feature", "properties": { "id": 431, "left": -5000000.0, "top": -2300000.0, "right": 5200000.0, "bottom": -2300000.0, "grid_x": "G 0", "grid_y": "P 0" }, "geometry": { "type": "LineString", "coordinates": [ [ -5000000.0, -2300000.0 ], [ 5200000.0, -2300000.0 ] ] } },
{ "type": "Feature", "properties": { "id": 432, "left": -5000000.0, "top": -2310000.0, "right": 5200000.0, "bottom": -2310000.0, "grid_x": "G 0", "grid_y": "N 9" }, "geometry": { "type": "LineString", "coordinates": [ [ -5000000.0, -2310000.0 ], [ 5200000.0, -2310000.0 ] ] } },
{ "type": "Feature", "properties": { "id": 433, "left": -5000000.0, "top": -2320000.0, "right": 5200000.0, "bottom": -2320000.0, "grid_x": "G 0", "grid_y": "N 8" }, "geometry": { "type": "LineString", "coordinates": [ [ -5000000.0, -2320000.0 ], [ 5200000.0, -2320000.0 ] ] } },
{ "type": "Feature", "properties": { "id": 434, "left": -5000000.0, "top": -2330000.0, "right": 5200000.0, "bottom": -2330000.0, "grid_x": "G 0", "grid_y": "N 7" }, "geometry": { "type": "LineString", "coordinates": [ [ -5000000.0, -2330000.0 ], [ 5200000.0, -2330000.0 ] ] } },
{ "type": "Feature", "properties": { "id": 435, "left": -5000000.0, "top": -2340000.0, "right": 5200000.0, "bottom": -2340000.0, "grid_x": "G 0", "grid_y": "N 6" }, "geometry": { "type": "LineString", "coordinates": [ [ -5000000.0, -2340000.0 ], [ 5200000.0, -2340000.0 ] ] } },
{ "type": "Feature", "properties": { "id": 436, "left": -5000000.0, "top": -2350000.0, "right": 5200000.0, "bottom": -2350000.0, "grid_x": "G 0", "grid_y": "N 5" }, "geometry": { "type": "LineString", "coordinates": [ [ -5000000.0, -2350000.0 ], [ 5200000.0, -2350000.0 ] ] } },
{ "type": "Feature", "properties": { "id": 437, "left": -5000000.0, "top": -2360000.0, "right": 5200000.0, "bottom": -2360000.0, "grid_x": "G 0", "grid_y": "N 4" }, "geometry": { "type": "LineString", "coordinates": [ [ -5000000.0, -2360000.0 ], [ 5200000.0, -2360000.0 ] ] } },
{ "type": "Feature", "properties": { "id": 438, "left": -5000000.0, "top": -2370000.0, "right": 5200000.0, "bottom": -2370000.0, "grid_x": "G 0", "grid_y": "N 3" }, "geometry": { "type": "LineString", "coordinates": [ [ -5000000.0, -2370000.0 ], [ 5200000.0, -2370000.0 ] ] } },
{ "type": "Feature", "properties": { "id": 439, "left": -5000000.0, "top": -2380000.0, "right": 5200000.0, "bottom": -2380000.0, "grid_x": "G 0", "grid_y": "N 2" }, "geometry": { "type": "LineString", "coordinates": [ [ -5000000.0, -2380000.0 ], [ 5200000.0, -2380000.0 ] ] } },
{ "type": "Feature", "properties": { "id": 440, "left": -5000000.0, "top": -2390000.0, "right": 5200000.0, "bottom": -2390000.0, "grid_x": "G 0", "grid_y": "N 1" }, "geometry": { "type": "LineString", "coordinates": [ [ -5000000.0, -2390000.0 ], [ 5200000.0, -2390000.0 ] ] } },
{ "type": "Feature", "properties": { "id": 441, "left": -5000000.0, "top": -2400000.0, "right": 5200000.0, "bottom": -2400000.0, "grid_x": "G 0", "grid_y": "N 0" }, "geometry": { "type": "LineString", "coordinates": [ [ -5000000.0, -2400000.0 ], [ 5200000.0, -2400000.0 ] ] } },
{ "type": "Feature", "properties": { "id": 442, "left": -5000000.0, "top": -2410000.0, "right": 5200000.0, "bottom": -2410000.0, "grid_x": "G 0", "grid_y": "M 9" }, "geometry": { "type": "LineString", "coordinates": [ [ -5000000.0, -2410000.0 ], [ 5200000.0, -2410000.0 ] ] } },
{ "type": "Feature", "properties": { "id": 443, "left": -5000000.0, "top": -2420000.0, "right": 5200000.0, "bottom": -2420000.0, "grid_x": "G 0", "grid_y": "M 8" }, "geometry": { "type": "LineString", "coordinates": [ [ -5000000.0, -2420000.0 ], [ 5200000.0, -2420000.0 ] ] } },
{ "type": "Feature", "properties": { "id": 444, "left": -5000000.0, "top": -2430000.0, "right": 5200000.0, "bottom": -2430000.0, "grid_x": "G 0", "grid_y": "M 7" }, "geometry": { "type": "LineString", "coordinates": [ [ -5000000.0, -2430000.0 ], [ 5200000.0, -2430000.0 ] ] } },
{ "type": "Feature", "properties": { "id": 445, "left": -5000000.0, "top": -2440000.0, "right": 5200000.0, "bottom": -2440000.0, "grid_x": "G 0", "grid_y": "M 6" }, "geometry": { "type": "LineString", "coordinates": [ [ -5000000.0, -2440000.0 ], [ 5200000.0, -2440000.0 ] ] } },
{ "type": "Feature", "properties": { "id": 446, "left": -5000000.0, "top": -2450000.0, "right": 5200000.0, "bottom": -2450000.0, "grid_x": "G 0", "grid_y": "M 5" }, "geometry": { "type": "LineString", "coordinates": [ [ -5000000.0, -2450000.0 ], [ 5200000.0, -2450000.0 ] ] } },
{ "type": "Feature", "properties": { "id": 447, "left": -5000000.0, "top": -2460000.0, "right": 5200000.0, "bottom": -2460000.0, "grid_x": "G 0", "grid_y": "M 4" }, "geometry": { "type": "LineString", "coordinates": [ [ -5000000.0, -2460000.0 ], [ 5200000.0, -2460000.0 ] ] } },
{ "type": "Feature", "properties": { "id": 448, "left": -5000000.0, "top": -2470000.0, "right": 5200000.0, "bottom": -2470000.0, "grid_x": "G 0", "grid_y": "M 3" }, "geometry": { "type": "LineString", "coordinates": [ [ -5000000.0, -2470000.0 ], [ 5200000.0, -2470000.0 ] ] } },
{ "type": "Feature", "properties": { "id": 449, "left": -5000000.0, "top": -2480000.0, "right": 5200000.0, "bottom": -2480000.0, "grid_x": "G 0", "grid_y": "M 2" }, "geometry": { "type": "LineString", "coordinates": [ [ -5000000.0, -2480000.0 ], [ 5200000.0, -2480000.0 ] ] } },
{ "type": "Feature", "properties": { "id": 450, "left": -5000000.0, "top": -2490000.0, "right": 5200000.0, "bottom": -2490000.0, "grid_x": "G 0", "grid_y": "M 1" }, "geometry": { "type": "LineString", "coordinates": [ [ -5000000.0, -2490000.0 ], [ 5200000.0, -2490000.0 ] ] } },
{ "type": "Feature", "properties": { "id": 451, "left": -5000000.0, "top": -2500000.0, "right": 5200000.0, "bottom": -2500000.0, "grid_x": "G 0", "grid_y": "M 0" }, "geometry": { "type": "LineString", "coordinates": [ [ -5000000.0, -2500000.0 ], [ 5200000.0, -2500000.0 ] ] } },
{ "type": "Feature", "properties": { "id": 452, "left": -5000000.0, "top": -2510000.0, "right": 5200000.0, "bottom": -2510000.0, "grid_x": "G 0", "grid_y": "L 9" }, "geometry": { "type": "LineString", "coordinates": [ [ -5000000.0, -2510000.0 ], [ 5200000.0, -2510000.0 ] ] } },
{ "type": "Feature", "properties": { "id": 453, "left": -5000000.0, "top": -2520000.0, "right": 5200000.0, "bottom": -2520000.0, "grid_x": "G 0", "grid_y": "L 8" }, "geometry": { "type": "LineString", "coordinates": [ [ -5000000.0, -2520000.0 ], [ 5200000.0, -2520000.0 ] ] } },
{ "type": "Feature", "properties": { "id": 454, "left": -5000000.0, "top": -2530000.0, "right": 5200000.0, "bottom": -2530000.0, "grid_x": "G 0", "grid_y": "L 7" }, "geometry": { "type": "LineString", "coordinates": [ [ -5000000.0, -2530000.0 ], [ 5200000.0, -2530000.0 ] ] } },
{ "type": "Feature", "properties": { "id": 455, "left": -5000000.0, "top": -2540000.0, "right": 5200000.0, "bottom": -2540000.0, "grid_x": "G 0", "grid_y": "L 6" }, "geometry": { "type": "LineString", "coordinates": [ [ -5000000.0, -2540000.0 ], [ 5200000.0, -2540000.0 ] ] } },
{ "type": "Feature", "properties": { "id": 456, "left": -5000000.0, "top": -2550000.0, "right": 5200000.0, "bottom": -2550000.0, "grid_x": "G 0", "grid_y": "L 5" }, "geometry": { "type": "LineString", "coordinates": [ [ -5000000.0, -2550000.0 ], [ 5200000.0, -2550000.0 ] ] } },
{ "type": "Feature", "properties": { "id": 457, "left": -5000000.0, "top": -2560000.0, "right": 5200000.0, "bottom": -2560000.0, "grid_x": "G 0", "grid_y": "L 4" }, "geometry": { "type": "LineString", "coordinates": [ [ -5000000.0, -2560000.0 ], [ 5200000.0, -2560000.0 ] ] } },
{ "type": "Feature", "properties": { "id": 458, "left": -5000000.0, "top": -2570000.0, "right": 5200000.0, "bottom": -2570000.0, "grid_x": "G 0", "grid_y": "L 3" }, "geometry": { "type": "LineString", "coordinates": [ [ -5000000.0, -2570000.0 ], [ 5200000.0, -2570000.0 ] ] } },
{ "type": "Feature", "properties": { "id": 459, "left": -5000000.0, "top": -2580000.0, "right": 5200000.0, "bottom": -2580000.0, "grid_x": "G 0", "grid_y": "L 2" }, "geometry": { "type": "LineString", "coordinates": [ [ -5000000.0, -2580000.0 ], [ 5200000.0, -2580000.0 ] ] } },
{ "type": "Feature", "properties": { "id": 460, "left": -5000000.0, "top": -2590000.0, "right": 5200000.0, "bottom": -2590000.0, "grid_x": "G 0", "grid_y": "L 1" }, "geometry": { "type": "LineString", "coordinates": [ [ -5000000.0, -2590000.0 ], [ 5200000.0, -2590000.0 ] ] } },
{ "type": "Feature", "properties": { "id": 461, "left": -5000000.0, "top": -2600000.0, "right": 5200000.0, "bottom": -2600000.0, "grid_x": "G 0", "grid_y": "L 0" }, "geometry": { "type": "LineString", "coordinates": [ [ -5000000.0, -2600000.0 ], [ 5200000.0, -2600000.0 ] ] } },
{ "type": "Feature", "properties": { "id": 462, "left": -5000000.0, "top": -2610000.0, "right": 5200000.0, "bottom": -2610000.0, "grid_x": "G 0", "grid_y": "K 9" }, "geometry": { "type": "LineString", "coordinates": [ [ -5000000.0, -2610000.0 ], [ 5200000.0, -2610000.0 ] ] } },
{ "type": "Feature", "properties": { "id": 463, "left": -5000000.0, "top": -2620000.0, "right": 5200000.0, "bottom": -2620000.0, "grid_x": "G 0", "grid_y": "K 8" }, "geometry": { "type": "LineString", "coordinates": [ [ -5000000.0, -2620000.0 ], [ 5200000.0, -2620000.0 ] ] } },
{ "type": "Feature", "properties": { "id": 464, "left": -5000000.0, "top": -2630000.0, "right": 5200000.0, "bottom": -2630000.0, "grid_x": "G 0", "grid_y": "K 7" }, "geometry": { "type": "LineString", "coordinates": [ [ -5000000.0, -2630000.0 ], [ 5200000.0, -2630000.0 ] ] } },
{ "type": "Feature", "properties": { "id": 465, "left": -5000000.0, "top": -2640000.0, "right": 5200000.0, "bottom": -2640000.0, "grid_x": "G 0", "grid_y": "K 6" }, "geometry": { "type": "LineString", "coordinates": [ [ -5000000.0, -2640000.0 ], [ 5200000.0, -2640000.0 ] ] } },
{ "type": "Feature", "properties": { "id": 466, "left": -5000000.0, "top": -2650000.0, "right": 5200000.0, "bottom": -2650000.0, "grid_x": "G 0", "grid_y": "K 5" }, "geometry": { "type": "LineString", "coordinates": [ [ -5000000.0, -2650000.0 ], [ 5200000.0, -2650000.0 ] ] } },
{ "type": "Feature", "properties": { "id": 467, "left": -5000000.0, "top": -2660000.0, "right": 5200000.0, "bottom": -2660000.0, "grid_x": "G 0", "grid_y": "K 4" }, "geometry": { "type": "LineString", "coordinates": [ [ -5000000.0, -2660000.0 ], [ 5200000.0, -2660000.0 ] ] } },
{ "type": "Feature", "properties": { "id": 468, "left": -5000000.0, "top": -2670000.0, "right": 5200000.0, "bottom": -2670000.0, "grid_x": "G 0", "grid_y": "K 3" }, "geometry": { "type": "LineString", "coordinates": [ [ -5000000.0, -2670000.0 ], [ 5200000.0, -2670000.0 ] ] } },
{ "type": "Feature", "properties": { "id": 469, "left": -5000000.0, "top": -2680000.0, "right": 5200000.0, "bottom": -2680000.0, "grid_x": "G 0", "grid_y": "K 2" }, "geometry": { "type": "LineString", "coordinates": [ [ -5000000.0, -2680000.0 ], [ 5200000.0, -2680000.0 ] ] } },
{ "type": "Feature", "properties": { "id": 470, "left": -5000000.0, "top": -2690000.0, "right": 5200000.0, "bottom": -2690000.0, "grid_x": "G 0", "grid_y": "K 1" }, "geometry": { "type": "LineString", "coordinates": [ [ -5000000.0, -2690000.0 ], [ 5200000.0, -2690000.0 ] ] } },
{ "type": "Feature", "properties": { "id": 471, "left": -5000000.0, "top": -2700000.0, "right": 5200000.0, "bottom": -2700000.0, "grid_x": "G 0", "grid_y": "K 0" }, "geometry": { "type": "LineString", "coordinates": [ [ -5000000.0, -2700000.0 ], [ 5200000.0, -2700000.0 ] ] } },
{ "type": "Feature", "properties": { "id": 472, "left": -5000000.0, "top": -2710000.0, "right": 5200000.0, "bottom": -2710000.0, "grid_x": "G 0", "grid_y": "J 9" }, "geometry": { "type": "LineString", "coordinates": [ [ -5000000.0, -2710000.0 ], [ 5200000.0, -2710000.0 ] ] } },
{ "type": "Feature", "properties": { "id": 473, "left": -5000000.0, "top": -2720000.0, "right": 5200000.0, "bottom": -2720000.0, "grid_x": "G 0", "grid_y": "J 8" }, "geometry": { "type": "LineString", "coordinates": [ [ -5000000.0, -2720000.0 ], [ 5200000.0, -2720000.0 ] ] } },
{ "type": "Feature", "properties": { "id": 474, "left": -5000000.0, "top": -2730000.0, "right": 5200000.0, "bottom": -2730000.0, "grid_x": "G 0", "grid_y": "J 7" }, "geometry": { "type": "LineString", "coordinates": [ [ -5000000.0, -2730000.0 ], [ 5200000.0, -2730000.0 ] ] } },
{ "type": "Feature", "properties": { "id": 475, "left": -5000000.0, "top": -2740000.0, "right": 5200000.0, "bottom": -2740000.0, "grid_x": "G 0", "grid_y": "J 6" }, "geometry": { "type": "LineString", "coordinates": [ [ -5000000.0, -2740000.0 ], [ 5200000.0, -2740000.0 ] ] } },
{ "type": "Feature", "properties": { "id": 476, "left": -5000000.0, "top": -2750000.0, "right": 5200000.0, "bottom": -2750000.0, "grid_x": "G 0", "grid_y": "J 5" }, "geometry": { "type": "LineString", "coordinates": [ [ -5000000.0, -2750000.0 ], [ 5200000.0, -2750000.0 ] ] } },
{ "type": "Feature", "properties": { "id": 477, "left": -5000000.0, "top": -2760000.0, "right": 5200000.0, "bottom": -2760000.0, "grid_x": "G 0", "grid_y": "J 4" }, "geometry": { "type": "LineString", "coordinates": [ [ -5000000.0, -2760000.0 ], [ 5200000.0, -2760000.0 ] ] } },
{ "type": "Feature", "properties": { "id": 478, "left": -5000000.0, "top": -2770000.0, "right": 5200000.0, "bottom": -2770000.0, "grid_x": "G 0", "grid_y": "J 3" }, "geometry": { "type": "LineString", "coordinates": [ [ -5000000.0, -2770000.0 ], [ 5200000.0, -2770000.0 ] ] } },
{ "type": "Feature", "properties": { "id": 479, "left": -5000000.0, "top": -2780000.0, "right": 5200000.0, "bottom": -2780000.0, "grid_x": "G 0", "grid_y": "J 2" }, "geometry": { "type": "LineString", "coordinates": [ [ -5000000.0, -2780000.0 ], [ 5200000.0, -2780000.0 ] ] } },
{ "type": "Feature", "properties": { "id": 480, "left": -5000000.0, "top": -2790000.0, "right": 5200000.0, "bottom": -2790000.0, "grid_x": "G 0", "grid_y": "J 1" }, "geometry": { "type": "LineString", "coordinates": [ [ -5000000.0, -2790000.0 ], [ 5200000.0, -2790000.0 ] ] } },
{ "type": "Feature", "properties": { "id": 481, "left": -5000000.0, "top": -2800000.0, "right": 5200000.0, "bottom": -2800000.0, "grid_x": "G 0", "grid_y": "J 0" }, "geometry": { "type": "LineString", "coordinates": [ [ -5000000.0, -2800000.0 ], [ 5200000.0, -2800000.0 ] ] } },
{ "type": "Feature", "properties": { "id": 482, "left": -5000000.0, "top": -2810000.0, "right": 5200000.0, "bottom": -2810000.0, "grid_x": "G 0", "grid_y": "H 9" }, "geometry": { "type": "LineString", "coordinates": [ [ -5000000.0, -2810000.0 ], [ 5200000.0, -2810000.0 ] ] } },
{ "type": "Feature", "properties": { "id": 483, "left": -5000000.0, "top": -2820000.0, "right": 5200000.0, "bottom": -2820000.0, "grid_x": "G 0", "grid_y": "H 8" }, "geometry": { "type": "LineString", "coordinates": [ [ -5000000.0, -2820000.0 ], [ 5200000.0, -2820000.0 ] ] } },
{ "type": "Feature", "properties": { "id": 484, "left": -5000000.0, "top": -2830000.0, "right": 5200000.0, "bottom": -2830000.0, "grid_x": "G 0", "grid_y": "H 7" }, "geometry": { "type": "LineString", "coordinates": [ [ -5000000.0, -2830000.0 ], [ 5200000.0, -2830000.0 ] ] } },
{ "type": "Feature", "properties": { "id": 485, "left": -5000000.0, "top": -2840000.0, "right": 5200000.0, "bottom": -2840000.0, "grid_x": "G 0", "grid_y": "H 6" }, "geometry": { "type": "LineString", "coordinates": [ [ -5000000.0, -2840000.0 ], [ 5200000.0, -2840000.0 ] ] } },
{ "type": "Feature", "properties": { "id": 486, "left": -5000000.0, "top": -2850000.0, "right": 5200000.0, "bottom": -2850000.0, "grid_x": "G 0", "grid_y": "H 5" }, "geometry": { "type": "LineString", "coordinates": [ [ -5000000.0, -2850000.0 ], [ 5200000.0, -2850000.0 ] ] } },
{ "type": "Feature", "properties": { "id": 487, "left": -5000000.0, "top": -2860000.0, "right": 5200000.0, "bottom": -2860000.0, "grid_x": "G 0", "grid_y": "H 4" }, "geometry": { "type": "LineString", "coordinates": [ [ -5000000.0, -2860000.0 ], [ 5200000.0, -2860000.0 ] ] } },
{ "type": "Feature", "properties": { "id": 488, "left": -5000000.0, "top": -2870000.0, "right": 5200000.0, "bottom": -2870000.0, "grid_x": "G 0", "grid_y": "H 3" }, "geometry": { "type": "LineString", "coordinates": [ [ -5000000.0, -2870000.0 ], [ 5200000.0, -2870000.0 ] ] } },
{ "type": "Feature", "properties": { "id": 489, "left": -5000000.0, "top": -2880000.0, "right": 5200000.0, "bottom": -2880000.0, "grid_x": "G 0", "grid_y": "H 2" }, "geometry": { "type": "LineString", "coordinates": [ [ -5000000.0, -2880000.0 ], [ 5200000.0, -2880000.0 ] ] } },
{ "type": "Feature", "properties": { "id": 490, "left": -5000000.0, "top": -2890000.0, "right": 5200000.0, "bottom": -2890000.0, "grid_x": "G 0", "grid_y": "H 1" }, "geometry": { "type": "LineString", "coordinates": [ [ -5000000.0, -2890000.0 ], [ 5200000.0, -2890000.0 ] ] } },
{ "type": "Feature", "properties": { "id": 491, "left": -5000000.0, "top": -2900000.0, "right": 5200000.0, "bottom": -2900000.0, "grid_x": "G 0", "grid_y": "H 0" }, "geometry": { "type": "LineString", "coordinates": [ [ -5000000.0, -2900000.0 ], [ 5200000.0, -2900000.0 ] ] } },
{ "type": "Feature", "properties": { "id": 492, "left": -5000000.0, "top": -2910000.0, "right": 5200000.0, "bottom": -2910000.0, "grid_x": "G 0", "grid_y": "G 9" }, "geometry": { "type": "LineString", "coordinates": [ [ -5000000.0, -2910000.0 ], [ 5200000.0, -2910000.0 ] ] } },
{ "type": "Feature", "properties": { "id": 493, "left": -5000000.0, "top": -2920000.0, "right": 5200000.0, "bottom": -2920000.0, "grid_x": "G 0", "grid_y": "G 8" }, "geometry": { "type": "LineString", "coordinates": [ [ -5000000.0, -2920000.0 ], [ 5200000.0, -2920000.0 ] ] } },
{ "type": "Feature", "properties": { "id": 494, "left": -5000000.0, "top": -2930000.0, "right": 5200000.0, "bottom": -2930000.0, "grid_x": "G 0", "grid_y": "G 7" }, "geometry": { "type": "LineString", "coordinates": [ [ -5000000.0, -2930000.0 ], [ 5200000.0, -2930000.0 ] ] } },
{ "type": "Feature", "properties": { "id": 495, "left": -5000000.0, "top": -2940000.0, "right": 5200000.0, "bottom": -2940000.0, "grid_x": "G 0", "grid_y": "G 6" }, "geometry": { "type": "LineString", "coordinates": [ [ -5000000.0, -2940000.0 ], [ 5200000.0, -2940000.0 ] ] } },
{ "type": "Feature", "properties": { "id": 496, "left": -5000000.0, "top": -2950000.0, "right": 5200000.0, "bottom": -2950000.0, "grid_x": "G 0", "grid_y": "G 5" }, "geometry": { "type": "LineString", "coordinates": [ [ -5000000.0, -2950000.0 ], [ 5200000.0, -2950000.0 ] ] } },
{ "type": "Feature", "properties": { "id": 497, "left": -5000000.0, "top": -2960000.0, "right": 5200000.0, "bottom": -2960000.0, "grid_x": "G 0", "grid_y": "G 4" }, "geometry": { "type": "LineString", "coordinates": [ [ -5000000.0, -2960000.0 ], [ 5200000.0, -2960000.0 ] ] } },
{ "type": "Feature", "properties": { "id": 498, "left": -5000000.0, "top": -2970000.0, "right": 5200000.0, "bottom": -2970000.0, "grid_x": "G 0", "grid_y": "G 3" }, "geometry": { "type": "LineString", "coordinates": [ [ -5000000.0, -2970000.0 ], [ 5200000.0, -2970000.0 ] ] } },
{ "type": "Feature", "properties": { "id": 499, "left": -5000000.0, "top": -2980000.0, "right": 5200000.0, "bottom": -2980000.0, "grid_x": "G 0", "grid_y": "G 2" }, "geometry": { "type": "LineString", "coordinates": [ [ -5000000.0, -2980000.0 ], [ 5200000.0, -2980000.0 ] ] } },
{ "type": "Feature", "properties": { "id": 500, "left": -5000000.0, "top": -2990000.0, "right": 5200000.0, "bottom": -2990000.0, "grid_x": "G 0", "grid_y": "G 1" }, "geometry": { "type": "LineString", "coordinates": [ [ -5000000.0, -2990000.0 ], [ 5200000.0, -2990000.0 ] ] } },
{ "type": "Feature", "properties": { "id": 501, "left": -5000000.0, "top": -3000000.0, "right": 5200000.0, "bottom": -3000000.0, "grid_x": "G 0", "grid_y": "G 0" }, "geometry": { "type": "LineString", "coordinates": [ [ -5000000.0, -3000000.0 ], [ 5200000.0, -3000000.0 ] ] } },
{ "type": "Feature", "properties": { "id": 502, "left": -5000000.0, "top": -3010000.0, "right": 5200000.0, "bottom": -3010000.0, "grid_x": "G 0", "grid_y": "F 9" }, "geometry": { "type": "LineString", "coordinates": [ [ -5000000.0, -3010000.0 ], [ 5200000.0, -3010000.0 ] ] } },
{ "type": "Feature", "properties": { "id": 503, "left": -5000000.0, "top": -3020000.0, "right": 5200000.0, "bottom": -3020000.0, "grid_x": "G 0", "grid_y": "F 8" }, "geometry": { "type": "LineString", "coordinates": [ [ -5000000.0, -3020000.0 ], [ 5200000.0, -3020000.0 ] ] } },
{ "type": "Feature", "properties": { "id": 504, "left": -5000000.0, "top": -3030000.0, "right": 5200000.0, "bottom": -3030000.0, "grid_x": "G 0", "grid_y": "F 7" }, "geometry": { "type": "LineString", "coordinates": [ [ -5000000.0, -3030000.0 ], [ 5200000.0, -3030000.0 ] ] } },
{ "type": "Feature", "properties": { "id": 505, "left": -5000000.0, "top": -3040000.0, "right": 5200000.0, "bottom": -3040000.0, "grid_x": "G 0", "grid_y": "F 6" }, "geometry": { "type": "LineString", "coordinates": [ [ -5000000.0, -3040000.0 ], [ 5200000.0, -3040000.0 ] ] } },
{ "type": "Feature", "properties": { "id": 506, "left": -5000000.0, "top": -3050000.0, "right": 5200000.0, "bottom": -3050000.0, "grid_x": "G 0", "grid_y": "F 5" }, "geometry": { "type": "LineString", "coordinates": [ [ -5000000.0, -3050000.0 ], [ 5200000.0, -3050000.0 ] ] } },
{ "type": "Feature", "properties": { "id": 507, "left": -5000000.0, "top": -3060000.0, "right": 5200000.0, "bottom": -3060000.0, "grid_x": "G 0", "grid_y": "F 4" }, "geometry": { "type": "LineString", "coordinates": [ [ -5000000.0, -3060000.0 ], [ 5200000.0, -3060000.0 ] ] } },
{ "type": "Feature", "properties": { "id": 508, "left": -5000000.0, "top": -3070000.0, "right": 5200000.0, "bottom": -3070000.0, "grid_x": "G 0", "grid_y": "F 3" }, "geometry": { "type": "LineString", "coordinates": [ [ -5000000.0, -3070000.0 ], [ 5200000.0, -3070000.0 ] ] } },
{ "type": "Feature", "properties": { "id": 509, "left": -5000000.0, "top": -3080000.0, "right": 5200000.0, "bottom": -3080000.0, "grid_x": "G 0", "grid_y": "F 2" }, "geometry": { "type": "LineString", "coordinates": [ [ -5000000.0, -3080000.0 ], [ 5200000.0, -3080000.0 ] ] } },
{ "type": "Feature", "properties": { "id": 510, "left": -5000000.0, "top": -3090000.0, "right": 5200000.0, "bottom": -3090000.0, "grid_x": "G 0", "grid_y": "F 1" }, "geometry": { "type": "LineString", "coordinates": [ [ -5000000.0, -3090000.0 ], [ 5200000.0, -3090000.0 ] ] } },
{ "type": "Feature", "properties": { "id": 511, "left": -5000000.0, "top": -3100000.0, "right": 5200000.0, "bottom": -3100000.0, "grid_x": "G 0", "grid_y": "F 0" }, "geometry": { "type": "LineString", "coordinates": [ [ -5000000.0, -3100000.0 ], [ 5200000.0, -3100000.0 ] ] } },
{ "type": "Feature", "properties": { "id": 512, "left": -5000000.0, "top": -3110000.0, "right": 5200000.0, "bottom": -3110000.0, "grid_x": "G 0", "grid_y": "E 9" }, "geometry": { "type": "LineString", "coordinates": [ [ -5000000.0, -3110000.0 ], [ 5200000.0, -3110000.0 ] ] } },
{ "type": "Feature", "properties": { "id": 513, "left": -5000000.0, "top": -3120000.0, "right": 5200000.0, "bottom": -3120000.0, "grid_x": "G 0", "grid_y": "E 8" }, "geometry": { "type": "LineString", "coordinates": [ [ -5000000.0, -3120000.0 ], [ 5200000.0, -3120000.0 ] ] } },
{ "type": "Feature", "properties": { "id": 514, "left": -5000000.0, "top": -3130000.0, "right": 5200000.0, "bottom": -3130000.0, "grid_x": "G 0", "grid_y": "E 7" }, "geometry": { "type": "LineString", "coordinates": [ [ -5000000.0, -3130000.0 ], [ 5200000.0, -3130000.0 ] ] } },
{ "type": "Feature", "properties": { "id": 515, "left": -5000000.0, "top": -3140000.0, "right": 5200000.0, "bottom": -3140000.0, "grid_x": "G 0", "grid_y": "E 6" }, "geometry": { "type": "LineString", "coordinates": [ [ -5000000.0, -3140000.0 ], [ 5200000.0, -3140000.0 ] ] } },
{ "type": "Feature", "properties": { "id": 516, "left": -5000000.0, "top": -3150000.0, "right": 5200000.0, "bottom": -3150000.0, "grid_x": "G 0", "grid_y": "E 5" }, "geometry": { "type": "LineString", "coordinates": [ [ -5000000.0, -3150000.0 ], [ 5200000.0, -3150000.0 ] ] } },
{ "type": "Feature", "properties": { "id": 517, "left": -5000000.0, "top": -3160000.0, "right": 5200000.0, "bottom": -3160000.0, "grid_x": "G 0", "grid_y": "E 4" }, "geometry": { "type": "LineString", "coordinates": [ [ -5000000.0, -3160000.0 ], [ 5200000.0, -3160000.0 ] ] } },
{ "type": "Feature", "properties": { "id": 518, "left": -5000000.0, "top": -3170000.0, "right": 5200000.0, "bottom": -3170000.0, "grid_x": "G 0", "grid_y": "E 3" }, "geometry": { "type": "LineString", "coordinates": [ [ -5000000.0, -3170000.0 ], [ 5200000.0, -3170000.0 ] ] } },
{ "type": "Feature", "properties": { "id": 519, "left": -5000000.0, "top": -3180000.0, "right": 5200000.0, "bottom": -3180000.0, "grid_x": "G 0", "grid_y": "E 2" }, "geometry": { "type": "LineString", "coordinates": [ [ -5000000.0, -3180000.0 ], [ 5200000.0, -3180000.0 ] ] } },
{ "type": "Feature", "properties": { "id": 520, "left": -5000000.0, "top": -3190000.0, "right": 5200000.0, "bottom": -3190000.0, "grid_x": "G 0", "grid_y": "E 1" }, "geometry": { "type": "LineString", "coordinates": [ [ -5000000.0, -3190000.0 ], [ 5200000.0, -3190000.0 ] ] } },
{ "type": "Feature", "properties": { "id": 521, "left": -5000000.0, "top": -3200000.0, "right": 5200000.0, "bottom": -3200000.0, "grid_x": "G 0", "grid_y": "E 0" }, "geometry": { "type": "LineString", "coordinates": [ [ -5000000.0, -3200000.0 ], [ 5200000.0, -3200000.0 ] ] } },
{ "type": "Feature", "properties": { "id": 522, "left": -5000000.0, "top": -3210000.0, "right": 5200000.0, "bottom": -3210000.0, "grid_x": "G 0", "grid_y": "D 9" }, "geometry": { "type": "LineString", "coordinates": [ [ -5000000.0, -3210000.0 ], [ 5200000.0, -3210000.0 ] ] } },
{ "type": "Feature", "properties": { "id": 523, "left": -5000000.0, "top": -3220000.0, "right": 5200000.0, "bottom": -3220000.0, "grid_x": "G 0", "grid_y": "D 8" }, "geometry": { "type": "LineString", "coordinates": [ [ -5000000.0, -3220000.0 ], [ 5200000.0, -3220000.0 ] ] } },
{ "type": "Feature", "properties": { "id": 524, "left": -5000000.0, "top": -3230000.0, "right": 5200000.0, "bottom": -3230000.0, "grid_x": "G 0", "grid_y": "D 7" }, "geometry": { "type": "LineString", "coordinates": [ [ -5000000.0, -3230000.0 ], [ 5200000.0, -3230000.0 ] ] } },
{ "type": "Feature", "properties": { "id": 525, "left": -5000000.0, "top": -3240000.0, "right": 5200000.0, "bottom": -3240000.0, "grid_x": "G 0", "grid_y": "D 6" }, "geometry": { "type": "LineString", "coordinates": [ [ -5000000.0, -3240000.0 ], [ 5200000.0, -3240000.0 ] ] } },
{ "type": "Feature", "properties": { "id": 526, "left": -5000000.0, "top": -3250000.0, "right": 5200000.0, "bottom": -3250000.0, "grid_x": "G 0", "grid_y": "D 5" }, "geometry": { "type": "LineString", "coordinates": [ [ -5000000.0, -3250000.0 ], [ 5200000.0, -3250000.0 ] ] } },
{ "type": "Feature", "properties": { "id": 527, "left": -5000000.0, "top": -3260000.0, "right": 5200000.0, "bottom": -3260000.0, "grid_x": "G 0", "grid_y": "D 4" }, "geometry": { "type": "LineString", "coordinates": [ [ -5000000.0, -3260000.0 ], [ 5200000.0, -3260000.0 ] ] } },
{ "type": "Feature", "properties": { "id": 528, "left": -5000000.0, "top": -3270000.0, "right": 5200000.0, "bottom": -3270000.0, "grid_x": "G 0", "grid_y": "D 3" }, "geometry": { "type": "LineString", "coordinates": [ [ -5000000.0, -3270000.0 ], [ 5200000.0, -3270000.0 ] ] } },
{ "type": "Feature", "properties": { "id": 529, "left": -5000000.0, "top": -3280000.0, "right": 5200000.0, "bottom": -3280000.0, "grid_x": "G 0", "grid_y": "D 2" }, "geometry": { "type": "LineString", "coordinates": [ [ -5000000.0, -3280000.0 ], [ 5200000.0, -3280000.0 ] ] } },
{ "type": "Feature", "properties": { "id": 530, "left": -5000000.0, "top": -3290000.0, "right": 5200000.0, "bottom": -3290000.0, "grid_x": "G 0", "grid_y": "D 1" }, "geometry": { "type": "LineString", "coordinates": [ [ -5000000.0, -3290000.0 ], [ 5200000.0, -3290000.0 ] ] } },
{ "type": "Feature", "properties": { "id": 531, "left": -5000000.0, "top": -3300000.0, "right": 5200000.0, "bottom": -3300000.0, "grid_x": "G 0", "grid_y": "D 0" }, "geometry": { "type": "LineString", "coordinates": [ [ -5000000.0, -3300000.0 ], [ 5200000.0, -3300000.0 ] ] } },
{ "type": "Feature", "properties": { "id": 532, "left": -5000000.0, "top": -3310000.0, "right": 5200000.0, "bottom": -3310000.0, "grid_x": "G 0", "grid_y": "C 9" }, "geometry": { "type": "LineString", "coordinates": [ [ -5000000.0, -3310000.0 ], [ 5200000.0, -3310000.0 ] ] } },
{ "type": "Feature", "properties": { "id": 533, "left": -5000000.0, "top": -3320000.0, "right": 5200000.0, "bottom": -3320000.0, "grid_x": "G 0", "grid_y": "C 8" }, "geometry": { "type": "LineString", "coordinates": [ [ -5000000.0, -3320000.0 ], [ 5200000.0, -3320000.0 ] ] } },
{ "type": "Feature", "properties": { "id": 534, "left": -5000000.0, "top": -3330000.0, "right": 5200000.0, "bottom": -3330000.0, "grid_x": "G 0", "grid_y": "C 7" }, "geometry": { "type": "LineString", "coordinates": [ [ -5000000.0, -3330000.0 ], [ 5200000.0, -3330000.0 ] ] } },
{ "type": "Feature", "properties": { "id": 535, "left": -5000000.0, "top": -3340000.0, "right": 5200000.0, "bottom": -3340000.0, "grid_x": "G 0", "grid_y": "C 6" }, "geometry": { "type": "LineString", "coordinates": [ [ -5000000.0, -3340000.0 ], [ 5200000.0, -3340000.0 ] ] } },
{ "type": "Feature", "properties": { "id": 536, "left": -5000000.0, "top": -3350000.0, "right": 5200000.0, "bottom": -3350000.0, "grid_x": "G 0", "grid_y": "C 5" }, "geometry": { "type": "LineString", "coordinates": [ [ -5000000.0, -3350000.0 ], [ 5200000.0, -3350000.0 ] ] } },
{ "type": "Feature", "properties": { "id": 537, "left": -5000000.0, "top": -3360000.0, "right": 5200000.0, "bottom": -3360000.0, "grid_x": "G 0", "grid_y": "C 4" }, "geometry": { "type": "LineString", "coordinates": [ [ -5000000.0, -3360000.0 ], [ 5200000.0, -3360000.0 ] ] } },
{ "type": "Feature", "properties": { "id": 538, "left": -5000000.0, "top": -3370000.0, "right": 5200000.0, "bottom": -3370000.0, "grid_x": "G 0", "grid_y": "C 3" }, "geometry": { "type": "LineString", "coordinates": [ [ -5000000.0, -3370000.0 ], [ 5200000.0, -3370000.0 ] ] } },
{ "type": "Feature", "properties": { "id": 539, "left": -5000000.0, "top": -3380000.0, "right": 5200000.0, "bottom": -3380000.0, "grid_x": "G 0", "grid_y": "C 2" }, "geometry": { "type": "LineString", "coordinates": [ [ -5000000.0, -3380000.0 ], [ 5200000.0, -3380000.0 ] ] } },
{ "type": "Feature", "properties": { "id": 540, "left": -5000000.0, "top": -3390000.0, "right": 5200000.0, "bottom": -3390000.0, "grid_x": "G 0", "grid_y": "C 1" }, "geometry": { "type": "LineString", "coordinates": [ [ -5000000.0, -3390000.0 ], [ 5200000.0, -3390000.0 ] ] } },
{ "type": "Feature", "properties": { "id": 541, "left": -5000000.0, "top": -3400000.0, "right": 5200000.0, "bottom": -3400000.0, "grid_x": "G 0", "grid_y": "C 0" }, "geometry": { "type": "LineString", "coordinates": [ [ -5000000.0, -3400000.0 ], [ 5200000.0, -3400000.0 ] ] } },
{ "type": "Feature", "properties": { "id": 542, "left": -5000000.0, "top": -3410000.0, "right": 5200000.0, "bottom": -3410000.0, "grid_x": "G 0", "grid_y": "B 9" }, "geometry": { "type": "LineString", "coordinates": [ [ -5000000.0, -3410000.0 ], [ 5200000.0, -3410000.0 ] ] } },
{ "type": "Feature", "properties": { "id": 543, "left": -5000000.0, "top": -3420000.0, "right": 5200000.0, "bottom": -3420000.0, "grid_x": "G 0", "grid_y": "B 8" }, "geometry": { "type": "LineString", "coordinates": [ [ -5000000.0, -3420000.0 ], [ 5200000.0, -3420000.0 ] ] } },
{ "type": "Feature", "properties": { "id": 544, "left": -5000000.0, "top": -3430000.0, "right": 5200000.0, "bottom": -3430000.0, "grid_x": "G 0", "grid_y": "B 7" }, "geometry": { "type": "LineString", "coordinates": [ [ -5000000.0, -3430000.0 ], [ 5200000.0, -3430000.0 ] ] } },
{ "type": "Feature", "properties": { "id": 545, "left": -5000000.0, "top": -3440000.0, "right": 5200000.0, "bottom": -3440000.0, "grid_x": "G 0", "grid_y": "B 6" }, "geometry": { "type": "LineString", "coordinates": [ [ -5000000.0, -3440000.0 ], [ 5200000.0, -3440000.0 ] ] } },
{ "type": "Feature", "properties": { "id": 546, "left": -5000000.0, "top": -3450000.0, "right": 5200000.0, "bottom": -3450000.0, "grid_x": "G 0", "grid_y": "B 5" }, "geometry": { "type": "LineString", "coordinates": [ [ -5000000.0, -3450000.0 ], [ 5200000.0, -3450000.0 ] ] } },
{ "type": "Feature", "properties": { "id": 547, "left": -5000000.0, "top": -3460000.0, "right": 5200000.0, "bottom": -3460000.0, "grid_x": "G 0", "grid_y": "B 4" }, "geometry": { "type": "LineString", "coordinates": [ [ -5000000.0, -3460000.0 ], [ 5200000.0, -3460000.0 ] ] } },
{ "type": "Feature", "properties": { "id": 548, "left": -5000000.0, "top": -3470000.0, "right": 5200000.0, "bottom": -3470000.0, "grid_x": "G 0", "grid_y": "B 3" }, "geometry": { "type": "LineString", "coordinates": [ [ -5000000.0, -3470000.0 ], [ 5200000.0, -3470000.0 ] ] } },
{ "type": "Feature", "properties": { "id": 549, "left": -5000000.0, "top": -3480000.0, "right": 5200000.0, "bottom": -3480000.0, "grid_x": "G 0", "grid_y": "B 2" }, "geometry": { "type": "LineString", "coordinates": [ [ -5000000.0, -3480000.0 ], [ 5200000.0, -3480000.0 ] ] } },
{ "type": "Feature", "properties": { "id": 550, "left": -5000000.0, "top": -3490000.0, "right": 5200000.0, "bottom": -3490000.0, "grid_x": "G 0", "grid_y": "B 1" }, "geometry": { "type": "LineString", "coordinates": [ [ -5000000.0, -3490000.0 ], [ 5200000.0, -3490000.0 ] ] } },
{ "type": "Feature", "properties": { "id": 551, "left": -5000000.0, "top": -3500000.0, "right": 5200000.0, "bottom": -3500000.0, "grid_x": "G 0", "grid_y": "B 0" }, "geometry": { "type": "LineString", "coordinates": [ [ -5000000.0, -3500000.0 ], [ 5200000.0, -3500000.0 ] ] } },
{ "type": "Feature", "properties": { "id": 552, "left": -5000000.0, "top": -3510000.0, "right": 5200000.0, "bottom": -3510000.0, "grid_x": "G 0", "grid_y": "A 9" }, "geometry": { "type": "LineString", "coordinates": [ [ -5000000.0, -3510000.0 ], [ 5200000.0, -3510000.0 ] ] } },
{ "type": "Feature", "properties": { "id": 553, "left": -5000000.0, "top": -3520000.0, "right": 5200000.0, "bottom": -3520000.0, "grid_x": "G 0", "grid_y": "A 8" }, "geometry": { "type": "LineString", "coordinates": [ [ -5000000.0, -3520000.0 ], [ 5200000.0, -3520000.0 ] ] } },
{ "type": "Feature", "properties": { "id": 554, "left": -5000000.0, "top": -3530000.0, "right": 5200000.0, "bottom": -3530000.0, "grid_x": "G 0", "grid_y": "A 7" }, "geometry": { "type": "LineString", "coordinates": [ [ -5000000.0, -3530000.0 ], [ 5200000.0, -3530000.0 ] ] } },
{ "type": "Feature", "properties": { "id": 555, "left": -5000000.0, "top": -3540000.0, "right": 5200000.0, "bottom": -3540000.0, "grid_x": "G 0", "grid_y": "A 6" }, "geometry": { "type": "LineString", "coordinates": [ [ -5000000.0, -3540000.0 ], [ 5200000.0, -3540000.0 ] ] } },
{ "type": "Feature", "properties": { "id": 556, "left": -5000000.0, "top": -3550000.0, "right": 5200000.0, "bottom": -3550000.0, "grid_x": "G 0", "grid_y": "A 5" }, "geometry": { "type": "LineString", "coordinates": [ [ -5000000.0, -3550000.0 ], [ 5200000.0, -3550000.0 ] ] } },
{ "type": "Feature", "properties": { "id": 557, "left": -5000000.0, "top": -3560000.0, "right": 5200000.0, "bottom": -3560000.0, "grid_x": "G 0", "grid_y": "A 4" }, "geometry": { "type": "LineString", "coordinates": [ [ -5000000.0, -3560000.0 ], [ 5200000.0, -3560000.0 ] ] } },
{ "type": "Feature", "properties": { "id": 558, "left": -5000000.0, "top": -3570000.0, "right": 5200000.0, "bottom": -3570000.0, "grid_x": "G 0", "grid_y": "A 3" }, "geometry": { "type": "LineString", "coordinates": [ [ -5000000.0, -3570000.0 ], [ 5200000.0, -3570000.0 ] ] } },
{ "type": "Feature", "properties": { "id": 559, "left": -5000000.0, "top": -3580000.0, "right": 5200000.0, "bottom": -3580000.0, "grid_x": "G 0", "grid_y": "A 2" }, "geometry": { "type": "LineString", "coordinates": [ [ -5000000.0, -3580000.0 ], [ 5200000.0, -3580000.0 ] ] } },
{ "type": "Feature", "properties": { "id": 560, "left": -5000000.0, "top": -3590000.0, "right": 5200000.0, "bottom": -3590000.0, "grid_x": "G 0", "grid_y": "A 1" }, "geometry": { "type": "LineString", "coordinates": [ [ -5000000.0, -3590000.0 ], [ 5200000.0, -3590000.0 ] ] } },
{ "type": "Feature", "properties": { "id": 561, "left": -5000000.0, "top": -3600000.0, "right": 5200000.0, "bottom": -3600000.0, "grid_x": "G 0", "grid_y": "A 0" }, "geometry": { "type": "LineString", "coordinates": [ [ -5000000.0, -3600000.0 ], [ 5200000.0, -3600000.0 ] ] } },
{ "type": "Feature", "properties": { "id": 562, "left": -5000000.0, "top": -3610000.0, "right": 5200000.0, "bottom": -3610000.0, "grid_x": "G 0", "grid_y": "A 9" }, "geometry": { "type": "LineString", "coordinates": [ [ -5000000.0, -3610000.0 ], [ 5200000.0, -3610000.0 ] ] } },
{ "type": "Feature", "properties": { "id": 563, "left": -5000000.0, "top": -3620000.0, "right": 5200000.0, "bottom": -3620000.0, "grid_x": "G 0", "grid_y": "A 8" }, "geometry": { "type": "LineString", "coordinates": [ [ -5000000.0, -3620000.0 ], [ 5200000.0, -3620000.0 ] ] } },
{ "type": "Feature", "properties": { "id": 564, "left": -5000000.0, "top": -3630000.0, "right": 5200000.0, "bottom": -3630000.0, "grid_x": "G 0", "grid_y": "A 7" }, "geometry": { "type": "LineString", "coordinates": [ [ -5000000.0, -3630000.0 ], [ 5200000.0, -3630000.0 ] ] } },
{ "type": "Feature", "properties": { "id": 565, "left": -5000000.0, "top": -3640000.0, "right": 5200000.0, "bottom": -3640000.0, "grid_x": "G 0", "grid_y": "A 6" }, "geometry": { "type": "LineString", "coordinates": [ [ -5000000.0, -3640000.0 ], [ 5200000.0, -3640000.0 ] ] } },
{ "type": "Feature", "properties": { "id": 566, "left": -5000000.0, "top": -3650000.0, "right": 5200000.0, "bottom": -3650000.0, "grid_x": "G 0", "grid_y": "A 5" }, "geometry": { "type": "LineString", "coordinates": [ [ -5000000.0, -3650000.0 ], [ 5200000.0, -3650000.0 ] ] } },
{ "type": "Feature", "properties": { "id": 567, "left": -5000000.0, "top": -3660000.0, "right": 5200000.0, "bottom": -3660000.0, "grid_x": "G 0", "grid_y": "A 4" }, "geometry": { "type": "LineString", "coordinates": [ [ -5000000.0, -3660000.0 ], [ 5200000.0, -3660000.0 ] ] } },
{ "type": "Feature", "properties": { "id": 568, "left": -5000000.0, "top": -3670000.0, "right": 5200000.0, "bottom": -3670000.0, "grid_x": "G 0", "grid_y": "A 3" }, "geometry": { "type": "LineString", "coordinates": [ [ -5000000.0, -3670000.0 ], [ 5200000.0, -3670000.0 ] ] } },
{ "type": "Feature", "properties": { "id": 569, "left": -5000000.0, "top": -3680000.0, "right": 5200000.0, "bottom": -3680000.0, "grid_x": "G 0", "grid_y": "A 2" }, "geometry": { "type": "LineString", "coordinates": [ [ -5000000.0, -3680000.0 ], [ 5200000.0, -3680000.0 ] ] } },
{ "type": "Feature", "properties": { "id": 570, "left": -5000000.0, "top": -3690000.0, "right": 5200000.0, "bottom": -3690000.0, "grid_x": "G 0", "grid_y": "A 1" }, "geometry": { "type": "LineString", "coordinates": [ [ -5000000.0, -3690000.0 ], [ 5200000.0, -3690000.0 ] ] } },
{ "type": "Feature", "properties": { "id": 571, "left": -5000000.0, "top": -3700000.0, "right": 5200000.0, "bottom": -3700000.0, "grid_x": "G 0", "grid_y": "A 0" }, "geometry": { "type": "LineString", "coordinates": [ [ -5000000.0, -3700000.0 ], [ 5200000.0, -3700000.0 ] ] } },
{ "type": "Feature", "properties": { "id": 572, "left": -5000000.0, "top": -3710000.0, "right": 5200000.0, "bottom": -3710000.0, "grid_x": "G 0", "grid_y": "Z 9" }, "geometry": { "type": "LineString", "coordinates": [ [ -5000000.0, -3710000.0 ], [ 5200000.0, -3710000.0 ] ] } },
{ "type": "Feature", "properties": { "id": 573, "left": -5000000.0, "top": -3720000.0, "right": 5200000.0, "bottom": -3720000.0, "grid_x": "G 0", "grid_y": "Z 8" }, "geometry": { "type": "LineString", "coordinates": [ [ -5000000.0, -3720000.0 ], [ 5200000.0, -3720000.0 ] ] } },
{ "type": "Feature", "properties": { "id": 574, "left": -5000000.0, "top": -3730000.0, "right": 5200000.0, "bottom": -3730000.0, "grid_x": "G 0", "grid_y": "Z 7" }, "geometry": { "type": "LineString", "coordinates": [ [ -5000000.0, -3730000.0 ], [ 5200000.0, -3730000.0 ] ] } },
{ "type": "Feature", "properties": { "id": 575, "left": -5000000.0, "top": -3740000.0, "right": 5200000.0, "bottom": -3740000.0, "grid_x": "G 0", "grid_y": "Z 6" }, "geometry": { "type": "LineString", "coordinates": [ [ -5000000.0, -3740000.0 ], [ 5200000.0, -3740000.0 ] ] } },
{ "type": "Feature", "properties": { "id": 576, "left": -5000000.0, "top": -3750000.0, "right": 5200000.0, "bottom": -3750000.0, "grid_x": "G 0", "grid_y": "Z 5" }, "geometry": { "type": "LineString", "coordinates": [ [ -5000000.0, -3750000.0 ], [ 5200000.0, -3750000.0 ] ] } },
{ "type": "Feature", "properties": { "id": 577, "left": -5000000.0, "top": -3760000.0, "right": 5200000.0, "bottom": -3760000.0, "grid_x": "G 0", "grid_y": "Z 4" }, "geometry": { "type": "LineString", "coordinates": [ [ -5000000.0, -3760000.0 ], [ 5200000.0, -3760000.0 ] ] } },
{ "type": "Feature", "properties": { "id": 578, "left": -5000000.0, "top": -3770000.0, "right": 5200000.0, "bottom": -3770000.0, "grid_x": "G 0", "grid_y": "Z 3" }, "geometry": { "type": "LineString", "coordinates": [ [ -5000000.0, -3770000.0 ], [ 5200000.0, -3770000.0 ] ] } },
{ "type": "Feature", "properties": { "id": 579, "left": -5000000.0, "top": -3780000.0, "right": 5200000.0, "bottom": -3780000.0, "grid_x": "G 0", "grid_y": "Z 2" }, "geometry": { "type": "LineString", "coordinates": [ [ -5000000.0, -3780000.0 ], [ 5200000.0, -3780000.0 ] ] } },
{ "type": "Feature", "properties": { "id": 580, "left": -5000000.0, "top": -3790000.0, "right": 5200000.0, "bottom": -3790000.0, "grid_x": "G 0", "grid_y": "Z 1" }, "geometry": { "type": "LineString", "coordinates": [ [ -5000000.0, -3790000.0 ], [ 5200000.0, -3790000.0 ] ] } },
{ "type": "Feature", "properties": { "id": 581, "left": -5000000.0, "top": -3800000.0, "right": 5200000.0, "bottom": -3800000.0, "grid_x": "G 0", "grid_y": "Z 0" }, "geometry": { "type": "LineString", "coordinates": [ [ -5000000.0, -3800000.0 ], [ 5200000.0, -3800000.0 ] ] } },
{ "type": "Feature", "properties": { "id": 582, "left": -5000000.0, "top": -3810000.0, "right": 5200000.0, "bottom": -3810000.0, "grid_x": "G 0", "grid_y": "Y 9" }, "geometry": { "type": "LineString", "coordinates": [ [ -5000000.0, -3810000.0 ], [ 5200000.0, -3810000.0 ] ] } },
{ "type": "Feature", "properties": { "id": 583, "left": -5000000.0, "top": -3820000.0, "right": 5200000.0, "bottom": -3820000.0, "grid_x": "G 0", "grid_y": "Y 8" }, "geometry": { "type": "LineString", "coordinates": [ [ -5000000.0, -3820000.0 ], [ 5200000.0, -3820000.0 ] ] } },
{ "type": "Feature", "properties": { "id": 584, "left": -5000000.0, "top": -3830000.0, "right": 5200000.0, "bottom": -3830000.0, "grid_x": "G 0", "grid_y": "Y 7" }, "geometry": { "type": "LineString", "coordinates": [ [ -5000000.0, -3830000.0 ], [ 5200000.0, -3830000.0 ] ] } },
{ "type": "Feature", "properties": { "id": 585, "left": -5000000.0, "top": -3840000.0, "right": 5200000.0, "bottom": -3840000.0, "grid_x": "G 0", "grid_y": "Y 6" }, "geometry": { "type": "LineString", "coordinates": [ [ -5000000.0, -3840000.0 ], [ 5200000.0, -3840000.0 ] ] } },
{ "type": "Feature", "properties": { "id": 586, "left": -5000000.0, "top": -3850000.0, "right": 5200000.0, "bottom": -3850000.0, "grid_x": "G 0", "grid_y": "Y 5" }, "geometry": { "type": "LineString", "coordinates": [ [ -5000000.0, -3850000.0 ], [ 5200000.0, -3850000.0 ] ] } },
{ "type": "Feature", "properties": { "id": 587, "left": -5000000.0, "top": -3860000.0, "right": 5200000.0, "bottom": -3860000.0, "grid_x": "G 0", "grid_y": "Y 4" }, "geometry": { "type": "LineString", "coordinates": [ [ -5000000.0, -3860000.0 ], [ 5200000.0, -3860000.0 ] ] } },
{ "type": "Feature", "properties": { "id": 588, "left": -5000000.0, "top": -3870000.0, "right": 5200000.0, "bottom": -3870000.0, "grid_x": "G 0", "grid_y": "Y 3" }, "geometry": { "type": "LineString", "coordinates": [ [ -5000000.0, -3870000.0 ], [ 5200000.0, -3870000.0 ] ] } },
{ "type": "Feature", "properties": { "id": 589, "left": -5000000.0, "top": -3880000.0, "right": 5200000.0, "bottom": -3880000.0, "grid_x": "G 0", "grid_y": "Y 2" }, "geometry": { "type": "LineString", "coordinates": [ [ -5000000.0, -3880000.0 ], [ 5200000.0, -3880000.0 ] ] } },
{ "type": "Feature", "properties": { "id": 590, "left": -5000000.0, "top": -3890000.0, "right": 5200000.0, "bottom": -3890000.0, "grid_x": "G 0", "grid_y": "Y 1" }, "geometry": { "type": "LineString", "coordinates": [ [ -5000000.0, -3890000.0 ], [ 5200000.0, -3890000.0 ] ] } },
{ "type": "Feature", "properties": { "id": 591, "left": -5000000.0, "top": -3900000.0, "right": 5200000.0, "bottom": -3900000.0, "grid_x": "G 0", "grid_y": "Y 0" }, "geometry": { "type": "LineString", "coordinates": [ [ -5000000.0, -3900000.0 ], [ 5200000.0, -3900000.0 ] ] } },
{ "type": "Feature", "properties": { "id": 592, "left": -5000000.0, "top": -3910000.0, "right": 5200000.0, "bottom": -3910000.0, "grid_x": "G 0", "grid_y": "X 9" }, "geometry": { "type": "LineString", "coordinates": [ [ -5000000.0, -3910000.0 ], [ 5200000.0, -3910000.0 ] ] } },
{ "type": "Feature", "properties": { "id": 593, "left": -5000000.0, "top": -3920000.0, "right": 5200000.0, "bottom": -3920000.0, "grid_x": "G 0", "grid_y": "X 8" }, "geometry": { "type": "LineString", "coordinates": [ [ -5000000.0, -3920000.0 ], [ 5200000.0, -3920000.0 ] ] } },
{ "type": "Feature", "properties": { "id": 594, "left": -5000000.0, "top": -3930000.0, "right": 5200000.0, "bottom": -3930000.0, "grid_x": "G 0", "grid_y": "X 7" }, "geometry": { "type": "LineString", "coordinates": [ [ -5000000.0, -3930000.0 ], [ 5200000.0, -3930000.0 ] ] } },
{ "type": "Feature", "properties": { "id": 595, "left": -5000000.0, "top": -3940000.0, "right": 5200000.0, "bottom": -3940000.0, "grid_x": "G 0", "grid_y": "X 6" }, "geometry": { "type": "LineString", "coordinates": [ [ -5000000.0, -3940000.0 ], [ 5200000.0, -3940000.0 ] ] } },
{ "type": "Feature", "properties": { "id": 596, "left": -5000000.0, "top": -3950000.0, "right": 5200000.0, "bottom": -3950000.0, "grid_x": "G 0", "grid_y": "X 5" }, "geometry": { "type": "LineString", "coordinates": [ [ -5000000.0, -3950000.0 ], [ 5200000.0, -3950000.0 ] ] } },
{ "type": "Feature", "properties": { "id": 597, "left": -5000000.0, "top": -3960000.0, "right": 5200000.0, "bottom": -3960000.0, "grid_x": "G 0", "grid_y": "X 4" }, "geometry": { "type": "LineString", "coordinates": [ [ -5000000.0, -3960000.0 ], [ 5200000.0, -3960000.0 ] ] } },
{ "type": "Feature", "properties": { "id": 598, "left": -5000000.0, "top": -3970000.0, "right": 5200000.0, "bottom": -3970000.0, "grid_x": "G 0", "grid_y": "X 3" }, "geometry": { "type": "LineString", "coordinates": [ [ -5000000.0, -3970000.0 ], [ 5200000.0, -3970000.0 ] ] } },
{ "type": "Feature", "properties": { "id": 599, "left": -5000000.0, "top": -3980000.0, "right": 5200000.0, "bottom": -3980000.0, "grid_x": "G 0", "grid_y": "X 2" }, "geometry": { "type": "LineString", "coordinates": [ [ -5000000.0, -3980000.0 ], [ 5200000.0, -3980000.0 ] ] } },
{ "type": "Feature", "properties": { "id": 600, "left": -5000000.0, "top": -3990000.0, "right": 5200000.0, "bottom": -3990000.0, "grid_x": "G 0", "grid_y": "X 1" }, "geometry": { "type": "LineString", "coordinates": [ [ -5000000.0, -3990000.0 ], [ 5200000.0, -3990000.0 ] ] } },
{ "type": "Feature", "properties": { "id": 601, "left": -5000000.0, "top": -4000000.0, "right": 5200000.0, "bottom": -4000000.0, "grid_x": "G 0", "grid_y": "X 0" }, "geometry": { "type": "LineString", "coordinates": [ [ -5000000.0, -4000000.0 ], [ 5200000.0, -4000000.0 ] ] } },
{ "type": "Feature", "properties": { "id": 602, "left": -5000000.0, "top": -4010000.0, "right": 5200000.0, "bottom": -4010000.0, "grid_x": "G 0", "grid_y": "W 9" }, "geometry": { "type": "LineString", "coordinates": [ [ -5000000.0, -4010000.0 ], [ 5200000.0, -4010000.0 ] ] } },
{ "type": "Feature", "properties": { "id": 603, "left": -5000000.0, "top": -4020000.0, "right": 5200000.0, "bottom": -4020000.0, "grid_x": "G 0", "grid_y": "W 8" }, "geometry": { "type": "LineString", "coordinates": [ [ -5000000.0, -4020000.0 ], [ 5200000.0, -4020000.0 ] ] } },
{ "type": "Feature", "properties": { "id": 604, "left": -5000000.0, "top": -4030000.0, "right": 5200000.0, "bottom": -4030000.0, "grid_x": "G 0", "grid_y": "W 7" }, "geometry": { "type": "LineString", "coordinates": [ [ -5000000.0, -4030000.0 ], [ 5200000.0, -4030000.0 ] ] } },
{ "type": "Feature", "properties": { "id": 605, "left": -5000000.0, "top": -4040000.0, "right": 5200000.0, "bottom": -4040000.0, "grid_x": "G 0", "grid_y": "W 6" }, "geometry": { "type": "LineString", "coordinates": [ [ -5000000.0, -4040000.0 ], [ 5200000.0, -4040000.0 ] ] } },
{ "type": "Feature", "properties": { "id": 606, "left": -5000000.0, "top": -4050000.0, "right": 5200000.0, "bottom": -4050000.0, "grid_x": "G 0", "grid_y": "W 5" }, "geometry": { "type": "LineString", "coordinates": [ [ -5000000.0, -4050000.0 ], [ 5200000.0, -4050000.0 ] ] } },
{ "type": "Feature", "properties": { "id": 607, "left": -5000000.0, "top": -4060000.0, "right": 5200000.0, "bottom": -4060000.0, "grid_x": "G 0", "grid_y": "W 4" }, "geometry": { "type": "LineString", "coordinates": [ [ -5000000.0, -4060000.0 ], [ 5200000.0, -4060000.0 ] ] } },
{ "type": "Feature", "properties": { "id": 608, "left": -5000000.0, "top": -4070000.0, "right": 5200000.0, "bottom": -4070000.0, "grid_x": "G 0", "grid_y": "W 3" }, "geometry": { "type": "LineString", "coordinates": [ [ -5000000.0, -4070000.0 ], [ 5200000.0, -4070000.0 ] ] } },
{ "type": "Feature", "properties": { "id": 609, "left": -5000000.0, "top": -4080000.0, "right": 5200000.0, "bottom": -4080000.0, "grid_x": "G 0", "grid_y": "W 2" }, "geometry": { "type": "LineString", "coordinates": [ [ -5000000.0, -4080000.0 ], [ 5200000.0, -4080000.0 ] ] } },
{ "type": "Feature", "properties": { "id": 610, "left": -5000000.0, "top": -4090000.0, "right": 5200000.0, "bottom": -4090000.0, "grid_x": "G 0", "grid_y": "W 1" }, "geometry": { "type": "LineString", "coordinates": [ [ -5000000.0, -4090000.0 ], [ 5200000.0, -4090000.0 ] ] } },
{ "type": "Feature", "properties": { "id": 611, "left": -5000000.0, "top": -4100000.0, "right": 5200000.0, "bottom": -4100000.0, "grid_x": "G 0", "grid_y": "W 0" }, "geometry": { "type": "LineString", "coordinates": [ [ -5000000.0, -4100000.0 ], [ 5200000.0, -4100000.0 ] ] } },
{ "type": "Feature", "properties": { "id": 612, "left": -5000000.0, "top": -4110000.0, "right": 5200000.0, "bottom": -4110000.0, "grid_x": "G 0", "grid_y": "V 9" }, "geometry": { "type": "LineString", "coordinates": [ [ -5000000.0, -4110000.0 ], [ 5200000.0, -4110000.0 ] ] } },
{ "type": "Feature", "properties": { "id": 613, "left": -5000000.0, "top": -4120000.0, "right": 5200000.0, "bottom": -4120000.0, "grid_x": "G 0", "grid_y": "V 8" }, "geometry": { "type": "LineString", "coordinates": [ [ -5000000.0, -4120000.0 ], [ 5200000.0, -4120000.0 ] ] } },
{ "type": "Feature", "properties": { "id": 614, "left": -5000000.0, "top": -4130000.0, "right": 5200000.0, "bottom": -4130000.0, "grid_x": "G 0", "grid_y": "V 7" }, "geometry": { "type": "LineString", "coordinates": [ [ -5000000.0, -4130000.0 ], [ 5200000.0, -4130000.0 ] ] } },
{ "type": "Feature", "properties": { "id": 615, "left": -5000000.0, "top": -4140000.0, "right": 5200000.0, "bottom": -4140000.0, "grid_x": "G 0", "grid_y": "V 6" }, "geometry": { "type": "LineString", "coordinates": [ [ -5000000.0, -4140000.0 ], [ 5200000.0, -4140000.0 ] ] } },
{ "type": "Feature", "properties": { "id": 616, "left": -5000000.0, "top": -4150000.0, "right": 5200000.0, "bottom": -4150000.0, "grid_x": "G 0", "grid_y": "V 5" }, "geometry": { "type": "LineString", "coordinates": [ [ -5000000.0, -4150000.0 ], [ 5200000.0, -4150000.0 ] ] } },
{ "type": "Feature", "properties": { "id": 617, "left": -5000000.0, "top": -4160000.0, "right": 5200000.0, "bottom": -4160000.0, "grid_x": "G 0", "grid_y": "V 4" }, "geometry": { "type": "LineString", "coordinates": [ [ -5000000.0, -4160000.0 ], [ 5200000.0, -4160000.0 ] ] } },
{ "type": "Feature", "properties": { "id": 618, "left": -5000000.0, "top": -4170000.0, "right": 5200000.0, "bottom": -4170000.0, "grid_x": "G 0", "grid_y": "V 3" }, "geometry": { "type": "LineString", "coordinates": [ [ -5000000.0, -4170000.0 ], [ 5200000.0, -4170000.0 ] ] } },
{ "type": "Feature", "properties": { "id": 619, "left": -5000000.0, "top": -4180000.0, "right": 5200000.0, "bottom": -4180000.0, "grid_x": "G 0", "grid_y": "V 2" }, "geometry": { "type": "LineString", "coordinates": [ [ -5000000.0, -4180000.0 ], [ 5200000.0, -4180000.0 ] ] } },
{ "type": "Feature", "properties": { "id": 620, "left": -5000000.0, "top": -4190000.0, "right": 5200000.0, "bottom": -4190000.0, "grid_x": "G 0", "grid_y": "V 1" }, "geometry": { "type": "LineString", "coordinates": [ [ -5000000.0, -4190000.0 ], [ 5200000.0, -4190000.0 ] ] } },
{ "type": "Feature", "properties": { "id": 621, "left": -5000000.0, "top": -4200000.0, "right": 5200000.0, "bottom": -4200000.0, "grid_x": "G 0", "grid_y": "V 0" }, "geometry": { "type": "LineString", "coordinates": [ [ -5000000.0, -4200000.0 ], [ 5200000.0, -4200000.0 ] ] } },
{ "type": "Feature", "properties": { "id": 622, "left": -5000000.0, "top": -4210000.0, "right": 5200000.0, "bottom": -4210000.0, "grid_x": "G 0", "grid_y": "U 9" }, "geometry": { "type": "LineString", "coordinates": [ [ -5000000.0, -4210000.0 ], [ 5200000.0, -4210000.0 ] ] } },
{ "type": "Feature", "properties": { "id": 623, "left": -5000000.0, "top": -4220000.0, "right": 5200000.0, "bottom": -4220000.0, "grid_x": "G 0", "grid_y": "U 8" }, "geometry": { "type": "LineString", "coordinates": [ [ -5000000.0, -4220000.0 ], [ 5200000.0, -4220000.0 ] ] } },
{ "type": "Feature", "properties": { "id": 624, "left": -5000000.0, "top": -4230000.0, "right": 5200000.0, "bottom": -4230000.0, "grid_x": "G 0", "grid_y": "U 7" }, "geometry": { "type": "LineString", "coordinates": [ [ -5000000.0, -4230000.0 ], [ 5200000.0, -4230000.0 ] ] } },
{ "type": "Feature", "properties": { "id": 625, "left": -5000000.0, "top": -4240000.0, "right": 5200000.0, "bottom": -4240000.0, "grid_x": "G 0", "grid_y": "U 6" }, "geometry": { "type": "LineString", "coordinates": [ [ -5000000.0, -4240000.0 ], [ 5200000.0, -4240000.0 ] ] } },
{ "type": "Feature", "properties": { "id": 626, "left": -5000000.0, "top": -4250000.0, "right": 5200000.0, "bottom": -4250000.0, "grid_x": "G 0", "grid_y": "U 5" }, "geometry": { "type": "LineString", "coordinates": [ [ -5000000.0, -4250000.0 ], [ 5200000.0, -4250000.0 ] ] } },
{ "type": "Feature", "properties": { "id": 627, "left": -5000000.0, "top": -4260000.0, "right": 5200000.0, "bottom": -4260000.0, "grid_x": "G 0", "grid_y": "U 4" }, "geometry": { "type": "LineString", "coordinates": [ [ -5000000.0, -4260000.0 ], [ 5200000.0, -4260000.0 ] ] } },
{ "type": "Feature", "properties": { "id": 628, "left": -5000000.0, "top": -4270000.0, "right": 5200000.0, "bottom": -4270000.0, "grid_x": "G 0", "grid_y": "U 3" }, "geometry": { "type": "LineString", "coordinates": [ [ -5000000.0, -4270000.0 ], [ 5200000.0, -4270000.0 ] ] } },
{ "type": "Feature", "properties": { "id": 629, "left": -5000000.0, "top": -4280000.0, "right": 5200000.0, "bottom": -4280000.0, "grid_x": "G 0", "grid_y": "U 2" }, "geometry": { "type": "LineString", "coordinates": [ [ -5000000.0, -4280000.0 ], [ 5200000.0, -4280000.0 ] ] } },
{ "type": "Feature", "properties": { "id": 630, "left": -5000000.0, "top": -4290000.0, "right": 5200000.0, "bottom": -4290000.0, "grid_x": "G 0", "grid_y": "U 1" }, "geometry": { "type": "LineString", "coordinates": [ [ -5000000.0, -4290000.0 ], [ 5200000.0, -4290000.0 ] ] } },
{ "type": "Feature", "properties": { "id": 631, "left": -5000000.0, "top": -4300000.0, "right": 5200000.0, "bottom": -4300000.0, "grid_x": "G 0", "grid_y": "U 0" }, "geometry": { "type": "LineString", "coordinates": [ [ -5000000.0, -4300000.0 ], [ 5200000.0, -4300000.0 ] ] } },
{ "type": "Feature", "properties": { "id": 632, "left": -5000000.0, "top": -4310000.0, "right": 5200000.0, "bottom": -4310000.0, "grid_x": "G 0", "grid_y": "T 9" }, "geometry": { "type": "LineString", "coordinates": [ [ -5000000.0, -4310000.0 ], [ 5200000.0, -4310000.0 ] ] } },
{ "type": "Feature", "properties": { "id": 633, "left": -5000000.0, "top": -4320000.0, "right": 5200000.0, "bottom": -4320000.0, "grid_x": "G 0", "grid_y": "T 8" }, "geometry": { "type": "LineString", "coordinates": [ [ -5000000.0, -4320000.0 ], [ 5200000.0, -4320000.0 ] ] } },
{ "type": "Feature", "properties": { "id": 634, "left": -5000000.0, "top": -4330000.0, "right": 5200000.0, "bottom": -4330000.0, "grid_x": "G 0", "grid_y": "T 7" }, "geometry": { "type": "LineString", "coordinates": [ [ -5000000.0, -4330000.0 ], [ 5200000.0, -4330000.0 ] ] } },
{ "type": "Feature", "properties": { "id": 635, "left": -5000000.0, "top": -4340000.0, "right": 5200000.0, "bottom": -4340000.0, "grid_x": "G 0", "grid_y": "T 6" }, "geometry": { "type": "LineString", "coordinates": [ [ -5000000.0, -4340000.0 ], [ 5200000.0, -4340000.0 ] ] } },
{ "type": "Feature", "properties": { "id": 636, "left": -5000000.0, "top": -4350000.0, "right": 5200000.0, "bottom": -4350000.0, "grid_x": "G 0", "grid_y": "T 5" }, "geometry": { "type": "LineString", "coordinates": [ [ -5000000.0, -4350000.0 ], [ 5200000.0, -4350000.0 ] ] } },
{ "type": "Feature", "properties": { "id": 637, "left": -5000000.0, "top": -4360000.0, "right": 5200000.0, "bottom": -4360000.0, "grid_x": "G 0", "grid_y": "T 4" }, "geometry": { "type": "LineString", "coordinates": [ [ -5000000.0, -4360000.0 ], [ 5200000.0, -4360000.0 ] ] } },
{ "type": "Feature", "properties": { "id": 638, "left": -5000000.0, "top": -4370000.0, "right": 5200000.0, "bottom": -4370000.0, "grid_x": "G 0", "grid_y": "T 3" }, "geometry": { "type": "LineString", "coordinates": [ [ -5000000.0, -4370000.0 ], [ 5200000.0, -4370000.0 ] ] } },
{ "type": "Feature", "properties": { "id": 639, "left": -5000000.0, "top": -4380000.0, "right": 5200000.0, "bottom": -4380000.0, "grid_x": "G 0", "grid_y": "T 2" }, "geometry": { "type": "LineString", "coordinates": [ [ -5000000.0, -4380000.0 ], [ 5200000.0, -4380000.0 ] ] } },
{ "type": "Feature", "properties": { "id": 640, "left": -5000000.0, "top": -4390000.0, "right": 5200000.0, "bottom": -4390000.0, "grid_x": "G 0", "grid_y": "T 1" }, "geometry": { "type": "LineString", "coordinates": [ [ -5000000.0, -4390000.0 ], [ 5200000.0, -4390000.0 ] ] } },
{ "type": "Feature", "properties": { "id": 641, "left": -5000000.0, "top": -4400000.0, "right": 5200000.0, "bottom": -4400000.0, "grid_x": "G 0", "grid_y": "T 0" }, "geometry": { "type": "LineString", "coordinates": [ [ -5000000.0, -4400000.0 ], [ 5200000.0, -4400000.0 ] ] } },
{ "type": "Feature", "properties": { "id": 642, "left": -5000000.0, "top": -4410000.0, "right": 5200000.0, "bottom": -4410000.0, "grid_x": "G 0", "grid_y": "S 9" }, "geometry": { "type": "LineString", "coordinates": [ [ -5000000.0, -4410000.0 ], [ 5200000.0, -4410000.0 ] ] } },
{ "type": "Feature", "properties": { "id": 643, "left": -5000000.0, "top": -4420000.0, "right": 5200000.0, "bottom": -4420000.0, "grid_x": "G 0", "grid_y": "S 8" }, "geometry": { "type": "LineString", "coordinates": [ [ -5000000.0, -4420000.0 ], [ 5200000.0, -4420000.0 ] ] } },
{ "type": "Feature", "properties": { "id": 644, "left": -5000000.0, "top": -4430000.0, "right": 5200000.0, "bottom": -4430000.0, "grid_x": "G 0", "grid_y": "S 7" }, "geometry": { "type": "LineString", "coordinates": [ [ -5000000.0, -4430000.0 ], [ 5200000.0, -4430000.0 ] ] } },
{ "type": "Feature", "properties": { "id": 645, "left": -5000000.0, "top": -4440000.0, "right": 5200000.0, "bottom": -4440000.0, "grid_x": "G 0", "grid_y": "S 6" }, "geometry": { "type": "LineString", "coordinates": [ [ -5000000.0, -4440000.0 ], [ 5200000.0, -4440000.0 ] ] } },
{ "type": "Feature", "properties": { "id": 646, "left": -5000000.0, "top": -4450000.0, "right": 5200000.0, "bottom": -4450000.0, "grid_x": "G 0", "grid_y": "S 5" }, "geometry": { "type": "LineString", "coordinates": [ [ -5000000.0, -4450000.0 ], [ 5200000.0, -4450000.0 ] ] } },
{ "type": "Feature", "properties": { "id": 647, "left": -5000000.0, "top": -4460000.0, "right": 5200000.0, "bottom": -4460000.0, "grid_x": "G 0", "grid_y": "S 4" }, "geometry": { "type": "LineString", "coordinates": [ [ -5000000.0, -4460000.0 ], [ 5200000.0, -4460000.0 ] ] } },
{ "type": "Feature", "properties": { "id": 648, "left": -5000000.0, "top": -4470000.0, "right": 5200000.0, "bottom": -4470000.0, "grid_x": "G 0", "grid_y": "S 3" }, "geometry": { "type": "LineString", "coordinates": [ [ -5000000.0, -4470000.0 ], [ 5200000.0, -4470000.0 ] ] } },
{ "type": "Feature", "properties": { "id": 649, "left": -5000000.0, "top": -4480000.0, "right": 5200000.0, "bottom": -4480000.0, "grid_x": "G 0", "grid_y": "S 2" }, "geometry": { "type": "LineString", "coordinates": [ [ -5000000.0, -4480000.0 ], [ 5200000.0, -4480000.0 ] ] } },
{ "type": "Feature", "properties": { "id": 650, "left": -5000000.0, "top": -4490000.0, "right": 5200000.0, "bottom": -4490000.0, "grid_x": "G 0", "grid_y": "S 1" }, "geometry": { "type": "LineString", "coordinates": [ [ -5000000.0, -4490000.0 ], [ 5200000.0, -4490000.0 ] ] } },
{ "type": "Feature", "properties": { "id": 651, "left": -5000000.0, "top": -4500000.0, "right": 5200000.0, "bottom": -4500000.0, "grid_x": "G 0", "grid_y": "S 0" }, "geometry": { "type": "LineString", "coordinates": [ [ -5000000.0, -4500000.0 ], [ 5200000.0, -4500000.0 ] ] } },
{ "type": "Feature", "properties": { "id": 652, "left": -5000000.0, "top": -4510000.0, "right": 5200000.0, "bottom": -4510000.0, "grid_x": "G 0", "grid_y": "R 9" }, "geometry": { "type": "LineString", "coordinates": [ [ -5000000.0, -4510000.0 ], [ 5200000.0, -4510000.0 ] ] } },
{ "type": "Feature", "properties": { "id": 653, "left": -5000000.0, "top": -4520000.0, "right": 5200000.0, "bottom": -4520000.0, "grid_x": "G 0", "grid_y": "R 8" }, "geometry": { "type": "LineString", "coordinates": [ [ -5000000.0, -4520000.0 ], [ 5200000.0, -4520000.0 ] ] } },
{ "type": "Feature", "properties": { "id": 654, "left": -5000000.0, "top": -4530000.0, "right": 5200000.0, "bottom": -4530000.0, "grid_x": "G 0", "grid_y": "R 7" }, "geometry": { "type": "LineString", "coordinates": [ [ -5000000.0, -4530000.0 ], [ 5200000.0, -4530000.0 ] ] } },
{ "type": "Feature", "properties": { "id": 655, "left": -5000000.0, "top": -4540000.0, "right": 5200000.0, "bottom": -4540000.0, "grid_x": "G 0", "grid_y": "R 6" }, "geometry": { "type": "LineString", "coordinates": [ [ -5000000.0, -4540000.0 ], [ 5200000.0, -4540000.0 ] ] } },
{ "type": "Feature", "properties": { "id": 656, "left": -5000000.0, "top": -4550000.0, "right": 5200000.0, "bottom": -4550000.0, "grid_x": "G 0", "grid_y": "R 5" }, "geometry": { "type": "LineString", "coordinates": [ [ -5000000.0, -4550000.0 ], [ 5200000.0, -4550000.0 ] ] } },
{ "type": "Feature", "properties": { "id": 657, "left": -5000000.0, "top": -4560000.0, "right": 5200000.0, "bottom": -4560000.0, "grid_x": "G 0", "grid_y": "R 4" }, "geometry": { "type": "LineString", "coordinates": [ [ -5000000.0, -4560000.0 ], [ 5200000.0, -4560000.0 ] ] } },
{ "type": "Feature", "properties": { "id": 658, "left": -5000000.0, "top": -4570000.0, "right": 5200000.0, "bottom": -4570000.0, "grid_x": "G 0", "grid_y": "R 3" }, "geometry": { "type": "LineString", "coordinates": [ [ -5000000.0, -4570000.0 ], [ 5200000.0, -4570000.0 ] ] } },
{ "type": "Feature", "properties": { "id": 659, "left": -5000000.0, "top": -4580000.0, "right": 5200000.0, "bottom": -4580000.0, "grid_x": "G 0", "grid_y": "R 2" }, "geometry": { "type": "LineString", "coordinates": [ [ -5000000.0, -4580000.0 ], [ 5200000.0, -4580000.0 ] ] } },
{ "type": "Feature", "properties": { "id": 660, "left": -5000000.0, "top": -4590000.0, "right": 5200000.0, "bottom": -4590000.0, "grid_x": "G 0", "grid_y": "R 1" }, "geometry": { "type": "LineString", "coordinates": [ [ -5000000.0, -4590000.0 ], [ 5200000.0, -4590000.0 ] ] } },
{ "type": "Feature", "properties": { "id": 661, "left": -5000000.0, "top": -4600000.0, "right": 5200000.0, "bottom": -4600000.0, "grid_x": "G 0", "grid_y": "R 0" }, "geometry": { "type": "LineString", "coordinates": [ [ -5000000.0, -4600000.0 ], [ 5200000.0, -4600000.0 ] ] } },
{ "type": "Feature", "properties": { "id": 662, "left": -5000000.0, "top": -4610000.0, "right": 5200000.0, "bottom": -4610000.0, "grid_x": "G 0", "grid_y": "Q 9" }, "geometry": { "type": "LineString", "coordinates": [ [ -5000000.0, -4610000.0 ], [ 5200000.0, -4610000.0 ] ] } },
{ "type": "Feature", "properties": { "id": 663, "left": -5000000.0, "top": -4620000.0, "right": 5200000.0, "bottom": -4620000.0, "grid_x": "G 0", "grid_y": "Q 8" }, "geometry": { "type": "LineString", "coordinates": [ [ -5000000.0, -4620000.0 ], [ 5200000.0, -4620000.0 ] ] } },
{ "type": "Feature", "properties": { "id": 664, "left": -5000000.0, "top": -4630000.0, "right": 5200000.0, "bottom": -4630000.0, "grid_x": "G 0", "grid_y": "Q 7" }, "geometry": { "type": "LineString", "coordinates": [ [ -5000000.0, -4630000.0 ], [ 5200000.0, -4630000.0 ] ] } },
{ "type": "Feature", "properties": { "id": 665, "left": -5000000.0, "top": -4640000.0, "right": 5200000.0, "bottom": -4640000.0, "grid_x": "G 0", "grid_y": "Q 6" }, "geometry": { "type": "LineString", "coordinates": [ [ -5000000.0, -4640000.0 ], [ 5200000.0, -4640000.0 ] ] } },
{ "type": "Feature", "properties": { "id": 666, "left": -5000000.0, "top": -4650000.0, "right": 5200000.0, "bottom": -4650000.0, "grid_x": "G 0", "grid_y": "Q 5" }, "geometry": { "type": "LineString", "coordinates": [ [ -5000000.0, -4650000.0 ], [ 5200000.0, -4650000.0 ] ] } },
{ "type": "Feature", "properties": { "id": 667, "left": -5000000.0, "top": -4660000.0, "right": 5200000.0, "bottom": -4660000.0, "grid_x": "G 0", "grid_y": "Q 4" }, "geometry": { "type": "LineString", "coordinates": [ [ -5000000.0, -4660000.0 ], [ 5200000.0, -4660000.0 ] ] } },
{ "type": "Feature", "properties": { "id": 668, "left": -5000000.0, "top": -4670000.0, "right": 5200000.0, "bottom": -4670000.0, "grid_x": "G 0", "grid_y": "Q 3" }, "geometry": { "type": "LineString", "coordinates": [ [ -5000000.0, -4670000.0 ], [ 5200000.0, -4670000.0 ] ] } },
{ "type": "Feature", "properties": { "id": 669, "left": -5000000.0, "top": -4680000.0, "right": 5200000.0, "bottom": -4680000.0, "grid_x": "G 0", "grid_y": "Q 2" }, "geometry": { "type": "LineString", "coordinates": [ [ -5000000.0, -4680000.0 ], [ 5200000.0, -4680000.0 ] ] } },
{ "type": "Feature", "properties": { "id": 670, "left": -5000000.0, "top": -4690000.0, "right": 5200000.0, "bottom": -4690000.0, "grid_x": "G 0", "grid_y": "Q 1" }, "geometry": { "type": "LineString", "coordinates": [ [ -5000000.0, -4690000.0 ], [ 5200000.0, -4690000.0 ] ] } },
{ "type": "Feature", "properties": { "id": 671, "left": -5000000.0, "top": -4700000.0, "right": 5200000.0, "bottom": -4700000.0, "grid_x": "G 0", "grid_y": "Q 0" }, "geometry": { "type": "LineString", "coordinates": [ [ -5000000.0, -4700000.0 ], [ 5200000.0, -4700000.0 ] ] } },
{ "type": "Feature", "properties": { "id": 672, "left": -5000000.0, "top": -4710000.0, "right": 5200000.0, "bottom": -4710000.0, "grid_x": "G 0", "grid_y": "P 9" }, "geometry": { "type": "LineString", "coordinates": [ [ -5000000.0, -4710000.0 ], [ 5200000.0, -4710000.0 ] ] } },
{ "type": "Feature", "properties": { "id": 673, "left": -5000000.0, "top": -4720000.0, "right": 5200000.0, "bottom": -4720000.0, "grid_x": "G 0", "grid_y": "P 8" }, "geometry": { "type": "LineString", "coordinates": [ [ -5000000.0, -4720000.0 ], [ 5200000.0, -4720000.0 ] ] } },
{ "type": "Feature", "properties": { "id": 674, "left": -5000000.0, "top": -4730000.0, "right": 5200000.0, "bottom": -4730000.0, "grid_x": "G 0", "grid_y": "P 7" }, "geometry": { "type": "LineString", "coordinates": [ [ -5000000.0, -4730000.0 ], [ 5200000.0, -4730000.0 ] ] } },
{ "type": "Feature", "properties": { "id": 675, "left": -5000000.0, "top": -4740000.0, "right": 5200000.0, "bottom": -4740000.0, "grid_x": "G 0", "grid_y": "P 6" }, "geometry": { "type": "LineString", "coordinates": [ [ -5000000.0, -4740000.0 ], [ 5200000.0, -4740000.0 ] ] } },
{ "type": "Feature", "properties": { "id": 676, "left": -5000000.0, "top": -4750000.0, "right": 5200000.0, "bottom": -4750000.0, "grid_x": "G 0", "grid_y": "P 5" }, "geometry": { "type": "LineString", "coordinates": [ [ -5000000.0, -4750000.0 ], [ 5200000.0, -4750000.0 ] ] } },
{ "type": "Feature", "properties": { "id": 677, "left": -5000000.0, "top": -4760000.0, "right": 5200000.0, "bottom": -4760000.0, "grid_x": "G 0", "grid_y": "P 4" }, "geometry": { "type": "LineString", "coordinates": [ [ -5000000.0, -4760000.0 ], [ 5200000.0, -4760000.0 ] ] } },
{ "type": "Feature", "properties": { "id": 678, "left": -5000000.0, "top": -4770000.0, "right": 5200000.0, "bottom": -4770000.0, "grid_x": "G 0", "grid_y": "P 3" }, "geometry": { "type": "LineString", "coordinates": [ [ -5000000.0, -4770000.0 ], [ 5200000.0, -4770000.0 ] ] } },
{ "type": "Feature", "properties": { "id": 679, "left": -5000000.0, "top": -4780000.0, "right": 5200000.0, "bottom": -4780000.0, "grid_x": "G 0", "grid_y": "P 2" }, "geometry": { "type": "LineString", "coordinates": [ [ -5000000.0, -4780000.0 ], [ 5200000.0, -4780000.0 ] ] } },
{ "type": "Feature", "properties": { "id": 680, "left": -5000000.0, "top": -4790000.0, "right": 5200000.0, "bottom": -4790000.0, "grid_x": "G 0", "grid_y": "P 1" }, "geometry": { "type": "LineString", "coordinates": [ [ -5000000.0, -4790000.0 ], [ 5200000.0, -4790000.0 ] ] } },
{ "type": "Feature", "properties": { "id": 681, "left": -5000000.0, "top": -4800000.0, "right": 5200000.0, "bottom": -4800000.0, "grid_x": "G 0", "grid_y": "P 0" }, "geometry": { "type": "LineString", "coordinates": [ [ -5000000.0, -4800000.0 ], [ 5200000.0, -4800000.0 ] ] } },
{ "type": "Feature", "properties": { "id": 682, "left": -5000000.0, "top": -4810000.0, "right": 5200000.0, "bottom": -4810000.0, "grid_x": "G 0", "grid_y": "N 9" }, "geometry": { "type": "LineString", "coordinates": [ [ -5000000.0, -4810000.0 ], [ 5200000.0, -4810000.0 ] ] } },
{ "type": "Feature", "properties": { "id": 683, "left": -5000000.0, "top": -4820000.0, "right": 5200000.0, "bottom": -4820000.0, "grid_x": "G 0", "grid_y": "N 8" }, "geometry": { "type": "LineString", "coordinates": [ [ -5000000.0, -4820000.0 ], [ 5200000.0, -4820000.0 ] ] } },
{ "type": "Feature", "properties": { "id": 684, "left": -5000000.0, "top": -4830000.0, "right": 5200000.0, "bottom": -4830000.0, "grid_x": "G 0", "grid_y": "N 7" }, "geometry": { "type": "LineString", "coordinates": [ [ -5000000.0, -4830000.0 ], [ 5200000.0, -4830000.0 ] ] } },
{ "type": "Feature", "properties": { "id": 685, "left": -5000000.0, "top": -4840000.0, "right": 5200000.0, "bottom": -4840000.0, "grid_x": "G 0", "grid_y": "N 6" }, "geometry": { "type": "LineString", "coordinates": [ [ -5000000.0, -4840000.0 ], [ 5200000.0, -4840000.0 ] ] } },
{ "type": "Feature", "properties": { "id": 686, "left": -5000000.0, "top": -4850000.0, "right": 5200000.0, "bottom": -4850000.0, "grid_x": "G 0", "grid_y": "N 5" }, "geometry": { "type": "LineString", "coordinates": [ [ -5000000.0, -4850000.0 ], [ 5200000.0, -4850000.0 ] ] } },
{ "type": "Feature", "properties": { "id": 687, "left": -5000000.0, "top": -4860000.0, "right": 5200000.0, "bottom": -4860000.0, "grid_x": "G 0", "grid_y": "N 4" }, "geometry": { "type": "LineString", "coordinates": [ [ -5000000.0, -4860000.0 ], [ 5200000.0, -4860000.0 ] ] } },
{ "type": "Feature", "properties": { "id": 688, "left": -5000000.0, "top": -4870000.0, "right": 5200000.0, "bottom": -4870000.0, "grid_x": "G 0", "grid_y": "N 3" }, "geometry": { "type": "LineString", "coordinates": [ [ -5000000.0, -4870000.0 ], [ 5200000.0, -4870000.0 ] ] } },
{ "type": "Feature", "properties": { "id": 689, "left": -5000000.0, "top": -4880000.0, "right": 5200000.0, "bottom": -4880000.0, "grid_x": "G 0", "grid_y": "N 2" }, "geometry": { "type": "LineString", "coordinates": [ [ -5000000.0, -4880000.0 ], [ 5200000.0, -4880000.0 ] ] } },
{ "type": "Feature", "properties": { "id": 690, "left": -5000000.0, "top": -4890000.0, "right": 5200000.0, "bottom": -4890000.0, "grid_x": "G 0", "grid_y": "N 1" }, "geometry": { "type": "LineString", "coordinates": [ [ -5000000.0, -4890000.0 ], [ 5200000.0, -4890000.0 ] ] } },
{ "type": "Feature", "properties": { "id": 691, "left": -5000000.0, "top": -4900000.0, "right": 5200000.0, "bottom": -4900000.0, "grid_x": "G 0", "grid_y": "N 0" }, "geometry": { "type": "LineString", "coordinates": [ [ -5000000.0, -4900000.0 ], [ 5200000.0, -4900000.0 ] ] } },
{ "type": "Feature", "properties": { "id": 692, "left": -5000000.0, "top": -4910000.0, "right": 5200000.0, "bottom": -4910000.0, "grid_x": "G 0", "grid_y": "M 9" }, "geometry": { "type": "LineString", "coordinates": [ [ -5000000.0, -4910000.0 ], [ 5200000.0, -4910000.0 ] ] } },
{ "type": "Feature", "properties": { "id": 693, "left": -5000000.0, "top": -4920000.0, "right": 5200000.0, "bottom": -4920000.0, "grid_x": "G 0", "grid_y": "M 8" }, "geometry": { "type": "LineString", "coordinates": [ [ -5000000.0, -4920000.0 ], [ 5200000.0, -4920000.0 ] ] } },
{ "type": "Feature", "properties": { "id": 694, "left": -5000000.0, "top": -4930000.0, "right": 5200000.0, "bottom": -4930000.0, "grid_x": "G 0", "grid_y": "M 7" }, "geometry": { "type": "LineString", "coordinates": [ [ -5000000.0, -4930000.0 ], [ 5200000.0, -4930000.0 ] ] } },
{ "type": "Feature", "properties": { "id": 695, "left": -5000000.0, "top": -4940000.0, "right": 5200000.0, "bottom": -4940000.0, "grid_x": "G 0", "grid_y": "M 6" }, "geometry": { "type": "LineString", "coordinates": [ [ -5000000.0, -4940000.0 ], [ 5200000.0, -4940000.0 ] ] } },
{ "type": "Feature", "properties": { "id": 696, "left": -5000000.0, "top": -4950000.0, "right": 5200000.0, "bottom": -4950000.0, "grid_x": "G 0", "grid_y": "M 5" }, "geometry": { "type": "LineString", "coordinates": [ [ -5000000.0, -4950000.0 ], [ 5200000.0, -4950000.0 ] ] } },
{ "type": "Feature", "properties": { "id": 697, "left": -5000000.0, "top": -4960000.0, "right": 5200000.0, "bottom": -4960000.0, "grid_x": "G 0", "grid_y": "M 4" }, "geometry": { "type": "LineString", "coordinates": [ [ -5000000.0, -4960000.0 ], [ 5200000.0, -4960000.0 ] ] } },
{ "type": "Feature", "properties": { "id": 698, "left": -5000000.0, "top": -4970000.0, "right": 5200000.0, "bottom": -4970000.0, "grid_x": "G 0", "grid_y": "M 3" }, "geometry": { "type": "LineString", "coordinates": [ [ -5000000.0, -4970000.0 ], [ 5200000.0, -4970000.0 ] ] } },
{ "type": "Feature", "properties": { "id": 699, "left": -5000000.0, "top": -4980000.0, "right": 5200000.0, "bottom": -4980000.0, "grid_x": "G 0", "grid_y": "M 2" }, "geometry": { "type": "LineString", "coordinates": [ [ -5000000.0, -4980000.0 ], [ 5200000.0, -4980000.0 ] ] } },
{ "type": "Feature", "properties": { "id": 700, "left": -5000000.0, "top": -4990000.0, "right": 5200000.0, "bottom": -4990000.0, "grid_x": "G 0", "grid_y": "M 1" }, "geometry": { "type": "LineString", "coordinates": [ [ -5000000.0, -4990000.0 ], [ 5200000.0, -4990000.0 ] ] } },
{ "type": "Feature", "properties": { "id": 701, "left": -5000000.0, "top": -5000000.0, "right": 5200000.0, "bottom": -5000000.0, "grid_x": "G 0", "grid_y": "M 0" }, "geometry": { "type": "LineString", "coordinates": [ [ -5000000.0, -5000000.0 ], [ 5200000.0, -5000000.0 ] ] } },
{ "type": "Feature", "properties": { "id": 702, "left": -5000000.0, "top": -5010000.0, "right": 5200000.0, "bottom": -5010000.0, "grid_x": "G 0", "grid_y": "L 9" }, "geometry": { "type": "LineString", "coordinates": [ [ -5000000.0, -5010000.0 ], [ 5200000.0, -5010000.0 ] ] } },
{ "type": "Feature", "properties": { "id": 703, "left": -5000000.0, "top": -5020000.0, "right": 5200000.0, "bottom": -5020000.0, "grid_x": "G 0", "grid_y": "L 8" }, "geometry": { "type": "LineString", "coordinates": [ [ -5000000.0, -5020000.0 ], [ 5200000.0, -5020000.0 ] ] } },
{ "type": "Feature", "properties": { "id": 704, "left": -5000000.0, "top": -5030000.0, "right": 5200000.0, "bottom": -5030000.0, "grid_x": "G 0", "grid_y": "L 7" }, "geometry": { "type": "LineString", "coordinates": [ [ -5000000.0, -5030000.0 ], [ 5200000.0, -5030000.0 ] ] } },
{ "type": "Feature", "properties": { "id": 705, "left": -5000000.0, "top": -5040000.0, "right": 5200000.0, "bottom": -5040000.0, "grid_x": "G 0", "grid_y": "L 6" }, "geometry": { "type": "LineString", "coordinates": [ [ -5000000.0, -5040000.0 ], [ 5200000.0, -5040000.0 ] ] } },
{ "type": "Feature", "properties": { "id": 706, "left": -5000000.0, "top": -5050000.0, "right": 5200000.0, "bottom": -5050000.0, "grid_x": "G 0", "grid_y": "L 5" }, "geometry": { "type": "LineString", "coordinates": [ [ -5000000.0, -5050000.0 ], [ 5200000.0, -5050000.0 ] ] } },
{ "type": "Feature", "properties": { "id": 707, "left": -5000000.0, "top": -5060000.0, "right": 5200000.0, "bottom": -5060000.0, "grid_x": "G 0", "grid_y": "L 4" }, "geometry": { "type": "LineString", "coordinates": [ [ -5000000.0, -5060000.0 ], [ 5200000.0, -5060000.0 ] ] } },
{ "type": "Feature", "properties": { "id": 708, "left": -5000000.0, "top": -5070000.0, "right": 5200000.0, "bottom": -5070000.0, "grid_x": "G 0", "grid_y": "L 3" }, "geometry": { "type": "LineString", "coordinates": [ [ -5000000.0, -5070000.0 ], [ 5200000.0, -5070000.0 ] ] } },
{ "type": "Feature", "properties": { "id": 709, "left": -5000000.0, "top": -5080000.0, "right": 5200000.0, "bottom": -5080000.0, "grid_x": "G 0", "grid_y": "L 2" }, "geometry": { "type": "LineString", "coordinates": [ [ -5000000.0, -5080000.0 ], [ 5200000.0, -5080000.0 ] ] } },
{ "type": "Feature", "properties": { "id": 710, "left": -5000000.0, "top": -5090000.0, "right": 5200000.0, "bottom": -5090000.0, "grid_x": "G 0", "grid_y": "L 1" }, "geometry": { "type": "LineString", "coordinates": [ [ -5000000.0, -5090000.0 ], [ 5200000.0, -5090000.0 ] ] } },
{ "type": "Feature", "properties": { "id": 711, "left": -5000000.0, "top": -5100000.0, "right": 5200000.0, "bottom": -5100000.0, "grid_x": "G 0", "grid_y": "L 0" }, "geometry": { "type": "LineString", "coordinates": [ [ -5000000.0, -5100000.0 ], [ 5200000.0, -5100000.0 ] ] } },
{ "type": "Feature", "properties": { "id": 712, "left": -5000000.0, "top": -5110000.0, "right": 5200000.0, "bottom": -5110000.0, "grid_x": "G 0", "grid_y": "K 9" }, "geometry": { "type": "LineString", "coordinates": [ [ -5000000.0, -5110000.0 ], [ 5200000.0, -5110000.0 ] ] } },
{ "type": "Feature", "properties": { "id": 713, "left": -5000000.0, "top": -5120000.0, "right": 5200000.0, "bottom": -5120000.0, "grid_x": "G 0", "grid_y": "K 8" }, "geometry": { "type": "LineString", "coordinates": [ [ -5000000.0, -5120000.0 ], [ 5200000.0, -5120000.0 ] ] } },
{ "type": "Feature", "properties": { "id": 714, "left": -5000000.0, "top": -5130000.0, "right": 5200000.0, "bottom": -5130000.0, "grid_x": "G 0", "grid_y": "K 7" }, "geometry": { "type": "LineString", "coordinates": [ [ -5000000.0, -5130000.0 ], [ 5200000.0, -5130000.0 ] ] } },
{ "type": "Feature", "properties": { "id": 715, "left": -5000000.0, "top": -5140000.0, "right": 5200000.0, "bottom": -5140000.0, "grid_x": "G 0", "grid_y": "K 6" }, "geometry": { "type": "LineString", "coordinates": [ [ -5000000.0, -5140000.0 ], [ 5200000.0, -5140000.0 ] ] } },
{ "type": "Feature", "properties": { "id": 716, "left": -5000000.0, "top": -5150000.0, "right": 5200000.0, "bottom": -5150000.0, "grid_x": "G 0", "grid_y": "K 5" }, "geometry": { "type": "LineString", "coordinates": [ [ -5000000.0, -5150000.0 ], [ 5200000.0, -5150000.0 ] ] } },
{ "type": "Feature", "properties": { "id": 717, "left": -5000000.0, "top": -5160000.0, "right": 5200000.0, "bottom": -5160000.0, "grid_x": "G 0", "grid_y": "K 4" }, "geometry": { "type": "LineString", "coordinates": [ [ -5000000.0, -5160000.0 ], [ 5200000.0, -5160000.0 ] ] } },
{ "type": "Feature", "properties": { "id": 718, "left": -5000000.0, "top": -5170000.0, "right": 5200000.0, "bottom": -5170000.0, "grid_x": "G 0", "grid_y": "K 3" }, "geometry": { "type": "LineString", "coordinates": [ [ -5000000.0, -5170000.0 ], [ 5200000.0, -5170000.0 ] ] } },
{ "type": "Feature", "properties": { "id": 719, "left": -5000000.0, "top": -5180000.0, "right": 5200000.0, "bottom": -5180000.0, "grid_x": "G 0", "grid_y": "K 2" }, "geometry": { "type": "LineString", "coordinates": [ [ -5000000.0, -5180000.0 ], [ 5200000.0, -5180000.0 ] ] } },
{ "type": "Feature", "properties": { "id": 720, "left": -5000000.0, "top": -5190000.0, "right": 5200000.0, "bottom": -5190000.0, "grid_x": "G 0", "grid_y": "K 1" }, "geometry": { "type": "LineString", "coordinates": [ [ -5000000.0, -5190000.0 ], [ 5200000.0, -5190000.0 ] ] } },
{ "type": "Feature", "properties": { "id": 721, "left": -5000000.0, "top": -5200000.0, "right": 5200000.0, "bottom": -5200000.0, "grid_x": "G 0", "grid_y": "K 0" }, "geometry": { "type": "LineString", "coordinates": [ [ -5000000.0, -5200000.0 ], [ 5200000.0, -5200000.0 ] ] } },
{ "type": "Feature", "properties": { "id": 722, "left": -5000000.0, "top": 2000000.0, "right": -5000000.0, "bottom": -5200000.0, "grid_x": "G 0", "grid_y": "J 0" }, "geometry": { "type": "LineString", "coordinates": [ [ -5000000.0, 2000000.0 ], [ -5000000.0, -5200000.0 ] ] } },
{ "type": "Feature", "properties": { "id": 723, "left": -4990000.0, "top": 2000000.0, "right": -4990000.0, "bottom": -5200000.0, "grid_x": "G 1", "grid_y": "J 0" }, "geometry": { "type": "LineString", "coordinates": [ [ -4990000.0, 2000000.0 ], [ -4990000.0, -5200000.0 ] ] } },
{ "type": "Feature", "properties": { "id": 724, "left": -4980000.0, "top": 2000000.0, "right": -4980000.0, "bottom": -5200000.0, "grid_x": "G 2", "grid_y": "J 0" }, "geometry": { "type": "LineString", "coordinates": [ [ -4980000.0, 2000000.0 ], [ -4980000.0, -5200000.0 ] ] } },
{ "type": "Feature", "properties": { "id": 725, "left": -4970000.0, "top": 2000000.0, "right": -4970000.0, "bottom": -5200000.0, "grid_x": "G 3", "grid_y": "J 0" }, "geometry": { "type": "LineString", "coordinates": [ [ -4970000.0, 2000000.0 ], [ -4970000.0, -5200000.0 ] ] } },
{ "type": "Feature", "properties": { "id": 726, "left": -4960000.0, "top": 2000000.0, "right": -4960000.0, "bottom": -5200000.0, "grid_x": "G 4", "grid_y": "J 0" }, "geometry": { "type": "LineString", "coordinates": [ [ -4960000.0, 2000000.0 ], [ -4960000.0, -5200000.0 ] ] } },
{ "type": "Feature", "properties": { "id": 727, "left": -4950000.0, "top": 2000000.0, "right": -4950000.0, "bottom": -5200000.0, "grid_x": "G 5", "grid_y": "J 0" }, "geometry": { "type": "LineString", "coordinates": [ [ -4950000.0, 2000000.0 ], [ -4950000.0, -5200000.0 ] ] } },
{ "type": "Feature", "properties": { "id": 728, "left": -4940000.0, "top": 2000000.0, "right": -4940000.0, "bottom": -5200000.0, "grid_x": "G 6", "grid_y": "J 0" }, "geometry": { "type": "LineString", "coordinates": [ [ -4940000.0, 2000000.0 ], [ -4940000.0, -5200000.0 ] ] } },
{ "type": "Feature", "properties": { "id": 729, "left": -4930000.0, "top": 2000000.0, "right": -4930000.0, "bottom": -5200000.0, "grid_x": "G 7", "grid_y": "J 0" }, "geometry": { "type": "LineString", "coordinates": [ [ -4930000.0, 2000000.0 ], [ -4930000.0, -5200000.0 ] ] } },
{ "type": "Feature", "properties": { "id": 730, "left": -4920000.0, "top": 2000000.0, "right": -4920000.0, "bottom": -5200000.0, "grid_x": "G 8", "grid_y": "J 0" }, "geometry": { "type": "LineString", "coordinates": [ [ -4920000.0, 2000000.0 ], [ -4920000.0, -5200000.0 ] ] } },
{ "type": "Feature", "properties": { "id": 731, "left": -4910000.0, "top": 2000000.0, "right": -4910000.0, "bottom": -5200000.0, "grid_x": "G 9", "grid_y": "J 0" }, "geometry": { "type": "LineString", "coordinates": [ [ -4910000.0, 2000000.0 ], [ -4910000.0, -5200000.0 ] ] } },
{ "type": "Feature", "properties": { "id": 732, "left": -4900000.0, "top": 2000000.0, "right": -4900000.0, "bottom": -5200000.0, "grid_x": "H 0", "grid_y": "J 0" }, "geometry": { "type": "LineString", "coordinates": [ [ -4900000.0, 2000000.0 ], [ -4900000.0, -5200000.0 ] ] } },
{ "type": "Feature", "properties": { "id": 733, "left": -4890000.0, "top": 2000000.0, "right": -4890000.0, "bottom": -5200000.0, "grid_x": "H 1", "grid_y": "J 0" }, "geometry": { "type": "LineString", "coordinates": [ [ -4890000.0, 2000000.0 ], [ -4890000.0, -5200000.0 ] ] } },
{ "type": "Feature", "properties": { "id": 734, "left": -4880000.0, "top": 2000000.0, "right": -4880000.0, "bottom": -5200000.0, "grid_x": "H 2", "grid_y": "J 0" }, "geometry": { "type": "LineString", "coordinates": [ [ -4880000.0, 2000000.0 ], [ -4880000.0, -5200000.0 ] ] } },
{ "type": "Feature", "properties": { "id": 735, "left": -4870000.0, "top": 2000000.0, "right": -4870000.0, "bottom": -5200000.0, "grid_x": "H 3", "grid_y": "J 0" }, "geometry": { "type": "LineString", "coordinates": [ [ -4870000.0, 2000000.0 ], [ -4870000.0, -5200000.0 ] ] } },
{ "type": "Feature", "properties": { "id": 736, "left": -4860000.0, "top": 2000000.0, "right": -4860000.0, "bottom": -5200000.0, "grid_x": "H 4", "grid_y": "J 0" }, "geometry": { "type": "LineString", "coordinates": [ [ -4860000.0, 2000000.0 ], [ -4860000.0, -5200000.0 ] ] } },
{ "type": "Feature", "properties": { "id": 737, "left": -4850000.0, "top": 2000000.0, "right": -4850000.0, "bottom": -5200000.0, "grid_x": "H 5", "grid_y": "J 0" }, "geometry": { "type": "LineString", "coordinates": [ [ -4850000.0, 2000000.0 ], [ -4850000.0, -5200000.0 ] ] } },
{ "type": "Feature", "properties": { "id": 738, "left": -4840000.0, "top": 2000000.0, "right": -4840000.0, "bottom": -5200000.0, "grid_x": "H 6", "grid_y": "J 0" }, "geometry": { "type": "LineString", "coordinates": [ [ -4840000.0, 2000000.0 ], [ -4840000.0, -5200000.0 ] ] } },
{ "type": "Feature", "properties": { "id": 739, "left": -4830000.0, "top": 2000000.0, "right": -4830000.0, "bottom": -5200000.0, "grid_x": "H 7", "grid_y": "J 0" }, "geometry": { "type": "LineString", "coordinates": [ [ -4830000.0, 2000000.0 ], [ -4830000.0, -5200000.0 ] ] } },
{ "type": "Feature", "properties": { "id": 740, "left": -4820000.0, "top": 2000000.0, "right": -4820000.0, "bottom": -5200000.0, "grid_x": "H 8", "grid_y": "J 0" }, "geometry": { "type": "LineString", "coordinates": [ [ -4820000.0, 2000000.0 ], [ -4820000.0, -5200000.0 ] ] } },
{ "type": "Feature", "properties": { "id": 741, "left": -4810000.0, "top": 2000000.0, "right": -4810000.0, "bottom": -5200000.0, "grid_x": "H 9", "grid_y": "J 0" }, "geometry": { "type": "LineString", "coordinates": [ [ -4810000.0, 2000000.0 ], [ -4810000.0, -5200000.0 ] ] } },
{ "type": "Feature", "properties": { "id": 742, "left": -4800000.0, "top": 2000000.0, "right": -4800000.0, "bottom": -5200000.0, "grid_x": "J 0", "grid_y": "J 0" }, "geometry": { "type": "LineString", "coordinates": [ [ -4800000.0, 2000000.0 ], [ -4800000.0, -5200000.0 ] ] } },
{ "type": "Feature", "properties": { "id": 743, "left": -4790000.0, "top": 2000000.0, "right": -4790000.0, "bottom": -5200000.0, "grid_x": "J 1", "grid_y": "J 0" }, "geometry": { "type": "LineString", "coordinates": [ [ -4790000.0, 2000000.0 ], [ -4790000.0, -5200000.0 ] ] } },
{ "type": "Feature", "properties": { "id": 744, "left": -4780000.0, "top": 2000000.0, "right": -4780000.0, "bottom": -5200000.0, "grid_x": "J 2", "grid_y": "J 0" }, "geometry": { "type": "LineString", "coordinates": [ [ -4780000.0, 2000000.0 ], [ -4780000.0, -5200000.0 ] ] } },
{ "type": "Feature", "properties": { "id": 745, "left": -4770000.0, "top": 2000000.0, "right": -4770000.0, "bottom": -5200000.0, "grid_x": "J 3", "grid_y": "J 0" }, "geometry": { "type": "LineString", "coordinates": [ [ -4770000.0, 2000000.0 ], [ -4770000.0, -5200000.0 ] ] } },
{ "type": "Feature", "properties": { "id": 746, "left": -4760000.0, "top": 2000000.0, "right": -4760000.0, "bottom": -5200000.0, "grid_x": "J 4", "grid_y": "J 0" }, "geometry": { "type": "LineString", "coordinates": [ [ -4760000.0, 2000000.0 ], [ -4760000.0, -5200000.0 ] ] } },
{ "type": "Feature", "properties": { "id": 747, "left": -4750000.0, "top": 2000000.0, "right": -4750000.0, "bottom": -5200000.0, "grid_x": "J 5", "grid_y": "J 0" }, "geometry": { "type": "LineString", "coordinates": [ [ -4750000.0, 2000000.0 ], [ -4750000.0, -5200000.0 ] ] } },
{ "type": "Feature", "properties": { "id": 748, "left": -4740000.0, "top": 2000000.0, "right": -4740000.0, "bottom": -5200000.0, "grid_x": "J 6", "grid_y": "J 0" }, "geometry": { "type": "LineString", "coordinates": [ [ -4740000.0, 2000000.0 ], [ -4740000.0, -5200000.0 ] ] } },
{ "type": "Feature", "properties": { "id": 749, "left": -4730000.0, "top": 2000000.0, "right": -4730000.0, "bottom": -5200000.0, "grid_x": "J 7", "grid_y": "J 0" }, "geometry": { "type": "LineString", "coordinates": [ [ -4730000.0, 2000000.0 ], [ -4730000.0, -5200000.0 ] ] } },
{ "type": "Feature", "properties": { "id": 750, "left": -4720000.0, "top": 2000000.0, "right": -4720000.0, "bottom": -5200000.0, "grid_x": "J 8", "grid_y": "J 0" }, "geometry": { "type": "LineString", "coordinates": [ [ -4720000.0, 2000000.0 ], [ -4720000.0, -5200000.0 ] ] } },
{ "type": "Feature", "properties": { "id": 751, "left": -4710000.0, "top": 2000000.0, "right": -4710000.0, "bottom": -5200000.0, "grid_x": "J 9", "grid_y": "J 0" }, "geometry": { "type": "LineString", "coordinates": [ [ -4710000.0, 2000000.0 ], [ -4710000.0, -5200000.0 ] ] } },
{ "type": "Feature", "properties": { "id": 752, "left": -4700000.0, "top": 2000000.0, "right": -4700000.0, "bottom": -5200000.0, "grid_x": "K 0", "grid_y": "J 0" }, "geometry": { "type": "LineString", "coordinates": [ [ -4700000.0, 2000000.0 ], [ -4700000.0, -5200000.0 ] ] } },
{ "type": "Feature", "properties": { "id": 753, "left": -4690000.0, "top": 2000000.0, "right": -4690000.0, "bottom": -5200000.0, "grid_x": "K 1", "grid_y": "J 0" }, "geometry": { "type": "LineString", "coordinates": [ [ -4690000.0, 2000000.0 ], [ -4690000.0, -5200000.0 ] ] } },
{ "type": "Feature", "properties": { "id": 754, "left": -4680000.0, "top": 2000000.0, "right": -4680000.0, "bottom": -5200000.0, "grid_x": "K 2", "grid_y": "J 0" }, "geometry": { "type": "LineString", "coordinates": [ [ -4680000.0, 2000000.0 ], [ -4680000.0, -5200000.0 ] ] } },
{ "type": "Feature", "properties": { "id": 755, "left": -4670000.0, "top": 2000000.0, "right": -4670000.0, "bottom": -5200000.0, "grid_x": "K 3", "grid_y": "J 0" }, "geometry": { "type": "LineString", "coordinates": [ [ -4670000.0, 2000000.0 ], [ -4670000.0, -5200000.0 ] ] } },
{ "type": "Feature", "properties": { "id": 756, "left": -4660000.0, "top": 2000000.0, "right": -4660000.0, "bottom": -5200000.0, "grid_x": "K 4", "grid_y": "J 0" }, "geometry": { "type": "LineString", "coordinates": [ [ -4660000.0, 2000000.0 ], [ -4660000.0, -5200000.0 ] ] } },
{ "type": "Feature", "properties": { "id": 757, "left": -4650000.0, "top": 2000000.0, "right": -4650000.0, "bottom": -5200000.0, "grid_x": "K 5", "grid_y": "J 0" }, "geometry": { "type": "LineString", "coordinates": [ [ -4650000.0, 2000000.0 ], [ -4650000.0, -5200000.0 ] ] } },
{ "type": "Feature", "properties": { "id": 758, "left": -4640000.0, "top": 2000000.0, "right": -4640000.0, "bottom": -5200000.0, "grid_x": "K 6", "grid_y": "J 0" }, "geometry": { "type": "LineString", "coordinates": [ [ -4640000.0, 2000000.0 ], [ -4640000.0, -5200000.0 ] ] } },
{ "type": "Feature", "properties": { "id": 759, "left": -4630000.0, "top": 2000000.0, "right": -4630000.0, "bottom": -5200000.0, "grid_x": "K 7", "grid_y": "J 0" }, "geometry": { "type": "LineString", "coordinates": [ [ -4630000.0, 2000000.0 ], [ -4630000.0, -5200000.0 ] ] } },
{ "type": "Feature", "properties": { "id": 760, "left": -4620000.0, "top": 2000000.0, "right": -4620000.0, "bottom": -5200000.0, "grid_x": "K 8", "grid_y": "J 0" }, "geometry": { "type": "LineString", "coordinates": [ [ -4620000.0, 2000000.0 ], [ -4620000.0, -5200000.0 ] ] } },
{ "type": "Feature", "properties": { "id": 761, "left": -4610000.0, "top": 2000000.0, "right": -4610000.0, "bottom": -5200000.0, "grid_x": "K 9", "grid_y": "J 0" }, "geometry": { "type": "LineString", "coordinates": [ [ -4610000.0, 2000000.0 ], [ -4610000.0, -5200000.0 ] ] } },
{ "type": "Feature", "properties": { "id": 762, "left": -4600000.0, "top": 2000000.0, "right": -4600000.0, "bottom": -5200000.0, "grid_x": "L 0", "grid_y": "J 0" }, "geometry": { "type": "LineString", "coordinates": [ [ -4600000.0, 2000000.0 ], [ -4600000.0, -5200000.0 ] ] } },
{ "type": "Feature", "properties": { "id": 763, "left": -4590000.0, "top": 2000000.0, "right": -4590000.0, "bottom": -5200000.0, "grid_x": "L 1", "grid_y": "J 0" }, "geometry": { "type": "LineString", "coordinates": [ [ -4590000.0, 2000000.0 ], [ -4590000.0, -5200000.0 ] ] } },
{ "type": "Feature", "properties": { "id": 764, "left": -4580000.0, "top": 2000000.0, "right": -4580000.0, "bottom": -5200000.0, "grid_x": "L 2", "grid_y": "J 0" }, "geometry": { "type": "LineString", "coordinates": [ [ -4580000.0, 2000000.0 ], [ -4580000.0, -5200000.0 ] ] } },
{ "type": "Feature", "properties": { "id": 765, "left": -4570000.0, "top": 2000000.0, "right": -4570000.0, "bottom": -5200000.0, "grid_x": "L 3", "grid_y": "J 0" }, "geometry": { "type": "LineString", "coordinates": [ [ -4570000.0, 2000000.0 ], [ -4570000.0, -5200000.0 ] ] } },
{ "type": "Feature", "properties": { "id": 766, "left": -4560000.0, "top": 2000000.0, "right": -4560000.0, "bottom": -5200000.0, "grid_x": "L 4", "grid_y": "J 0" }, "geometry": { "type": "LineString", "coordinates": [ [ -4560000.0, 2000000.0 ], [ -4560000.0, -5200000.0 ] ] } },
{ "type": "Feature", "properties": { "id": 767, "left": -4550000.0, "top": 2000000.0, "right": -4550000.0, "bottom": -5200000.0, "grid_x": "L 5", "grid_y": "J 0" }, "geometry": { "type": "LineString", "coordinates": [ [ -4550000.0, 2000000.0 ], [ -4550000.0, -5200000.0 ] ] } },
{ "type": "Feature", "properties": { "id": 768, "left": -4540000.0, "top": 2000000.0, "right": -4540000.0, "bottom": -5200000.0, "grid_x": "L 6", "grid_y": "J 0" }, "geometry": { "type": "LineString", "coordinates": [ [ -4540000.0, 2000000.0 ], [ -4540000.0, -5200000.0 ] ] } },
{ "type": "Feature", "properties": { "id": 769, "left": -4530000.0, "top": 2000000.0, "right": -4530000.0, "bottom": -5200000.0, "grid_x": "L 7", "grid_y": "J 0" }, "geometry": { "type": "LineString", "coordinates": [ [ -4530000.0, 2000000.0 ], [ -4530000.0, -5200000.0 ] ] } },
{ "type": "Feature", "properties": { "id": 770, "left": -4520000.0, "top": 2000000.0, "right": -4520000.0, "bottom": -5200000.0, "grid_x": "L 8", "grid_y": "J 0" }, "geometry": { "type": "LineString", "coordinates": [ [ -4520000.0, 2000000.0 ], [ -4520000.0, -5200000.0 ] ] } },
{ "type": "Feature", "properties": { "id": 771, "left": -4510000.0, "top": 2000000.0, "right": -4510000.0, "bottom": -5200000.0, "grid_x": "L 9", "grid_y": "J 0" }, "geometry": { "type": "LineString", "coordinates": [ [ -4510000.0, 2000000.0 ], [ -4510000.0, -5200000.0 ] ] } },
{ "type": "Feature", "properties": { "id": 772, "left": -4500000.0, "top": 2000000.0, "right": -4500000.0, "bottom": -5200000.0, "grid_x": "M 0", "grid_y": "J 0" }, "geometry": { "type": "LineString", "coordinates": [ [ -4500000.0, 2000000.0 ], [ -4500000.0, -5200000.0 ] ] } },
{ "type": "Feature", "properties": { "id": 773, "left": -4490000.0, "top": 2000000.0, "right": -4490000.0, "bottom": -5200000.0, "grid_x": "M 1", "grid_y": "J 0" }, "geometry": { "type": "LineString", "coordinates": [ [ -4490000.0, 2000000.0 ], [ -4490000.0, -5200000.0 ] ] } },
{ "type": "Feature", "properties": { "id": 774, "left": -4480000.0, "top": 2000000.0, "right": -4480000.0, "bottom": -5200000.0, "grid_x": "M 2", "grid_y": "J 0" }, "geometry": { "type": "LineString", "coordinates": [ [ -4480000.0, 2000000.0 ], [ -4480000.0, -5200000.0 ] ] } },
{ "type": "Feature", "properties": { "id": 775, "left": -4470000.0, "top": 2000000.0, "right": -4470000.0, "bottom": -5200000.0, "grid_x": "M 3", "grid_y": "J 0" }, "geometry": { "type": "LineString", "coordinates": [ [ -4470000.0, 2000000.0 ], [ -4470000.0, -5200000.0 ] ] } },
{ "type": "Feature", "properties": { "id": 776, "left": -4460000.0, "top": 2000000.0, "right": -4460000.0, "bottom": -5200000.0, "grid_x": "M 4", "grid_y": "J 0" }, "geometry": { "type": "LineString", "coordinates": [ [ -4460000.0, 2000000.0 ], [ -4460000.0, -5200000.0 ] ] } },
{ "type": "Feature", "properties": { "id": 777, "left": -4450000.0, "top": 2000000.0, "right": -4450000.0, "bottom": -5200000.0, "grid_x": "M 5", "grid_y": "J 0" }, "geometry": { "type": "LineString", "coordinates": [ [ -4450000.0, 2000000.0 ], [ -4450000.0, -5200000.0 ] ] } },
{ "type": "Feature", "properties": { "id": 778, "left": -4440000.0, "top": 2000000.0, "right": -4440000.0, "bottom": -5200000.0, "grid_x": "M 6", "grid_y": "J 0" }, "geometry": { "type": "LineString", "coordinates": [ [ -4440000.0, 2000000.0 ], [ -4440000.0, -5200000.0 ] ] } },
{ "type": "Feature", "properties": { "id": 779, "left": -4430000.0, "top": 2000000.0, "right": -4430000.0, "bottom": -5200000.0, "grid_x": "M 7", "grid_y": "J 0" }, "geometry": { "type": "LineString", "coordinates": [ [ -4430000.0, 2000000.0 ], [ -4430000.0, -5200000.0 ] ] } },
{ "type": "Feature", "properties": { "id": 780, "left": -4420000.0, "top": 2000000.0, "right": -4420000.0, "bottom": -5200000.0, "grid_x": "M 8", "grid_y": "J 0" }, "geometry": { "type": "LineString", "coordinates": [ [ -4420000.0, 2000000.0 ], [ -4420000.0, -5200000.0 ] ] } },
{ "type": "Feature", "properties": { "id": 781, "left": -4410000.0, "top": 2000000.0, "right": -4410000.0, "bottom": -5200000.0, "grid_x": "M 9", "grid_y": "J 0" }, "geometry": { "type": "LineString", "coordinates": [ [ -4410000.0, 2000000.0 ], [ -4410000.0, -5200000.0 ] ] } },
{ "type": "Feature", "properties": { "id": 782, "left": -4400000.0, "top": 2000000.0, "right": -4400000.0, "bottom": -5200000.0, "grid_x": "N 0", "grid_y": "J 0" }, "geometry": { "type": "LineString", "coordinates": [ [ -4400000.0, 2000000.0 ], [ -4400000.0, -5200000.0 ] ] } },
{ "type": "Feature", "properties": { "id": 783, "left": -4390000.0, "top": 2000000.0, "right": -4390000.0, "bottom": -5200000.0, "grid_x": "N 1", "grid_y": "J 0" }, "geometry": { "type": "LineString", "coordinates": [ [ -4390000.0, 2000000.0 ], [ -4390000.0, -5200000.0 ] ] } },
{ "type": "Feature", "properties": { "id": 784, "left": -4380000.0, "top": 2000000.0, "right": -4380000.0, "bottom": -5200000.0, "grid_x": "N 2", "grid_y": "J 0" }, "geometry": { "type": "LineString", "coordinates": [ [ -4380000.0, 2000000.0 ], [ -4380000.0, -5200000.0 ] ] } },
{ "type": "Feature", "properties": { "id": 785, "left": -4370000.0, "top": 2000000.0, "right": -4370000.0, "bottom": -5200000.0, "grid_x": "N 3", "grid_y": "J 0" }, "geometry": { "type": "LineString", "coordinates": [ [ -4370000.0, 2000000.0 ], [ -4370000.0, -5200000.0 ] ] } },
{ "type": "Feature", "properties": { "id": 786, "left": -4360000.0, "top": 2000000.0, "right": -4360000.0, "bottom": -5200000.0, "grid_x": "N 4", "grid_y": "J 0" }, "geometry": { "type": "LineString", "coordinates": [ [ -4360000.0, 2000000.0 ], [ -4360000.0, -5200000.0 ] ] } },
{ "type": "Feature", "properties": { "id": 787, "left": -4350000.0, "top": 2000000.0, "right": -4350000.0, "bottom": -5200000.0, "grid_x": "N 5", "grid_y": "J 0" }, "geometry": { "type": "LineString", "coordinates": [ [ -4350000.0, 2000000.0 ], [ -4350000.0, -5200000.0 ] ] } },
{ "type": "Feature", "properties": { "id": 788, "left": -4340000.0, "top": 2000000.0, "right": -4340000.0, "bottom": -5200000.0, "grid_x": "N 6", "grid_y": "J 0" }, "geometry": { "type": "LineString", "coordinates": [ [ -4340000.0, 2000000.0 ], [ -4340000.0, -5200000.0 ] ] } },
{ "type": "Feature", "properties": { "id": 789, "left": -4330000.0, "top": 2000000.0, "right": -4330000.0, "bottom": -5200000.0, "grid_x": "N 7", "grid_y": "J 0" }, "geometry": { "type": "LineString", "coordinates": [ [ -4330000.0, 2000000.0 ], [ -4330000.0, -5200000.0 ] ] } },
{ "type": "Feature", "properties": { "id": 790, "left": -4320000.0, "top": 2000000.0, "right": -4320000.0, "bottom": -5200000.0, "grid_x": "N 8", "grid_y": "J 0" }, "geometry": { "type": "LineString", "coordinates": [ [ -4320000.0, 2000000.0 ], [ -4320000.0, -5200000.0 ] ] } },
{ "type": "Feature", "properties": { "id": 791, "left": -4310000.0, "top": 2000000.0, "right": -4310000.0, "bottom": -5200000.0, "grid_x": "N 9", "grid_y": "J 0" }, "geometry": { "type": "LineString", "coordinates": [ [ -4310000.0, 2000000.0 ], [ -4310000.0, -5200000.0 ] ] } },
{ "type": "Feature", "properties": { "id": 792, "left": -4300000.0, "top": 2000000.0, "right": -4300000.0, "bottom": -5200000.0, "grid_x": "P 0", "grid_y": "J 0" }, "geometry": { "type": "LineString", "coordinates": [ [ -4300000.0, 2000000.0 ], [ -4300000.0, -5200000.0 ] ] } },
{ "type": "Feature", "properties": { "id": 793, "left": -4290000.0, "top": 2000000.0, "right": -4290000.0, "bottom": -5200000.0, "grid_x": "P 1", "grid_y": "J 0" }, "geometry": { "type": "LineString", "coordinates": [ [ -4290000.0, 2000000.0 ], [ -4290000.0, -5200000.0 ] ] } },
{ "type": "Feature", "properties": { "id": 794, "left": -4280000.0, "top": 2000000.0, "right": -4280000.0, "bottom": -5200000.0, "grid_x": "P 2", "grid_y": "J 0" }, "geometry": { "type": "LineString", "coordinates": [ [ -4280000.0, 2000000.0 ], [ -4280000.0, -5200000.0 ] ] } },
{ "type": "Feature", "properties": { "id": 795, "left": -4270000.0, "top": 2000000.0, "right": -4270000.0, "bottom": -5200000.0, "grid_x": "P 3", "grid_y": "J 0" }, "geometry": { "type": "LineString", "coordinates": [ [ -4270000.0, 2000000.0 ], [ -4270000.0, -5200000.0 ] ] } },
{ "type": "Feature", "properties": { "id": 796, "left": -4260000.0, "top": 2000000.0, "right": -4260000.0, "bottom": -5200000.0, "grid_x": "P 4", "grid_y": "J 0" }, "geometry": { "type": "LineString", "coordinates": [ [ -4260000.0, 2000000.0 ], [ -4260000.0, -5200000.0 ] ] } },
{ "type": "Feature", "properties": { "id": 797, "left": -4250000.0, "top": 2000000.0, "right": -4250000.0, "bottom": -5200000.0, "grid_x": "P 5", "grid_y": "J 0" }, "geometry": { "type": "LineString", "coordinates": [ [ -4250000.0, 2000000.0 ], [ -4250000.0, -5200000.0 ] ] } },
{ "type": "Feature", "properties": { "id": 798, "left": -4240000.0, "top": 2000000.0, "right": -4240000.0, "bottom": -5200000.0, "grid_x": "P 6", "grid_y": "J 0" }, "geometry": { "type": "LineString", "coordinates": [ [ -4240000.0, 2000000.0 ], [ -4240000.0, -5200000.0 ] ] } },
{ "type": "Feature", "properties": { "id": 799, "left": -4230000.0, "top": 2000000.0, "right": -4230000.0, "bottom": -5200000.0, "grid_x": "P 7", "grid_y": "J 0" }, "geometry": { "type": "LineString", "coordinates": [ [ -4230000.0, 2000000.0 ], [ -4230000.0, -5200000.0 ] ] } },
{ "type": "Feature", "properties": { "id": 800, "left": -4220000.0, "top": 2000000.0, "right": -4220000.0, "bottom": -5200000.0, "grid_x": "P 8", "grid_y": "J 0" }, "geometry": { "type": "LineString", "coordinates": [ [ -4220000.0, 2000000.0 ], [ -4220000.0, -5200000.0 ] ] } },
{ "type": "Feature", "properties": { "id": 801, "left": -4210000.0, "top": 2000000.0, "right": -4210000.0, "bottom": -5200000.0, "grid_x": "P 9", "grid_y": "J 0" }, "geometry": { "type": "LineString", "coordinates": [ [ -4210000.0, 2000000.0 ], [ -4210000.0, -5200000.0 ] ] } },
{ "type": "Feature", "properties": { "id": 802, "left": -4200000.0, "top": 2000000.0, "right": -4200000.0, "bottom": -5200000.0, "grid_x": "Q 0", "grid_y": "J 0" }, "geometry": { "type": "LineString", "coordinates": [ [ -4200000.0, 2000000.0 ], [ -4200000.0, -5200000.0 ] ] } },
{ "type": "Feature", "properties": { "id": 803, "left": -4190000.0, "top": 2000000.0, "right": -4190000.0, "bottom": -5200000.0, "grid_x": "Q 1", "grid_y": "J 0" }, "geometry": { "type": "LineString", "coordinates": [ [ -4190000.0, 2000000.0 ], [ -4190000.0, -5200000.0 ] ] } },
{ "type": "Feature", "properties": { "id": 804, "left": -4180000.0, "top": 2000000.0, "right": -4180000.0, "bottom": -5200000.0, "grid_x": "Q 2", "grid_y": "J 0" }, "geometry": { "type": "LineString", "coordinates": [ [ -4180000.0, 2000000.0 ], [ -4180000.0, -5200000.0 ] ] } },
{ "type": "Feature", "properties": { "id": 805, "left": -4170000.0, "top": 2000000.0, "right": -4170000.0, "bottom": -5200000.0, "grid_x": "Q 3", "grid_y": "J 0" }, "geometry": { "type": "LineString", "coordinates": [ [ -4170000.0, 2000000.0 ], [ -4170000.0, -5200000.0 ] ] } },
{ "type": "Feature", "properties": { "id": 806, "left": -4160000.0, "top": 2000000.0, "right": -4160000.0, "bottom": -5200000.0, "grid_x": "Q 4", "grid_y": "J 0" }, "geometry": { "type": "LineString", "coordinates": [ [ -4160000.0, 2000000.0 ], [ -4160000.0, -5200000.0 ] ] } },
{ "type": "Feature", "properties": { "id": 807, "left": -4150000.0, "top": 2000000.0, "right": -4150000.0, "bottom": -5200000.0, "grid_x": "Q 5", "grid_y": "J 0" }, "geometry": { "type": "LineString", "coordinates": [ [ -4150000.0, 2000000.0 ], [ -4150000.0, -5200000.0 ] ] } },
{ "type": "Feature", "properties": { "id": 808, "left": -4140000.0, "top": 2000000.0, "right": -4140000.0, "bottom": -5200000.0, "grid_x": "Q 6", "grid_y": "J 0" }, "geometry": { "type": "LineString", "coordinates": [ [ -4140000.0, 2000000.0 ], [ -4140000.0, -5200000.0 ] ] } },
{ "type": "Feature", "properties": { "id": 809, "left": -4130000.0, "top": 2000000.0, "right": -4130000.0, "bottom": -5200000.0, "grid_x": "Q 7", "grid_y": "J 0" }, "geometry": { "type": "LineString", "coordinates": [ [ -4130000.0, 2000000.0 ], [ -4130000.0, -5200000.0 ] ] } },
{ "type": "Feature", "properties": { "id": 810, "left": -4120000.0, "top": 2000000.0, "right": -4120000.0, "bottom": -5200000.0, "grid_x": "Q 8", "grid_y": "J 0" }, "geometry": { "type": "LineString", "coordinates": [ [ -4120000.0, 2000000.0 ], [ -4120000.0, -5200000.0 ] ] } },
{ "type": "Feature", "properties": { "id": 811, "left": -4110000.0, "top": 2000000.0, "right": -4110000.0, "bottom": -5200000.0, "grid_x": "Q 9", "grid_y": "J 0" }, "geometry": { "type": "LineString", "coordinates": [ [ -4110000.0, 2000000.0 ], [ -4110000.0, -5200000.0 ] ] } },
{ "type": "Feature", "properties": { "id": 812, "left": -4100000.0, "top": 2000000.0, "right": -4100000.0, "bottom": -5200000.0, "grid_x": "R 0", "grid_y": "J 0" }, "geometry": { "type": "LineString", "coordinates": [ [ -4100000.0, 2000000.0 ], [ -4100000.0, -5200000.0 ] ] } },
{ "type": "Feature", "properties": { "id": 813, "left": -4090000.0, "top": 2000000.0, "right": -4090000.0, "bottom": -5200000.0, "grid_x": "R 1", "grid_y": "J 0" }, "geometry": { "type": "LineString", "coordinates": [ [ -4090000.0, 2000000.0 ], [ -4090000.0, -5200000.0 ] ] } },
{ "type": "Feature", "properties": { "id": 814, "left": -4080000.0, "top": 2000000.0, "right": -4080000.0, "bottom": -5200000.0, "grid_x": "R 2", "grid_y": "J 0" }, "geometry": { "type": "LineString", "coordinates": [ [ -4080000.0, 2000000.0 ], [ -4080000.0, -5200000.0 ] ] } },
{ "type": "Feature", "properties": { "id": 815, "left": -4070000.0, "top": 2000000.0, "right": -4070000.0, "bottom": -5200000.0, "grid_x": "R 3", "grid_y": "J 0" }, "geometry": { "type": "LineString", "coordinates": [ [ -4070000.0, 2000000.0 ], [ -4070000.0, -5200000.0 ] ] } },
{ "type": "Feature", "properties": { "id": 816, "left": -4060000.0, "top": 2000000.0, "right": -4060000.0, "bottom": -5200000.0, "grid_x": "R 4", "grid_y": "J 0" }, "geometry": { "type": "LineString", "coordinates": [ [ -4060000.0, 2000000.0 ], [ -4060000.0, -5200000.0 ] ] } },
{ "type": "Feature", "properties": { "id": 817, "left": -4050000.0, "top": 2000000.0, "right": -4050000.0, "bottom": -5200000.0, "grid_x": "R 5", "grid_y": "J 0" }, "geometry": { "type": "LineString", "coordinates": [ [ -4050000.0, 2000000.0 ], [ -4050000.0, -5200000.0 ] ] } },
{ "type": "Feature", "properties": { "id": 818, "left": -4040000.0, "top": 2000000.0, "right": -4040000.0, "bottom": -5200000.0, "grid_x": "R 6", "grid_y": "J 0" }, "geometry": { "type": "LineString", "coordinates": [ [ -4040000.0, 2000000.0 ], [ -4040000.0, -5200000.0 ] ] } },
{ "type": "Feature", "properties": { "id": 819, "left": -4030000.0, "top": 2000000.0, "right": -4030000.0, "bottom": -5200000.0, "grid_x": "R 7", "grid_y": "J 0" }, "geometry": { "type": "LineString", "coordinates": [ [ -4030000.0, 2000000.0 ], [ -4030000.0, -5200000.0 ] ] } },
{ "type": "Feature", "properties": { "id": 820, "left": -4020000.0, "top": 2000000.0, "right": -4020000.0, "bottom": -5200000.0, "grid_x": "R 8", "grid_y": "J 0" }, "geometry": { "type": "LineString", "coordinates": [ [ -4020000.0, 2000000.0 ], [ -4020000.0, -5200000.0 ] ] } },
{ "type": "Feature", "properties": { "id": 821, "left": -4010000.0, "top": 2000000.0, "right": -4010000.0, "bottom": -5200000.0, "grid_x": "R 9", "grid_y": "J 0" }, "geometry": { "type": "LineString", "coordinates": [ [ -4010000.0, 2000000.0 ], [ -4010000.0, -5200000.0 ] ] } },
{ "type": "Feature", "properties": { "id": 822, "left": -4000000.0, "top": 2000000.0, "right": -4000000.0, "bottom": -5200000.0, "grid_x": "S 0", "grid_y": "J 0" }, "geometry": { "type": "LineString", "coordinates": [ [ -4000000.0, 2000000.0 ], [ -4000000.0, -5200000.0 ] ] } },
{ "type": "Feature", "properties": { "id": 823, "left": -3990000.0, "top": 2000000.0, "right": -3990000.0, "bottom": -5200000.0, "grid_x": "S 1", "grid_y": "J 0" }, "geometry": { "type": "LineString", "coordinates": [ [ -3990000.0, 2000000.0 ], [ -3990000.0, -5200000.0 ] ] } },
{ "type": "Feature", "properties": { "id": 824, "left": -3980000.0, "top": 2000000.0, "right": -3980000.0, "bottom": -5200000.0, "grid_x": "S 2", "grid_y": "J 0" }, "geometry": { "type": "LineString", "coordinates": [ [ -3980000.0, 2000000.0 ], [ -3980000.0, -5200000.0 ] ] } },
{ "type": "Feature", "properties": { "id": 825, "left": -3970000.0, "top": 2000000.0, "right": -3970000.0, "bottom": -5200000.0, "grid_x": "S 3", "grid_y": "J 0" }, "geometry": { "type": "LineString", "coordinates": [ [ -3970000.0, 2000000.0 ], [ -3970000.0, -5200000.0 ] ] } },
{ "type": "Feature", "properties": { "id": 826, "left": -3960000.0, "top": 2000000.0, "right": -3960000.0, "bottom": -5200000.0, "grid_x": "S 4", "grid_y": "J 0" }, "geometry": { "type": "LineString", "coordinates": [ [ -3960000.0, 2000000.0 ], [ -3960000.0, -5200000.0 ] ] } },
{ "type": "Feature", "properties": { "id": 827, "left": -3950000.0, "top": 2000000.0, "right": -3950000.0, "bottom": -5200000.0, "grid_x": "S 5", "grid_y": "J 0" }, "geometry": { "type": "LineString", "coordinates": [ [ -3950000.0, 2000000.0 ], [ -3950000.0, -5200000.0 ] ] } },
{ "type": "Feature", "properties": { "id": 828, "left": -3940000.0, "top": 2000000.0, "right": -3940000.0, "bottom": -5200000.0, "grid_x": "S 6", "grid_y": "J 0" }, "geometry": { "type": "LineString", "coordinates": [ [ -3940000.0, 2000000.0 ], [ -3940000.0, -5200000.0 ] ] } },
{ "type": "Feature", "properties": { "id": 829, "left": -3930000.0, "top": 2000000.0, "right": -3930000.0, "bottom": -5200000.0, "grid_x": "S 7", "grid_y": "J 0" }, "geometry": { "type": "LineString", "coordinates": [ [ -3930000.0, 2000000.0 ], [ -3930000.0, -5200000.0 ] ] } },
{ "type": "Feature", "properties": { "id": 830, "left": -3920000.0, "top": 2000000.0, "right": -3920000.0, "bottom": -5200000.0, "grid_x": "S 8", "grid_y": "J 0" }, "geometry": { "type": "LineString", "coordinates": [ [ -3920000.0, 2000000.0 ], [ -3920000.0, -5200000.0 ] ] } },
{ "type": "Feature", "properties": { "id": 831, "left": -3910000.0, "top": 2000000.0, "right": -3910000.0, "bottom": -5200000.0, "grid_x": "S 9", "grid_y": "J 0" }, "geometry": { "type": "LineString", "coordinates": [ [ -3910000.0, 2000000.0 ], [ -3910000.0, -5200000.0 ] ] } },
{ "type": "Feature", "properties": { "id": 832, "left": -3900000.0, "top": 2000000.0, "right": -3900000.0, "bottom": -5200000.0, "grid_x": "T 0", "grid_y": "J 0" }, "geometry": { "type": "LineString", "coordinates": [ [ -3900000.0, 2000000.0 ], [ -3900000.0, -5200000.0 ] ] } },
{ "type": "Feature", "properties": { "id": 833, "left": -3890000.0, "top": 2000000.0, "right": -3890000.0, "bottom": -5200000.0, "grid_x": "T 1", "grid_y": "J 0" }, "geometry": { "type": "LineString", "coordinates": [ [ -3890000.0, 2000000.0 ], [ -3890000.0, -5200000.0 ] ] } },
{ "type": "Feature", "properties": { "id": 834, "left": -3880000.0, "top": 2000000.0, "right": -3880000.0, "bottom": -5200000.0, "grid_x": "T 2", "grid_y": "J 0" }, "geometry": { "type": "LineString", "coordinates": [ [ -3880000.0, 2000000.0 ], [ -3880000.0, -5200000.0 ] ] } },
{ "type": "Feature", "properties": { "id": 835, "left": -3870000.0, "top": 2000000.0, "right": -3870000.0, "bottom": -5200000.0, "grid_x": "T 3", "grid_y": "J 0" }, "geometry": { "type": "LineString", "coordinates": [ [ -3870000.0, 2000000.0 ], [ -3870000.0, -5200000.0 ] ] } },
{ "type": "Feature", "properties": { "id": 836, "left": -3860000.0, "top": 2000000.0, "right": -3860000.0, "bottom": -5200000.0, "grid_x": "T 4", "grid_y": "J 0" }, "geometry": { "type": "LineString", "coordinates": [ [ -3860000.0, 2000000.0 ], [ -3860000.0, -5200000.0 ] ] } },
{ "type": "Feature", "properties": { "id": 837, "left": -3850000.0, "top": 2000000.0, "right": -3850000.0, "bottom": -5200000.0, "grid_x": "T 5", "grid_y": "J 0" }, "geometry": { "type": "LineString", "coordinates": [ [ -3850000.0, 2000000.0 ], [ -3850000.0, -5200000.0 ] ] } },
{ "type": "Feature", "properties": { "id": 838, "left": -3840000.0, "top": 2000000.0, "right": -3840000.0, "bottom": -5200000.0, "grid_x": "T 6", "grid_y": "J 0" }, "geometry": { "type": "LineString", "coordinates": [ [ -3840000.0, 2000000.0 ], [ -3840000.0, -5200000.0 ] ] } },
{ "type": "Feature", "properties": { "id": 839, "left": -3830000.0, "top": 2000000.0, "right": -3830000.0, "bottom": -5200000.0, "grid_x": "T 7", "grid_y": "J 0" }, "geometry": { "type": "LineString", "coordinates": [ [ -3830000.0, 2000000.0 ], [ -3830000.0, -5200000.0 ] ] } },
{ "type": "Feature", "properties": { "id": 840, "left": -3820000.0, "top": 2000000.0, "right": -3820000.0, "bottom": -5200000.0, "grid_x": "T 8", "grid_y": "J 0" }, "geometry": { "type": "LineString", "coordinates": [ [ -3820000.0, 2000000.0 ], [ -3820000.0, -5200000.0 ] ] } },
{ "type": "Feature", "properties": { "id": 841, "left": -3810000.0, "top": 2000000.0, "right": -3810000.0, "bottom": -5200000.0, "grid_x": "T 9", "grid_y": "J 0" }, "geometry": { "type": "LineString", "coordinates": [ [ -3810000.0, 2000000.0 ], [ -3810000.0, -5200000.0 ] ] } },
{ "type": "Feature", "properties": { "id": 842, "left": -3800000.0, "top": 2000000.0, "right": -3800000.0, "bottom": -5200000.0, "grid_x": "U 0", "grid_y": "J 0" }, "geometry": { "type": "LineString", "coordinates": [ [ -3800000.0, 2000000.0 ], [ -3800000.0, -5200000.0 ] ] } },
{ "type": "Feature", "properties": { "id": 843, "left": -3790000.0, "top": 2000000.0, "right": -3790000.0, "bottom": -5200000.0, "grid_x": "U 1", "grid_y": "J 0" }, "geometry": { "type": "LineString", "coordinates": [ [ -3790000.0, 2000000.0 ], [ -3790000.0, -5200000.0 ] ] } },
{ "type": "Feature", "properties": { "id": 844, "left": -3780000.0, "top": 2000000.0, "right": -3780000.0, "bottom": -5200000.0, "grid_x": "U 2", "grid_y": "J 0" }, "geometry": { "type": "LineString", "coordinates": [ [ -3780000.0, 2000000.0 ], [ -3780000.0, -5200000.0 ] ] } },
{ "type": "Feature", "properties": { "id": 845, "left": -3770000.0, "top": 2000000.0, "right": -3770000.0, "bottom": -5200000.0, "grid_x": "U 3", "grid_y": "J 0" }, "geometry": { "type": "LineString", "coordinates": [ [ -3770000.0, 2000000.0 ], [ -3770000.0, -5200000.0 ] ] } },
{ "type": "Feature", "properties": { "id": 846, "left": -3760000.0, "top": 2000000.0, "right": -3760000.0, "bottom": -5200000.0, "grid_x": "U 4", "grid_y": "J 0" }, "geometry": { "type": "LineString", "coordinates": [ [ -3760000.0, 2000000.0 ], [ -3760000.0, -5200000.0 ] ] } },
{ "type": "Feature", "properties": { "id": 847, "left": -3750000.0, "top": 2000000.0, "right": -3750000.0, "bottom": -5200000.0, "grid_x": "U 5", "grid_y": "J 0" }, "geometry": { "type": "LineString", "coordinates": [ [ -3750000.0, 2000000.0 ], [ -3750000.0, -5200000.0 ] ] } },
{ "type": "Feature", "properties": { "id": 848, "left": -3740000.0, "top": 2000000.0, "right": -3740000.0, "bottom": -5200000.0, "grid_x": "U 6", "grid_y": "J 0" }, "geometry": { "type": "LineString", "coordinates": [ [ -3740000.0, 2000000.0 ], [ -3740000.0, -5200000.0 ] ] } },
{ "type": "Feature", "properties": { "id": 849, "left": -3730000.0, "top": 2000000.0, "right": -3730000.0, "bottom": -5200000.0, "grid_x": "U 7", "grid_y": "J 0" }, "geometry": { "type": "LineString", "coordinates": [ [ -3730000.0, 2000000.0 ], [ -3730000.0, -5200000.0 ] ] } },
{ "type": "Feature", "properties": { "id": 850, "left": -3720000.0, "top": 2000000.0, "right": -3720000.0, "bottom": -5200000.0, "grid_x": "U 8", "grid_y": "J 0" }, "geometry": { "type": "LineString", "coordinates": [ [ -3720000.0, 2000000.0 ], [ -3720000.0, -5200000.0 ] ] } },
{ "type": "Feature", "properties": { "id": 851, "left": -3710000.0, "top": 2000000.0, "right": -3710000.0, "bottom": -5200000.0, "grid_x": "U 9", "grid_y": "J 0" }, "geometry": { "type": "LineString", "coordinates": [ [ -3710000.0, 2000000.0 ], [ -3710000.0, -5200000.0 ] ] } },
{ "type": "Feature", "properties": { "id": 852, "left": -3700000.0, "top": 2000000.0, "right": -3700000.0, "bottom": -5200000.0, "grid_x": "V 0", "grid_y": "J 0" }, "geometry": { "type": "LineString", "coordinates": [ [ -3700000.0, 2000000.0 ], [ -3700000.0, -5200000.0 ] ] } },
{ "type": "Feature", "properties": { "id": 853, "left": -3690000.0, "top": 2000000.0, "right": -3690000.0, "bottom": -5200000.0, "grid_x": "V 1", "grid_y": "J 0" }, "geometry": { "type": "LineString", "coordinates": [ [ -3690000.0, 2000000.0 ], [ -3690000.0, -5200000.0 ] ] } },
{ "type": "Feature", "properties": { "id": 854, "left": -3680000.0, "top": 2000000.0, "right": -3680000.0, "bottom": -5200000.0, "grid_x": "V 2", "grid_y": "J 0" }, "geometry": { "type": "LineString", "coordinates": [ [ -3680000.0, 2000000.0 ], [ -3680000.0, -5200000.0 ] ] } },
{ "type": "Feature", "properties": { "id": 855, "left": -3670000.0, "top": 2000000.0, "right": -3670000.0, "bottom": -5200000.0, "grid_x": "V 3", "grid_y": "J 0" }, "geometry": { "type": "LineString", "coordinates": [ [ -3670000.0, 2000000.0 ], [ -3670000.0, -5200000.0 ] ] } },
{ "type": "Feature", "properties": { "id": 856, "left": -3660000.0, "top": 2000000.0, "right": -3660000.0, "bottom": -5200000.0, "grid_x": "V 4", "grid_y": "J 0" }, "geometry": { "type": "LineString", "coordinates": [ [ -3660000.0, 2000000.0 ], [ -3660000.0, -5200000.0 ] ] } },
{ "type": "Feature", "properties": { "id": 857, "left": -3650000.0, "top": 2000000.0, "right": -3650000.0, "bottom": -5200000.0, "grid_x": "V 5", "grid_y": "J 0" }, "geometry": { "type": "LineString", "coordinates": [ [ -3650000.0, 2000000.0 ], [ -3650000.0, -5200000.0 ] ] } },
{ "type": "Feature", "properties": { "id": 858, "left": -3640000.0, "top": 2000000.0, "right": -3640000.0, "bottom": -5200000.0, "grid_x": "V 6", "grid_y": "J 0" }, "geometry": { "type": "LineString", "coordinates": [ [ -3640000.0, 2000000.0 ], [ -3640000.0, -5200000.0 ] ] } },
{ "type": "Feature", "properties": { "id": 859, "left": -3630000.0, "top": 2000000.0, "right": -3630000.0, "bottom": -5200000.0, "grid_x": "V 7", "grid_y": "J 0" }, "geometry": { "type": "LineString", "coordinates": [ [ -3630000.0, 2000000.0 ], [ -3630000.0, -5200000.0 ] ] } },
{ "type": "Feature", "properties": { "id": 860, "left": -3620000.0, "top": 2000000.0, "right": -3620000.0, "bottom": -5200000.0, "grid_x": "V 8", "grid_y": "J 0" }, "geometry": { "type": "LineString", "coordinates": [ [ -3620000.0, 2000000.0 ], [ -3620000.0, -5200000.0 ] ] } },
{ "type": "Feature", "properties": { "id": 861, "left": -3610000.0, "top": 2000000.0, "right": -3610000.0, "bottom": -5200000.0, "grid_x": "V 9", "grid_y": "J 0" }, "geometry": { "type": "LineString", "coordinates": [ [ -3610000.0, 2000000.0 ], [ -3610000.0, -5200000.0 ] ] } },
{ "type": "Feature", "properties": { "id": 862, "left": -3600000.0, "top": 2000000.0, "right": -3600000.0, "bottom": -5200000.0, "grid_x": "W 0", "grid_y": "J 0" }, "geometry": { "type": "LineString", "coordinates": [ [ -3600000.0, 2000000.0 ], [ -3600000.0, -5200000.0 ] ] } },
{ "type": "Feature", "properties": { "id": 863, "left": -3590000.0, "top": 2000000.0, "right": -3590000.0, "bottom": -5200000.0, "grid_x": "W 1", "grid_y": "J 0" }, "geometry": { "type": "LineString", "coordinates": [ [ -3590000.0, 2000000.0 ], [ -3590000.0, -5200000.0 ] ] } },
{ "type": "Feature", "properties": { "id": 864, "left": -3580000.0, "top": 2000000.0, "right": -3580000.0, "bottom": -5200000.0, "grid_x": "W 2", "grid_y": "J 0" }, "geometry": { "type": "LineString", "coordinates": [ [ -3580000.0, 2000000.0 ], [ -3580000.0, -5200000.0 ] ] } },
{ "type": "Feature", "properties": { "id": 865, "left": -3570000.0, "top": 2000000.0, "right": -3570000.0, "bottom": -5200000.0, "grid_x": "W 3", "grid_y": "J 0" }, "geometry": { "type": "LineString", "coordinates": [ [ -3570000.0, 2000000.0 ], [ -3570000.0, -5200000.0 ] ] } },
{ "type": "Feature", "properties": { "id": 866, "left": -3560000.0, "top": 2000000.0, "right": -3560000.0, "bottom": -5200000.0, "grid_x": "W 4", "grid_y": "J 0" }, "geometry": { "type": "LineString", "coordinates": [ [ -3560000.0, 2000000.0 ], [ -3560000.0, -5200000.0 ] ] } },
{ "type": "Feature", "properties": { "id": 867, "left": -3550000.0, "top": 2000000.0, "right": -3550000.0, "bottom": -5200000.0, "grid_x": "W 5", "grid_y": "J 0" }, "geometry": { "type": "LineString", "coordinates": [ [ -3550000.0, 2000000.0 ], [ -3550000.0, -5200000.0 ] ] } },
{ "type": "Feature", "properties": { "id": 868, "left": -3540000.0, "top": 2000000.0, "right": -3540000.0, "bottom": -5200000.0, "grid_x": "W 6", "grid_y": "J 0" }, "geometry": { "type": "LineString", "coordinates": [ [ -3540000.0, 2000000.0 ], [ -3540000.0, -5200000.0 ] ] } },
{ "type": "Feature", "properties": { "id": 869, "left": -3530000.0, "top": 2000000.0, "right": -3530000.0, "bottom": -5200000.0, "grid_x": "W 7", "grid_y": "J 0" }, "geometry": { "type": "LineString", "coordinates": [ [ -3530000.0, 2000000.0 ], [ -3530000.0, -5200000.0 ] ] } },
{ "type": "Feature", "properties": { "id": 870, "left": -3520000.0, "top": 2000000.0, "right": -3520000.0, "bottom": -5200000.0, "grid_x": "W 8", "grid_y": "J 0" }, "geometry": { "type": "LineString", "coordinates": [ [ -3520000.0, 2000000.0 ], [ -3520000.0, -5200000.0 ] ] } },
{ "type": "Feature", "properties": { "id": 871, "left": -3510000.0, "top": 2000000.0, "right": -3510000.0, "bottom": -5200000.0, "grid_x": "W 9", "grid_y": "J 0" }, "geometry": { "type": "LineString", "coordinates": [ [ -3510000.0, 2000000.0 ], [ -3510000.0, -5200000.0 ] ] } },
{ "type": "Feature", "properties": { "id": 872, "left": -3500000.0, "top": 2000000.0, "right": -3500000.0, "bottom": -5200000.0, "grid_x": "X 0", "grid_y": "J 0" }, "geometry": { "type": "LineString", "coordinates": [ [ -3500000.0, 2000000.0 ], [ -3500000.0, -5200000.0 ] ] } },
{ "type": "Feature", "properties": { "id": 873, "left": -3490000.0, "top": 2000000.0, "right": -3490000.0, "bottom": -5200000.0, "grid_x": "X 1", "grid_y": "J 0" }, "geometry": { "type": "LineString", "coordinates": [ [ -3490000.0, 2000000.0 ], [ -3490000.0, -5200000.0 ] ] } },
{ "type": "Feature", "properties": { "id": 874, "left": -3480000.0, "top": 2000000.0, "right": -3480000.0, "bottom": -5200000.0, "grid_x": "X 2", "grid_y": "J 0" }, "geometry": { "type": "LineString", "coordinates": [ [ -3480000.0, 2000000.0 ], [ -3480000.0, -5200000.0 ] ] } },
{ "type": "Feature", "properties": { "id": 875, "left": -3470000.0, "top": 2000000.0, "right": -3470000.0, "bottom": -5200000.0, "grid_x": "X 3", "grid_y": "J 0" }, "geometry": { "type": "LineString", "coordinates": [ [ -3470000.0, 2000000.0 ], [ -3470000.0, -5200000.0 ] ] } },
{ "type": "Feature", "properties": { "id": 876, "left": -3460000.0, "top": 2000000.0, "right": -3460000.0, "bottom": -5200000.0, "grid_x": "X 4", "grid_y": "J 0" }, "geometry": { "type": "LineString", "coordinates": [ [ -3460000.0, 2000000.0 ], [ -3460000.0, -5200000.0 ] ] } },
{ "type": "Feature", "properties": { "id": 877, "left": -3450000.0, "top": 2000000.0, "right": -3450000.0, "bottom": -5200000.0, "grid_x": "X 5", "grid_y": "J 0" }, "geometry": { "type": "LineString", "coordinates": [ [ -3450000.0, 2000000.0 ], [ -3450000.0, -5200000.0 ] ] } },
{ "type": "Feature", "properties": { "id": 878, "left": -3440000.0, "top": 2000000.0, "right": -3440000.0, "bottom": -5200000.0, "grid_x": "X 6", "grid_y": "J 0" }, "geometry": { "type": "LineString", "coordinates": [ [ -3440000.0, 2000000.0 ], [ -3440000.0, -5200000.0 ] ] } },
{ "type": "Feature", "properties": { "id": 879, "left": -3430000.0, "top": 2000000.0, "right": -3430000.0, "bottom": -5200000.0, "grid_x": "X 7", "grid_y": "J 0" }, "geometry": { "type": "LineString", "coordinates": [ [ -3430000.0, 2000000.0 ], [ -3430000.0, -5200000.0 ] ] } },
{ "type": "Feature", "properties": { "id": 880, "left": -3420000.0, "top": 2000000.0, "right": -3420000.0, "bottom": -5200000.0, "grid_x": "X 8", "grid_y": "J 0" }, "geometry": { "type": "LineString", "coordinates": [ [ -3420000.0, 2000000.0 ], [ -3420000.0, -5200000.0 ] ] } },
{ "type": "Feature", "properties": { "id": 881, "left": -3410000.0, "top": 2000000.0, "right": -3410000.0, "bottom": -5200000.0, "grid_x": "X 9", "grid_y": "J 0" }, "geometry": { "type": "LineString", "coordinates": [ [ -3410000.0, 2000000.0 ], [ -3410000.0, -5200000.0 ] ] } },
{ "type": "Feature", "properties": { "id": 882, "left": -3400000.0, "top": 2000000.0, "right": -3400000.0, "bottom": -5200000.0, "grid_x": "Y 0", "grid_y": "J 0" }, "geometry": { "type": "LineString", "coordinates": [ [ -3400000.0, 2000000.0 ], [ -3400000.0, -5200000.0 ] ] } },
{ "type": "Feature", "properties": { "id": 883, "left": -3390000.0, "top": 2000000.0, "right": -3390000.0, "bottom": -5200000.0, "grid_x": "Y 1", "grid_y": "J 0" }, "geometry": { "type": "LineString", "coordinates": [ [ -3390000.0, 2000000.0 ], [ -3390000.0, -5200000.0 ] ] } },
{ "type": "Feature", "properties": { "id": 884, "left": -3380000.0, "top": 2000000.0, "right": -3380000.0, "bottom": -5200000.0, "grid_x": "Y 2", "grid_y": "J 0" }, "geometry": { "type": "LineString", "coordinates": [ [ -3380000.0, 2000000.0 ], [ -3380000.0, -5200000.0 ] ] } },
{ "type": "Feature", "properties": { "id": 885, "left": -3370000.0, "top": 2000000.0, "right": -3370000.0, "bottom": -5200000.0, "grid_x": "Y 3", "grid_y": "J 0" }, "geometry": { "type": "LineString", "coordinates": [ [ -3370000.0, 2000000.0 ], [ -3370000.0, -5200000.0 ] ] } },
{ "type": "Feature", "properties": { "id": 886, "left": -3360000.0, "top": 2000000.0, "right": -3360000.0, "bottom": -5200000.0, "grid_x": "Y 4", "grid_y": "J 0" }, "geometry": { "type": "LineString", "coordinates": [ [ -3360000.0, 2000000.0 ], [ -3360000.0, -5200000.0 ] ] } },
{ "type": "Feature", "properties": { "id": 887, "left": -3350000.0, "top": 2000000.0, "right": -3350000.0, "bottom": -5200000.0, "grid_x": "Y 5", "grid_y": "J 0" }, "geometry": { "type": "LineString", "coordinates": [ [ -3350000.0, 2000000.0 ], [ -3350000.0, -5200000.0 ] ] } },
{ "type": "Feature", "properties": { "id": 888, "left": -3340000.0, "top": 2000000.0, "right": -3340000.0, "bottom": -5200000.0, "grid_x": "Y 6", "grid_y": "J 0" }, "geometry": { "type": "LineString", "coordinates": [ [ -3340000.0, 2000000.0 ], [ -3340000.0, -5200000.0 ] ] } },
{ "type": "Feature", "properties": { "id": 889, "left": -3330000.0, "top": 2000000.0, "right": -3330000.0, "bottom": -5200000.0, "grid_x": "Y 7", "grid_y": "J 0" }, "geometry": { "type": "LineString", "coordinates": [ [ -3330000.0, 2000000.0 ], [ -3330000.0, -5200000.0 ] ] } },
{ "type": "Feature", "properties": { "id": 890, "left": -3320000.0, "top": 2000000.0, "right": -3320000.0, "bottom": -5200000.0, "grid_x": "Y 8", "grid_y": "J 0" }, "geometry": { "type": "LineString", "coordinates": [ [ -3320000.0, 2000000.0 ], [ -3320000.0, -5200000.0 ] ] } },
{ "type": "Feature", "properties": { "id": 891, "left": -3310000.0, "top": 2000000.0, "right": -3310000.0, "bottom": -5200000.0, "grid_x": "Y 9", "grid_y": "J 0" }, "geometry": { "type": "LineString", "coordinates": [ [ -3310000.0, 2000000.0 ], [ -3310000.0, -5200000.0 ] ] } },
{ "type": "Feature", "properties": { "id": 892, "left": -3300000.0, "top": 2000000.0, "right": -3300000.0, "bottom": -5200000.0, "grid_x": "Z 0", "grid_y": "J 0" }, "geometry": { "type": "LineString", "coordinates": [ [ -3300000.0, 2000000.0 ], [ -3300000.0, -5200000.0 ] ] } },
{ "type": "Feature", "properties": { "id": 893, "left": -3290000.0, "top": 2000000.0, "right": -3290000.0, "bottom": -5200000.0, "grid_x": "Z 1", "grid_y": "J 0" }, "geometry": { "type": "LineString", "coordinates": [ [ -3290000.0, 2000000.0 ], [ -3290000.0, -5200000.0 ] ] } },
{ "type": "Feature", "properties": { "id": 894, "left": -3280000.0, "top": 2000000.0, "right": -3280000.0, "bottom": -5200000.0, "grid_x": "Z 2", "grid_y": "J 0" }, "geometry": { "type": "LineString", "coordinates": [ [ -3280000.0, 2000000.0 ], [ -3280000.0, -5200000.0 ] ] } },
{ "type": "Feature", "properties": { "id": 895, "left": -3270000.0, "top": 2000000.0, "right": -3270000.0, "bottom": -5200000.0, "grid_x": "Z 3", "grid_y": "J 0" }, "geometry": { "type": "LineString", "coordinates": [ [ -3270000.0, 2000000.0 ], [ -3270000.0, -5200000.0 ] ] } },
{ "type": "Feature", "properties": { "id": 896, "left": -3260000.0, "top": 2000000.0, "right": -3260000.0, "bottom": -5200000.0, "grid_x": "Z 4", "grid_y": "J 0" }, "geometry": { "type": "LineString", "coordinates": [ [ -3260000.0, 2000000.0 ], [ -3260000.0, -5200000.0 ] ] } },
{ "type": "Feature", "properties": { "id": 897, "left": -3250000.0, "top": 2000000.0, "right": -3250000.0, "bottom": -5200000.0, "grid_x": "Z 5", "grid_y": "J 0" }, "geometry": { "type": "LineString", "coordinates": [ [ -3250000.0, 2000000.0 ], [ -3250000.0, -5200000.0 ] ] } },
{ "type": "Feature", "properties": { "id": 898, "left": -3240000.0, "top": 2000000.0, "right": -3240000.0, "bottom": -5200000.0, "grid_x": "Z 6", "grid_y": "J 0" }, "geometry": { "type": "LineString", "coordinates": [ [ -3240000.0, 2000000.0 ], [ -3240000.0, -5200000.0 ] ] } },
{ "type": "Feature", "properties": { "id": 899, "left": -3230000.0, "top": 2000000.0, "right": -3230000.0, "bottom": -5200000.0, "grid_x": "Z 7", "grid_y": "J 0" }, "geometry": { "type": "LineString", "coordinates": [ [ -3230000.0, 2000000.0 ], [ -3230000.0, -5200000.0 ] ] } },
{ "type": "Feature", "properties": { "id": 900, "left": -3220000.0, "top": 2000000.0, "right": -3220000.0, "bottom": -5200000.0, "grid_x": "Z 8", "grid_y": "J 0" }, "geometry": { "type": "LineString", "coordinates": [ [ -3220000.0, 2000000.0 ], [ -3220000.0, -5200000.0 ] ] } },
{ "type": "Feature", "properties": { "id": 901, "left": -3210000.0, "top": 2000000.0, "right": -3210000.0, "bottom": -5200000.0, "grid_x": "Z 9", "grid_y": "J 0" }, "geometry": { "type": "LineString", "coordinates": [ [ -3210000.0, 2000000.0 ], [ -3210000.0, -5200000.0 ] ] } },
{ "type": "Feature", "properties": { "id": 902, "left": -3200000.0, "top": 2000000.0, "right": -3200000.0, "bottom": -5200000.0, "grid_x": "A 0", "grid_y": "J 0" }, "geometry": { "type": "LineString", "coordinates": [ [ -3200000.0, 2000000.0 ], [ -3200000.0, -5200000.0 ] ] } },
{ "type": "Feature", "properties": { "id": 903, "left": -3190000.0, "top": 2000000.0, "right": -3190000.0, "bottom": -5200000.0, "grid_x": "A 1", "grid_y": "J 0" }, "geometry": { "type": "LineString", "coordinates": [ [ -3190000.0, 2000000.0 ], [ -3190000.0, -5200000.0 ] ] } },
{ "type": "Feature", "properties": { "id": 904, "left": -3180000.0, "top": 2000000.0, "right": -3180000.0, "bottom": -5200000.0, "grid_x": "A 2", "grid_y": "J 0" }, "geometry": { "type": "LineString", "coordinates": [ [ -3180000.0, 2000000.0 ], [ -3180000.0, -5200000.0 ] ] } },
{ "type": "Feature", "properties": { "id": 905, "left": -3170000.0, "top": 2000000.0, "right": -3170000.0, "bottom": -5200000.0, "grid_x": "A 3", "grid_y": "J 0" }, "geometry": { "type": "LineString", "coordinates": [ [ -3170000.0, 2000000.0 ], [ -3170000.0, -5200000.0 ] ] } },
{ "type": "Feature", "properties": { "id": 906, "left": -3160000.0, "top": 2000000.0, "right": -3160000.0, "bottom": -5200000.0, "grid_x": "A 4", "grid_y": "J 0" }, "geometry": { "type": "LineString", "coordinates": [ [ -3160000.0, 2000000.0 ], [ -3160000.0, -5200000.0 ] ] } },
{ "type": "Feature", "properties": { "id": 907, "left": -3150000.0, "top": 2000000.0, "right": -3150000.0, "bottom": -5200000.0, "grid_x": "A 5", "grid_y": "J 0" }, "geometry": { "type": "LineString", "coordinates": [ [ -3150000.0, 2000000.0 ], [ -3150000.0, -5200000.0 ] ] } },
{ "type": "Feature", "properties": { "id": 908, "left": -3140000.0, "top": 2000000.0, "right": -3140000.0, "bottom": -5200000.0, "grid_x": "A 6", "grid_y": "J 0" }, "geometry": { "type": "LineString", "coordinates": [ [ -3140000.0, 2000000.0 ], [ -3140000.0, -5200000.0 ] ] } },
{ "type": "Feature", "properties": { "id": 909, "left": -3130000.0, "top": 2000000.0, "right": -3130000.0, "bottom": -5200000.0, "grid_x": "A 7", "grid_y": "J 0" }, "geometry": { "type": "LineString", "coordinates": [ [ -3130000.0, 2000000.0 ], [ -3130000.0, -5200000.0 ] ] } },
{ "type": "Feature", "properties": { "id": 910, "left": -3120000.0, "top": 2000000.0, "right": -3120000.0, "bottom": -5200000.0, "grid_x": "A 8", "grid_y": "J 0" }, "geometry": { "type": "LineString", "coordinates": [ [ -3120000.0, 2000000.0 ], [ -3120000.0, -5200000.0 ] ] } },
{ "type": "Feature", "properties": { "id": 911, "left": -3110000.0, "top": 2000000.0, "right": -3110000.0, "bottom": -5200000.0, "grid_x": "A 9", "grid_y": "J 0" }, "geometry": { "type": "LineString", "coordinates": [ [ -3110000.0, 2000000.0 ], [ -3110000.0, -5200000.0 ] ] } },
{ "type": "Feature", "properties": { "id": 912, "left": -3100000.0, "top": 2000000.0, "right": -3100000.0, "bottom": -5200000.0, "grid_x": "A 0", "grid_y": "J 0" }, "geometry": { "type": "LineString", "coordinates": [ [ -3100000.0, 2000000.0 ], [ -3100000.0, -5200000.0 ] ] } },
{ "type": "Feature", "properties": { "id": 913, "left": -3090000.0, "top": 2000000.0, "right": -3090000.0, "bottom": -5200000.0, "grid_x": "A 1", "grid_y": "J 0" }, "geometry": { "type": "LineString", "coordinates": [ [ -3090000.0, 2000000.0 ], [ -3090000.0, -5200000.0 ] ] } },
{ "type": "Feature", "properties": { "id": 914, "left": -3080000.0, "top": 2000000.0, "right": -3080000.0, "bottom": -5200000.0, "grid_x": "A 2", "grid_y": "J 0" }, "geometry": { "type": "LineString", "coordinates": [ [ -3080000.0, 2000000.0 ], [ -3080000.0, -5200000.0 ] ] } },
{ "type": "Feature", "properties": { "id": 915, "left": -3070000.0, "top": 2000000.0, "right": -3070000.0, "bottom": -5200000.0, "grid_x": "A 3", "grid_y": "J 0" }, "geometry": { "type": "LineString", "coordinates": [ [ -3070000.0, 2000000.0 ], [ -3070000.0, -5200000.0 ] ] } },
{ "type": "Feature", "properties": { "id": 916, "left": -3060000.0, "top": 2000000.0, "right": -3060000.0, "bottom": -5200000.0, "grid_x": "A 4", "grid_y": "J 0" }, "geometry": { "type": "LineString", "coordinates": [ [ -3060000.0, 2000000.0 ], [ -3060000.0, -5200000.0 ] ] } },
{ "type": "Feature", "properties": { "id": 917, "left": -3050000.0, "top": 2000000.0, "right": -3050000.0, "bottom": -5200000.0, "grid_x": "A 5", "grid_y": "J 0" }, "geometry": { "type": "LineString", "coordinates": [ [ -3050000.0, 2000000.0 ], [ -3050000.0, -5200000.0 ] ] } },
{ "type": "Feature", "properties": { "id": 918, "left": -3040000.0, "top": 2000000.0, "right": -3040000.0, "bottom": -5200000.0, "grid_x": "A 6", "grid_y": "J 0" }, "geometry": { "type": "LineString", "coordinates": [ [ -3040000.0, 2000000.0 ], [ -3040000.0, -5200000.0 ] ] } },
{ "type": "Feature", "properties": { "id": 919, "left": -3030000.0, "top": 2000000.0, "right": -3030000.0, "bottom": -5200000.0, "grid_x": "A 7", "grid_y": "J 0" }, "geometry": { "type": "LineString", "coordinates": [ [ -3030000.0, 2000000.0 ], [ -3030000.0, -5200000.0 ] ] } },
{ "type": "Feature", "properties": { "id": 920, "left": -3020000.0, "top": 2000000.0, "right": -3020000.0, "bottom": -5200000.0, "grid_x": "A 8", "grid_y": "J 0" }, "geometry": { "type": "LineString", "coordinates": [ [ -3020000.0, 2000000.0 ], [ -3020000.0, -5200000.0 ] ] } },
{ "type": "Feature", "properties": { "id": 921, "left": -3010000.0, "top": 2000000.0, "right": -3010000.0, "bottom": -5200000.0, "grid_x": "A 9", "grid_y": "J 0" }, "geometry": { "type": "LineString", "coordinates": [ [ -3010000.0, 2000000.0 ], [ -3010000.0, -5200000.0 ] ] } },
{ "type": "Feature", "properties": { "id": 922, "left": -3000000.0, "top": 2000000.0, "right": -3000000.0, "bottom": -5200000.0, "grid_x": "B 0", "grid_y": "J 0" }, "geometry": { "type": "LineString", "coordinates": [ [ -3000000.0, 2000000.0 ], [ -3000000.0, -5200000.0 ] ] } },
{ "type": "Feature", "properties": { "id": 923, "left": -2990000.0, "top": 2000000.0, "right": -2990000.0, "bottom": -5200000.0, "grid_x": "B 1", "grid_y": "J 0" }, "geometry": { "type": "LineString", "coordinates": [ [ -2990000.0, 2000000.0 ], [ -2990000.0, -5200000.0 ] ] } },
{ "type": "Feature", "properties": { "id": 924, "left": -2980000.0, "top": 2000000.0, "right": -2980000.0, "bottom": -5200000.0, "grid_x": "B 2", "grid_y": "J 0" }, "geometry": { "type": "LineString", "coordinates": [ [ -2980000.0, 2000000.0 ], [ -2980000.0, -5200000.0 ] ] } },
{ "type": "Feature", "properties": { "id": 925, "left": -2970000.0, "top": 2000000.0, "right": -2970000.0, "bottom": -5200000.0, "grid_x": "B 3", "grid_y": "J 0" }, "geometry": { "type": "LineString", "coordinates": [ [ -2970000.0, 2000000.0 ], [ -2970000.0, -5200000.0 ] ] } },
{ "type": "Feature", "properties": { "id": 926, "left": -2960000.0, "top": 2000000.0, "right": -2960000.0, "bottom": -5200000.0, "grid_x": "B 4", "grid_y": "J 0" }, "geometry": { "type": "LineString", "coordinates": [ [ -2960000.0, 2000000.0 ], [ -2960000.0, -5200000.0 ] ] } },
{ "type": "Feature", "properties": { "id": 927, "left": -2950000.0, "top": 2000000.0, "right": -2950000.0, "bottom": -5200000.0, "grid_x": "B 5", "grid_y": "J 0" }, "geometry": { "type": "LineString", "coordinates": [ [ -2950000.0, 2000000.0 ], [ -2950000.0, -5200000.0 ] ] } },
{ "type": "Feature", "properties": { "id": 928, "left": -2940000.0, "top": 2000000.0, "right": -2940000.0, "bottom": -5200000.0, "grid_x": "B 6", "grid_y": "J 0" }, "geometry": { "type": "LineString", "coordinates": [ [ -2940000.0, 2000000.0 ], [ -2940000.0, -5200000.0 ] ] } },
{ "type": "Feature", "properties": { "id": 929, "left": -2930000.0, "top": 2000000.0, "right": -2930000.0, "bottom": -5200000.0, "grid_x": "B 7", "grid_y": "J 0" }, "geometry": { "type": "LineString", "coordinates": [ [ -2930000.0, 2000000.0 ], [ -2930000.0, -5200000.0 ] ] } },
{ "type": "Feature", "properties": { "id": 930, "left": -2920000.0, "top": 2000000.0, "right": -2920000.0, "bottom": -5200000.0, "grid_x": "B 8", "grid_y": "J 0" }, "geometry": { "type": "LineString", "coordinates": [ [ -2920000.0, 2000000.0 ], [ -2920000.0, -5200000.0 ] ] } },
{ "type": "Feature", "properties": { "id": 931, "left": -2910000.0, "top": 2000000.0, "right": -2910000.0, "bottom": -5200000.0, "grid_x": "B 9", "grid_y": "J 0" }, "geometry": { "type": "LineString", "coordinates": [ [ -2910000.0, 2000000.0 ], [ -2910000.0, -5200000.0 ] ] } },
{ "type": "Feature", "properties": { "id": 932, "left": -2900000.0, "top": 2000000.0, "right": -2900000.0, "bottom": -5200000.0, "grid_x": "C 0", "grid_y": "J 0" }, "geometry": { "type": "LineString", "coordinates": [ [ -2900000.0, 2000000.0 ], [ -2900000.0, -5200000.0 ] ] } },
{ "type": "Feature", "properties": { "id": 933, "left": -2890000.0, "top": 2000000.0, "right": -2890000.0, "bottom": -5200000.0, "grid_x": "C 1", "grid_y": "J 0" }, "geometry": { "type": "LineString", "coordinates": [ [ -2890000.0, 2000000.0 ], [ -2890000.0, -5200000.0 ] ] } },
{ "type": "Feature", "properties": { "id": 934, "left": -2880000.0, "top": 2000000.0, "right": -2880000.0, "bottom": -5200000.0, "grid_x": "C 2", "grid_y": "J 0" }, "geometry": { "type": "LineString", "coordinates": [ [ -2880000.0, 2000000.0 ], [ -2880000.0, -5200000.0 ] ] } },
{ "type": "Feature", "properties": { "id": 935, "left": -2870000.0, "top": 2000000.0, "right": -2870000.0, "bottom": -5200000.0, "grid_x": "C 3", "grid_y": "J 0" }, "geometry": { "type": "LineString", "coordinates": [ [ -2870000.0, 2000000.0 ], [ -2870000.0, -5200000.0 ] ] } },
{ "type": "Feature", "properties": { "id": 936, "left": -2860000.0, "top": 2000000.0, "right": -2860000.0, "bottom": -5200000.0, "grid_x": "C 4", "grid_y": "J 0" }, "geometry": { "type": "LineString", "coordinates": [ [ -2860000.0, 2000000.0 ], [ -2860000.0, -5200000.0 ] ] } },
{ "type": "Feature", "properties": { "id": 937, "left": -2850000.0, "top": 2000000.0, "right": -2850000.0, "bottom": -5200000.0, "grid_x": "C 5", "grid_y": "J 0" }, "geometry": { "type": "LineString", "coordinates": [ [ -2850000.0, 2000000.0 ], [ -2850000.0, -5200000.0 ] ] } },
{ "type": "Feature", "properties": { "id": 938, "left": -2840000.0, "top": 2000000.0, "right": -2840000.0, "bottom": -5200000.0, "grid_x": "C 6", "grid_y": "J 0" }, "geometry": { "type": "LineString", "coordinates": [ [ -2840000.0, 2000000.0 ], [ -2840000.0, -5200000.0 ] ] } },
{ "type": "Feature", "properties": { "id": 939, "left": -2830000.0, "top": 2000000.0, "right": -2830000.0, "bottom": -5200000.0, "grid_x": "C 7", "grid_y": "J 0" }, "geometry": { "type": "LineString", "coordinates": [ [ -2830000.0, 2000000.0 ], [ -2830000.0, -5200000.0 ] ] } },
{ "type": "Feature", "properties": { "id": 940, "left": -2820000.0, "top": 2000000.0, "right": -2820000.0, "bottom": -5200000.0, "grid_x": "C 8", "grid_y": "J 0" }, "geometry": { "type": "LineString", "coordinates": [ [ -2820000.0, 2000000.0 ], [ -2820000.0, -5200000.0 ] ] } },
{ "type": "Feature", "properties": { "id": 941, "left": -2810000.0, "top": 2000000.0, "right": -2810000.0, "bottom": -5200000.0, "grid_x": "C 9", "grid_y": "J 0" }, "geometry": { "type": "LineString", "coordinates": [ [ -2810000.0, 2000000.0 ], [ -2810000.0, -5200000.0 ] ] } },
{ "type": "Feature", "properties": { "id": 942, "left": -2800000.0, "top": 2000000.0, "right": -2800000.0, "bottom": -5200000.0, "grid_x": "D 0", "grid_y": "J 0" }, "geometry": { "type": "LineString", "coordinates": [ [ -2800000.0, 2000000.0 ], [ -2800000.0, -5200000.0 ] ] } },
{ "type": "Feature", "properties": { "id": 943, "left": -2790000.0, "top": 2000000.0, "right": -2790000.0, "bottom": -5200000.0, "grid_x": "D 1", "grid_y": "J 0" }, "geometry": { "type": "LineString", "coordinates": [ [ -2790000.0, 2000000.0 ], [ -2790000.0, -5200000.0 ] ] } },
{ "type": "Feature", "properties": { "id": 944, "left": -2780000.0, "top": 2000000.0, "right": -2780000.0, "bottom": -5200000.0, "grid_x": "D 2", "grid_y": "J 0" }, "geometry": { "type": "LineString", "coordinates": [ [ -2780000.0, 2000000.0 ], [ -2780000.0, -5200000.0 ] ] } },
{ "type": "Feature", "properties": { "id": 945, "left": -2770000.0, "top": 2000000.0, "right": -2770000.0, "bottom": -5200000.0, "grid_x": "D 3", "grid_y": "J 0" }, "geometry": { "type": "LineString", "coordinates": [ [ -2770000.0, 2000000.0 ], [ -2770000.0, -5200000.0 ] ] } },
{ "type": "Feature", "properties": { "id": 946, "left": -2760000.0, "top": 2000000.0, "right": -2760000.0, "bottom": -5200000.0, "grid_x": "D 4", "grid_y": "J 0" }, "geometry": { "type": "LineString", "coordinates": [ [ -2760000.0, 2000000.0 ], [ -2760000.0, -5200000.0 ] ] } },
{ "type": "Feature", "properties": { "id": 947, "left": -2750000.0, "top": 2000000.0, "right": -2750000.0, "bottom": -5200000.0, "grid_x": "D 5", "grid_y": "J 0" }, "geometry": { "type": "LineString", "coordinates": [ [ -2750000.0, 2000000.0 ], [ -2750000.0, -5200000.0 ] ] } },
{ "type": "Feature", "properties": { "id": 948, "left": -2740000.0, "top": 2000000.0, "right": -2740000.0, "bottom": -5200000.0, "grid_x": "D 6", "grid_y": "J 0" }, "geometry": { "type": "LineString", "coordinates": [ [ -2740000.0, 2000000.0 ], [ -2740000.0, -5200000.0 ] ] } },
{ "type": "Feature", "properties": { "id": 949, "left": -2730000.0, "top": 2000000.0, "right": -2730000.0, "bottom": -5200000.0, "grid_x": "D 7", "grid_y": "J 0" }, "geometry": { "type": "LineString", "coordinates": [ [ -2730000.0, 2000000.0 ], [ -2730000.0, -5200000.0 ] ] } },
{ "type": "Feature", "properties": { "id": 950, "left": -2720000.0, "top": 2000000.0, "right": -2720000.0, "bottom": -5200000.0, "grid_x": "D 8", "grid_y": "J 0" }, "geometry": { "type": "LineString", "coordinates": [ [ -2720000.0, 2000000.0 ], [ -2720000.0, -5200000.0 ] ] } },
{ "type": "Feature", "properties": { "id": 951, "left": -2710000.0, "top": 2000000.0, "right": -2710000.0, "bottom": -5200000.0, "grid_x": "D 9", "grid_y": "J 0" }, "geometry": { "type": "LineString", "coordinates": [ [ -2710000.0, 2000000.0 ], [ -2710000.0, -5200000.0 ] ] } },
{ "type": "Feature", "properties": { "id": 952, "left": -2700000.0, "top": 2000000.0, "right": -2700000.0, "bottom": -5200000.0, "grid_x": "E 0", "grid_y": "J 0" }, "geometry": { "type": "LineString", "coordinates": [ [ -2700000.0, 2000000.0 ], [ -2700000.0, -5200000.0 ] ] } },
{ "type": "Feature", "properties": { "id": 953, "left": -2690000.0, "top": 2000000.0, "right": -2690000.0, "bottom": -5200000.0, "grid_x": "E 1", "grid_y": "J 0" }, "geometry": { "type": "LineString", "coordinates": [ [ -2690000.0, 2000000.0 ], [ -2690000.0, -5200000.0 ] ] } },
{ "type": "Feature", "properties": { "id": 954, "left": -2680000.0, "top": 2000000.0, "right": -2680000.0, "bottom": -5200000.0, "grid_x": "E 2", "grid_y": "J 0" }, "geometry": { "type": "LineString", "coordinates": [ [ -2680000.0, 2000000.0 ], [ -2680000.0, -5200000.0 ] ] } },
{ "type": "Feature", "properties": { "id": 955, "left": -2670000.0, "top": 2000000.0, "right": -2670000.0, "bottom": -5200000.0, "grid_x": "E 3", "grid_y": "J 0" }, "geometry": { "type": "LineString", "coordinates": [ [ -2670000.0, 2000000.0 ], [ -2670000.0, -5200000.0 ] ] } },
{ "type": "Feature", "properties": { "id": 956, "left": -2660000.0, "top": 2000000.0, "right": -2660000.0, "bottom": -5200000.0, "grid_x": "E 4", "grid_y": "J 0" }, "geometry": { "type": "LineString", "coordinates": [ [ -2660000.0, 2000000.0 ], [ -2660000.0, -5200000.0 ] ] } },
{ "type": "Feature", "properties": { "id": 957, "left": -2650000.0, "top": 2000000.0, "right": -2650000.0, "bottom": -5200000.0, "grid_x": "E 5", "grid_y": "J 0" }, "geometry": { "type": "LineString", "coordinates": [ [ -2650000.0, 2000000.0 ], [ -2650000.0, -5200000.0 ] ] } },
{ "type": "Feature", "properties": { "id": 958, "left": -2640000.0, "top": 2000000.0, "right": -2640000.0, "bottom": -5200000.0, "grid_x": "E 6", "grid_y": "J 0" }, "geometry": { "type": "LineString", "coordinates": [ [ -2640000.0, 2000000.0 ], [ -2640000.0, -5200000.0 ] ] } },
{ "type": "Feature", "properties": { "id": 959, "left": -2630000.0, "top": 2000000.0, "right": -2630000.0, "bottom": -5200000.0, "grid_x": "E 7", "grid_y": "J 0" }, "geometry": { "type": "LineString", "coordinates": [ [ -2630000.0, 2000000.0 ], [ -2630000.0, -5200000.0 ] ] } },
{ "type": "Feature", "properties": { "id": 960, "left": -2620000.0, "top": 2000000.0, "right": -2620000.0, "bottom": -5200000.0, "grid_x": "E 8", "grid_y": "J 0" }, "geometry": { "type": "LineString", "coordinates": [ [ -2620000.0, 2000000.0 ], [ -2620000.0, -5200000.0 ] ] } },
{ "type": "Feature", "properties": { "id": 961, "left": -2610000.0, "top": 2000000.0, "right": -2610000.0, "bottom": -5200000.0, "grid_x": "E 9", "grid_y": "J 0" }, "geometry": { "type": "LineString", "coordinates": [ [ -2610000.0, 2000000.0 ], [ -2610000.0, -5200000.0 ] ] } },
{ "type": "Feature", "properties": { "id": 962, "left": -2600000.0, "top": 2000000.0, "right": -2600000.0, "bottom": -5200000.0, "grid_x": "F 0", "grid_y": "J 0" }, "geometry": { "type": "LineString", "coordinates": [ [ -2600000.0, 2000000.0 ], [ -2600000.0, -5200000.0 ] ] } },
{ "type": "Feature", "properties": { "id": 963, "left": -2590000.0, "top": 2000000.0, "right": -2590000.0, "bottom": -5200000.0, "grid_x": "F 1", "grid_y": "J 0" }, "geometry": { "type": "LineString", "coordinates": [ [ -2590000.0, 2000000.0 ], [ -2590000.0, -5200000.0 ] ] } },
{ "type": "Feature", "properties": { "id": 964, "left": -2580000.0, "top": 2000000.0, "right": -2580000.0, "bottom": -5200000.0, "grid_x": "F 2", "grid_y": "J 0" }, "geometry": { "type": "LineString", "coordinates": [ [ -2580000.0, 2000000.0 ], [ -2580000.0, -5200000.0 ] ] } },
{ "type": "Feature", "properties": { "id": 965, "left": -2570000.0, "top": 2000000.0, "right": -2570000.0, "bottom": -5200000.0, "grid_x": "F 3", "grid_y": "J 0" }, "geometry": { "type": "LineString", "coordinates": [ [ -2570000.0, 2000000.0 ], [ -2570000.0, -5200000.0 ] ] } },
{ "type": "Feature", "properties": { "id": 966, "left": -2560000.0, "top": 2000000.0, "right": -2560000.0, "bottom": -5200000.0, "grid_x": "F 4", "grid_y": "J 0" }, "geometry": { "type": "LineString", "coordinates": [ [ -2560000.0, 2000000.0 ], [ -2560000.0, -5200000.0 ] ] } },
{ "type": "Feature", "properties": { "id": 967, "left": -2550000.0, "top": 2000000.0, "right": -2550000.0, "bottom": -5200000.0, "grid_x": "F 5", "grid_y": "J 0" }, "geometry": { "type": "LineString", "coordinates": [ [ -2550000.0, 2000000.0 ], [ -2550000.0, -5200000.0 ] ] } },
{ "type": "Feature", "properties": { "id": 968, "left": -2540000.0, "top": 2000000.0, "right": -2540000.0, "bottom": -5200000.0, "grid_x": "F 6", "grid_y": "J 0" }, "geometry": { "type": "LineString", "coordinates": [ [ -2540000.0, 2000000.0 ], [ -2540000.0, -5200000.0 ] ] } },
{ "type": "Feature", "properties": { "id": 969, "left": -2530000.0, "top": 2000000.0, "right": -2530000.0, "bottom": -5200000.0, "grid_x": "F 7", "grid_y": "J 0" }, "geometry": { "type": "LineString", "coordinates": [ [ -2530000.0, 2000000.0 ], [ -2530000.0, -5200000.0 ] ] } },
{ "type": "Feature", "properties": { "id": 970, "left": -2520000.0, "top": 2000000.0, "right": -2520000.0, "bottom": -5200000.0, "grid_x": "F 8", "grid_y": "J 0" }, "geometry": { "type": "LineString", "coordinates": [ [ -2520000.0, 2000000.0 ], [ -2520000.0, -5200000.0 ] ] } },
{ "type": "Feature", "properties": { "id": 971, "left": -2510000.0, "top": 2000000.0, "right": -2510000.0, "bottom": -5200000.0, "grid_x": "F 9", "grid_y": "J 0" }, "geometry": { "type": "LineString", "coordinates": [ [ -2510000.0, 2000000.0 ], [ -2510000.0, -5200000.0 ] ] } },
{ "type": "Feature", "properties": { "id": 972, "left": -2500000.0, "top": 2000000.0, "right": -2500000.0, "bottom": -5200000.0, "grid_x": "G 0", "grid_y": "J 0" }, "geometry": { "type": "LineString", "coordinates": [ [ -2500000.0, 2000000.0 ], [ -2500000.0, -5200000.0 ] ] } },
{ "type": "Feature", "properties": { "id": 973, "left": -2490000.0, "top": 2000000.0, "right": -2490000.0, "bottom": -5200000.0, "grid_x": "G 1", "grid_y": "J 0" }, "geometry": { "type": "LineString", "coordinates": [ [ -2490000.0, 2000000.0 ], [ -2490000.0, -5200000.0 ] ] } },
{ "type": "Feature", "properties": { "id": 974, "left": -2480000.0, "top": 2000000.0, "right": -2480000.0, "bottom": -5200000.0, "grid_x": "G 2", "grid_y": "J 0" }, "geometry": { "type": "LineString", "coordinates": [ [ -2480000.0, 2000000.0 ], [ -2480000.0, -5200000.0 ] ] } },
{ "type": "Feature", "properties": { "id": 975, "left": -2470000.0, "top": 2000000.0, "right": -2470000.0, "bottom": -5200000.0, "grid_x": "G 3", "grid_y": "J 0" }, "geometry": { "type": "LineString", "coordinates": [ [ -2470000.0, 2000000.0 ], [ -2470000.0, -5200000.0 ] ] } },
{ "type": "Feature", "properties": { "id": 976, "left": -2460000.0, "top": 2000000.0, "right": -2460000.0, "bottom": -5200000.0, "grid_x": "G 4", "grid_y": "J 0" }, "geometry": { "type": "LineString", "coordinates": [ [ -2460000.0, 2000000.0 ], [ -2460000.0, -5200000.0 ] ] } },
{ "type": "Feature", "properties": { "id": 977, "left": -2450000.0, "top": 2000000.0, "right": -2450000.0, "bottom": -5200000.0, "grid_x": "G 5", "grid_y": "J 0" }, "geometry": { "type": "LineString", "coordinates": [ [ -2450000.0, 2000000.0 ], [ -2450000.0, -5200000.0 ] ] } },
{ "type": "Feature", "properties": { "id": 978, "left": -2440000.0, "top": 2000000.0, "right": -2440000.0, "bottom": -5200000.0, "grid_x": "G 6", "grid_y": "J 0" }, "geometry": { "type": "LineString", "coordinates": [ [ -2440000.0, 2000000.0 ], [ -2440000.0, -5200000.0 ] ] } },
{ "type": "Feature", "properties": { "id": 979, "left": -2430000.0, "top": 2000000.0, "right": -2430000.0, "bottom": -5200000.0, "grid_x": "G 7", "grid_y": "J 0" }, "geometry": { "type": "LineString", "coordinates": [ [ -2430000.0, 2000000.0 ], [ -2430000.0, -5200000.0 ] ] } },
{ "type": "Feature", "properties": { "id": 980, "left": -2420000.0, "top": 2000000.0, "right": -2420000.0, "bottom": -5200000.0, "grid_x": "G 8", "grid_y": "J 0" }, "geometry": { "type": "LineString", "coordinates": [ [ -2420000.0, 2000000.0 ], [ -2420000.0, -5200000.0 ] ] } },
{ "type": "Feature", "properties": { "id": 981, "left": -2410000.0, "top": 2000000.0, "right": -2410000.0, "bottom": -5200000.0, "grid_x": "G 9", "grid_y": "J 0" }, "geometry": { "type": "LineString", "coordinates": [ [ -2410000.0, 2000000.0 ], [ -2410000.0, -5200000.0 ] ] } },
{ "type": "Feature", "properties": { "id": 982, "left": -2400000.0, "top": 2000000.0, "right": -2400000.0, "bottom": -5200000.0, "grid_x": "H 0", "grid_y": "J 0" }, "geometry": { "type": "LineString", "coordinates": [ [ -2400000.0, 2000000.0 ], [ -2400000.0, -5200000.0 ] ] } },
{ "type": "Feature", "properties": { "id": 983, "left": -2390000.0, "top": 2000000.0, "right": -2390000.0, "bottom": -5200000.0, "grid_x": "H 1", "grid_y": "J 0" }, "geometry": { "type": "LineString", "coordinates": [ [ -2390000.0, 2000000.0 ], [ -2390000.0, -5200000.0 ] ] } },
{ "type": "Feature", "properties": { "id": 984, "left": -2380000.0, "top": 2000000.0, "right": -2380000.0, "bottom": -5200000.0, "grid_x": "H 2", "grid_y": "J 0" }, "geometry": { "type": "LineString", "coordinates": [ [ -2380000.0, 2000000.0 ], [ -2380000.0, -5200000.0 ] ] } },
{ "type": "Feature", "properties": { "id": 985, "left": -2370000.0, "top": 2000000.0, "right": -2370000.0, "bottom": -5200000.0, "grid_x": "H 3", "grid_y": "J 0" }, "geometry": { "type": "LineString", "coordinates": [ [ -2370000.0, 2000000.0 ], [ -2370000.0, -5200000.0 ] ] } },
{ "type": "Feature", "properties": { "id": 986, "left": -2360000.0, "top": 2000000.0, "right": -2360000.0, "bottom": -5200000.0, "grid_x": "H 4", "grid_y": "J 0" }, "geometry": { "type": "LineString", "coordinates": [ [ -2360000.0, 2000000.0 ], [ -2360000.0, -5200000.0 ] ] } },
{ "type": "Feature", "properties": { "id": 987, "left": -2350000.0, "top": 2000000.0, "right": -2350000.0, "bottom": -5200000.0, "grid_x": "H 5", "grid_y": "J 0" }, "geometry": { "type": "LineString", "coordinates": [ [ -2350000.0, 2000000.0 ], [ -2350000.0, -5200000.0 ] ] } },
{ "type": "Feature", "properties": { "id": 988, "left": -2340000.0, "top": 2000000.0, "right": -2340000.0, "bottom": -5200000.0, "grid_x": "H 6", "grid_y": "J 0" }, "geometry": { "type": "LineString", "coordinates": [ [ -2340000.0, 2000000.0 ], [ -2340000.0, -5200000.0 ] ] } },
{ "type": "Feature", "properties": { "id": 989, "left": -2330000.0, "top": 2000000.0, "right": -2330000.0, "bottom": -5200000.0, "grid_x": "H 7", "grid_y": "J 0" }, "geometry": { "type": "LineString", "coordinates": [ [ -2330000.0, 2000000.0 ], [ -2330000.0, -5200000.0 ] ] } },
{ "type": "Feature", "properties": { "id": 990, "left": -2320000.0, "top": 2000000.0, "right": -2320000.0, "bottom": -5200000.0, "grid_x": "H 8", "grid_y": "J 0" }, "geometry": { "type": "LineString", "coordinates": [ [ -2320000.0, 2000000.0 ], [ -2320000.0, -5200000.0 ] ] } },
{ "type": "Feature", "properties": { "id": 991, "left": -2310000.0, "top": 2000000.0, "right": -2310000.0, "bottom": -5200000.0, "grid_x": "H 9", "grid_y": "J 0" }, "geometry": { "type": "LineString", "coordinates": [ [ -2310000.0, 2000000.0 ], [ -2310000.0, -5200000.0 ] ] } },
{ "type": "Feature", "properties": { "id": 992, "left": -2300000.0, "top": 2000000.0, "right": -2300000.0, "bottom": -5200000.0, "grid_x": "J 0", "grid_y": "J 0" }, "geometry": { "type": "LineString", "coordinates": [ [ -2300000.0, 2000000.0 ], [ -2300000.0, -5200000.0 ] ] } },
{ "type": "Feature", "properties": { "id": 993, "left": -2290000.0, "top": 2000000.0, "right": -2290000.0, "bottom": -5200000.0, "grid_x": "J 1", "grid_y": "J 0" }, "geometry": { "type": "LineString", "coordinates": [ [ -2290000.0, 2000000.0 ], [ -2290000.0, -5200000.0 ] ] } },
{ "type": "Feature", "properties": { "id": 994, "left": -2280000.0, "top": 2000000.0, "right": -2280000.0, "bottom": -5200000.0, "grid_x": "J 2", "grid_y": "J 0" }, "geometry": { "type": "LineString", "coordinates": [ [ -2280000.0, 2000000.0 ], [ -2280000.0, -5200000.0 ] ] } },
{ "type": "Feature", "properties": { "id": 995, "left": -2270000.0, "top": 2000000.0, "right": -2270000.0, "bottom": -5200000.0, "grid_x": "J 3", "grid_y": "J 0" }, "geometry": { "type": "LineString", "coordinates": [ [ -2270000.0, 2000000.0 ], [ -2270000.0, -5200000.0 ] ] } },
{ "type": "Feature", "properties": { "id": 996, "left": -2260000.0, "top": 2000000.0, "right": -2260000.0, "bottom": -5200000.0, "grid_x": "J 4", "grid_y": "J 0" }, "geometry": { "type": "LineString", "coordinates": [ [ -2260000.0, 2000000.0 ], [ -2260000.0, -5200000.0 ] ] } },
{ "type": "Feature", "properties": { "id": 997, "left": -2250000.0, "top": 2000000.0, "right": -2250000.0, "bottom": -5200000.0, "grid_x": "J 5", "grid_y": "J 0" }, "geometry": { "type": "LineString", "coordinates": [ [ -2250000.0, 2000000.0 ], [ -2250000.0, -5200000.0 ] ] } },
{ "type": "Feature", "properties": { "id": 998, "left": -2240000.0, "top": 2000000.0, "right": -2240000.0, "bottom": -5200000.0, "grid_x": "J 6", "grid_y": "J 0" }, "geometry": { "type": "LineString", "coordinates": [ [ -2240000.0, 2000000.0 ], [ -2240000.0, -5200000.0 ] ] } },
{ "type": "Feature", "properties": { "id": 999, "left": -2230000.0, "top": 2000000.0, "right": -2230000.0, "bottom": -5200000.0, "grid_x": "J 7", "grid_y": "J 0" }, "geometry": { "type": "LineString", "coordinates": [ [ -2230000.0, 2000000.0 ], [ -2230000.0, -5200000.0 ] ] } },
{ "type": "Feature", "properties": { "id": 1000, "left": -2220000.0, "top": 2000000.0, "right": -2220000.0, "bottom": -5200000.0, "grid_x": "J 8", "grid_y": "J 0" }, "geometry": { "type": "LineString", "coordinates": [ [ -2220000.0, 2000000.0 ], [ -2220000.0, -5200000.0 ] ] } },
{ "type": "Feature", "properties": { "id": 1001, "left": -2210000.0, "top": 2000000.0, "right": -2210000.0, "bottom": -5200000.0, "grid_x": "J 9", "grid_y": "J 0" }, "geometry": { "type": "LineString", "coordinates": [ [ -2210000.0, 2000000.0 ], [ -2210000.0, -5200000.0 ] ] } },
{ "type": "Feature", "properties": { "id": 1002, "left": -2200000.0, "top": 2000000.0, "right": -2200000.0, "bottom": -5200000.0, "grid_x": "K 0", "grid_y": "J 0" }, "geometry": { "type": "LineString", "coordinates": [ [ -2200000.0, 2000000.0 ], [ -2200000.0, -5200000.0 ] ] } },
{ "type": "Feature", "properties": { "id": 1003, "left": -2190000.0, "top": 2000000.0, "right": -2190000.0, "bottom": -5200000.0, "grid_x": "K 1", "grid_y": "J 0" }, "geometry": { "type": "LineString", "coordinates": [ [ -2190000.0, 2000000.0 ], [ -2190000.0, -5200000.0 ] ] } },
{ "type": "Feature", "properties": { "id": 1004, "left": -2180000.0, "top": 2000000.0, "right": -2180000.0, "bottom": -5200000.0, "grid_x": "K 2", "grid_y": "J 0" }, "geometry": { "type": "LineString", "coordinates": [ [ -2180000.0, 2000000.0 ], [ -2180000.0, -5200000.0 ] ] } },
{ "type": "Feature", "properties": { "id": 1005, "left": -2170000.0, "top": 2000000.0, "right": -2170000.0, "bottom": -5200000.0, "grid_x": "K 3", "grid_y": "J 0" }, "geometry": { "type": "LineString", "coordinates": [ [ -2170000.0, 2000000.0 ], [ -2170000.0, -5200000.0 ] ] } },
{ "type": "Feature", "properties": { "id": 1006, "left": -2160000.0, "top": 2000000.0, "right": -2160000.0, "bottom": -5200000.0, "grid_x": "K 4", "grid_y": "J 0" }, "geometry": { "type": "LineString", "coordinates": [ [ -2160000.0, 2000000.0 ], [ -2160000.0, -5200000.0 ] ] } },
{ "type": "Feature", "properties": { "id": 1007, "left": -2150000.0, "top": 2000000.0, "right": -2150000.0, "bottom": -5200000.0, "grid_x": "K 5", "grid_y": "J 0" }, "geometry": { "type": "LineString", "coordinates": [ [ -2150000.0, 2000000.0 ], [ -2150000.0, -5200000.0 ] ] } },
{ "type": "Feature", "properties": { "id": 1008, "left": -2140000.0, "top": 2000000.0, "right": -2140000.0, "bottom": -5200000.0, "grid_x": "K 6", "grid_y": "J 0" }, "geometry": { "type": "LineString", "coordinates": [ [ -2140000.0, 2000000.0 ], [ -2140000.0, -5200000.0 ] ] } },
{ "type": "Feature", "properties": { "id": 1009, "left": -2130000.0, "top": 2000000.0, "right": -2130000.0, "bottom": -5200000.0, "grid_x": "K 7", "grid_y": "J 0" }, "geometry": { "type": "LineString", "coordinates": [ [ -2130000.0, 2000000.0 ], [ -2130000.0, -5200000.0 ] ] } },
{ "type": "Feature", "properties": { "id": 1010, "left": -2120000.0, "top": 2000000.0, "right": -2120000.0, "bottom": -5200000.0, "grid_x": "K 8", "grid_y": "J 0" }, "geometry": { "type": "LineString", "coordinates": [ [ -2120000.0, 2000000.0 ], [ -2120000.0, -5200000.0 ] ] } },
{ "type": "Feature", "properties": { "id": 1011, "left": -2110000.0, "top": 2000000.0, "right": -2110000.0, "bottom": -5200000.0, "grid_x": "K 9", "grid_y": "J 0" }, "geometry": { "type": "LineString", "coordinates": [ [ -2110000.0, 2000000.0 ], [ -2110000.0, -5200000.0 ] ] } },
{ "type": "Feature", "properties": { "id": 1012, "left": -2100000.0, "top": 2000000.0, "right": -2100000.0, "bottom": -5200000.0, "grid_x": "L 0", "grid_y": "J 0" }, "geometry": { "type": "LineString", "coordinates": [ [ -2100000.0, 2000000.0 ], [ -2100000.0, -5200000.0 ] ] } },
{ "type": "Feature", "properties": { "id": 1013, "left": -2090000.0, "top": 2000000.0, "right": -2090000.0, "bottom": -5200000.0, "grid_x": "L 1", "grid_y": "J 0" }, "geometry": { "type": "LineString", "coordinates": [ [ -2090000.0, 2000000.0 ], [ -2090000.0, -5200000.0 ] ] } },
{ "type": "Feature", "properties": { "id": 1014, "left": -2080000.0, "top": 2000000.0, "right": -2080000.0, "bottom": -5200000.0, "grid_x": "L 2", "grid_y": "J 0" }, "geometry": { "type": "LineString", "coordinates": [ [ -2080000.0, 2000000.0 ], [ -2080000.0, -5200000.0 ] ] } },
{ "type": "Feature", "properties": { "id": 1015, "left": -2070000.0, "top": 2000000.0, "right": -2070000.0, "bottom": -5200000.0, "grid_x": "L 3", "grid_y": "J 0" }, "geometry": { "type": "LineString", "coordinates": [ [ -2070000.0, 2000000.0 ], [ -2070000.0, -5200000.0 ] ] } },
{ "type": "Feature", "properties": { "id": 1016, "left": -2060000.0, "top": 2000000.0, "right": -2060000.0, "bottom": -5200000.0, "grid_x": "L 4", "grid_y": "J 0" }, "geometry": { "type": "LineString", "coordinates": [ [ -2060000.0, 2000000.0 ], [ -2060000.0, -5200000.0 ] ] } },
{ "type": "Feature", "properties": { "id": 1017, "left": -2050000.0, "top": 2000000.0, "right": -2050000.0, "bottom": -5200000.0, "grid_x": "L 5", "grid_y": "J 0" }, "geometry": { "type": "LineString", "coordinates": [ [ -2050000.0, 2000000.0 ], [ -2050000.0, -5200000.0 ] ] } },
{ "type": "Feature", "properties": { "id": 1018, "left": -2040000.0, "top": 2000000.0, "right": -2040000.0, "bottom": -5200000.0, "grid_x": "L 6", "grid_y": "J 0" }, "geometry": { "type": "LineString", "coordinates": [ [ -2040000.0, 2000000.0 ], [ -2040000.0, -5200000.0 ] ] } },
{ "type": "Feature", "properties": { "id": 1019, "left": -2030000.0, "top": 2000000.0, "right": -2030000.0, "bottom": -5200000.0, "grid_x": "L 7", "grid_y": "J 0" }, "geometry": { "type": "LineString", "coordinates": [ [ -2030000.0, 2000000.0 ], [ -2030000.0, -5200000.0 ] ] } },
{ "type": "Feature", "properties": { "id": 1020, "left": -2020000.0, "top": 2000000.0, "right": -2020000.0, "bottom": -5200000.0, "grid_x": "L 8", "grid_y": "J 0" }, "geometry": { "type": "LineString", "coordinates": [ [ -2020000.0, 2000000.0 ], [ -2020000.0, -5200000.0 ] ] } },
{ "type": "Feature", "properties": { "id": 1021, "left": -2010000.0, "top": 2000000.0, "right": -2010000.0, "bottom": -5200000.0, "grid_x": "L 9", "grid_y": "J 0" }, "geometry": { "type": "LineString", "coordinates": [ [ -2010000.0, 2000000.0 ], [ -2010000.0, -5200000.0 ] ] } },
{ "type": "Feature", "properties": { "id": 1022, "left": -2000000.0, "top": 2000000.0, "right": -2000000.0, "bottom": -5200000.0, "grid_x": "M 0", "grid_y": "J 0" }, "geometry": { "type": "LineString", "coordinates": [ [ -2000000.0, 2000000.0 ], [ -2000000.0, -5200000.0 ] ] } },
{ "type": "Feature", "properties": { "id": 1023, "left": -1990000.0, "top": 2000000.0, "right": -1990000.0, "bottom": -5200000.0, "grid_x": "M 1", "grid_y": "J 0" }, "geometry": { "type": "LineString", "coordinates": [ [ -1990000.0, 2000000.0 ], [ -1990000.0, -5200000.0 ] ] } },
{ "type": "Feature", "properties": { "id": 1024, "left": -1980000.0, "top": 2000000.0, "right": -1980000.0, "bottom": -5200000.0, "grid_x": "M 2", "grid_y": "J 0" }, "geometry": { "type": "LineString", "coordinates": [ [ -1980000.0, 2000000.0 ], [ -1980000.0, -5200000.0 ] ] } },
{ "type": "Feature", "properties": { "id": 1025, "left": -1970000.0, "top": 2000000.0, "right": -1970000.0, "bottom": -5200000.0, "grid_x": "M 3", "grid_y": "J 0" }, "geometry": { "type": "LineString", "coordinates": [ [ -1970000.0, 2000000.0 ], [ -1970000.0, -5200000.0 ] ] } },
{ "type": "Feature", "properties": { "id": 1026, "left": -1960000.0, "top": 2000000.0, "right": -1960000.0, "bottom": -5200000.0, "grid_x": "M 4", "grid_y": "J 0" }, "geometry": { "type": "LineString", "coordinates": [ [ -1960000.0, 2000000.0 ], [ -1960000.0, -5200000.0 ] ] } },
{ "type": "Feature", "properties": { "id": 1027, "left": -1950000.0, "top": 2000000.0, "right": -1950000.0, "bottom": -5200000.0, "grid_x": "M 5", "grid_y": "J 0" }, "geometry": { "type": "LineString", "coordinates": [ [ -1950000.0, 2000000.0 ], [ -1950000.0, -5200000.0 ] ] } },
{ "type": "Feature", "properties": { "id": 1028, "left": -1940000.0, "top": 2000000.0, "right": -1940000.0, "bottom": -5200000.0, "grid_x": "M 6", "grid_y": "J 0" }, "geometry": { "type": "LineString", "coordinates": [ [ -1940000.0, 2000000.0 ], [ -1940000.0, -5200000.0 ] ] } },
{ "type": "Feature", "properties": { "id": 1029, "left": -1930000.0, "top": 2000000.0, "right": -1930000.0, "bottom": -5200000.0, "grid_x": "M 7", "grid_y": "J 0" }, "geometry": { "type": "LineString", "coordinates": [ [ -1930000.0, 2000000.0 ], [ -1930000.0, -5200000.0 ] ] } },
{ "type": "Feature", "properties": { "id": 1030, "left": -1920000.0, "top": 2000000.0, "right": -1920000.0, "bottom": -5200000.0, "grid_x": "M 8", "grid_y": "J 0" }, "geometry": { "type": "LineString", "coordinates": [ [ -1920000.0, 2000000.0 ], [ -1920000.0, -5200000.0 ] ] } },
{ "type": "Feature", "properties": { "id": 1031, "left": -1910000.0, "top": 2000000.0, "right": -1910000.0, "bottom": -5200000.0, "grid_x": "M 9", "grid_y": "J 0" }, "geometry": { "type": "LineString", "coordinates": [ [ -1910000.0, 2000000.0 ], [ -1910000.0, -5200000.0 ] ] } },
{ "type": "Feature", "properties": { "id": 1032, "left": -1900000.0, "top": 2000000.0, "right": -1900000.0, "bottom": -5200000.0, "grid_x": "N 0", "grid_y": "J 0" }, "geometry": { "type": "LineString", "coordinates": [ [ -1900000.0, 2000000.0 ], [ -1900000.0, -5200000.0 ] ] } },
{ "type": "Feature", "properties": { "id": 1033, "left": -1890000.0, "top": 2000000.0, "right": -1890000.0, "bottom": -5200000.0, "grid_x": "N 1", "grid_y": "J 0" }, "geometry": { "type": "LineString", "coordinates": [ [ -1890000.0, 2000000.0 ], [ -1890000.0, -5200000.0 ] ] } },
{ "type": "Feature", "properties": { "id": 1034, "left": -1880000.0, "top": 2000000.0, "right": -1880000.0, "bottom": -5200000.0, "grid_x": "N 2", "grid_y": "J 0" }, "geometry": { "type": "LineString", "coordinates": [ [ -1880000.0, 2000000.0 ], [ -1880000.0, -5200000.0 ] ] } },
{ "type": "Feature", "properties": { "id": 1035, "left": -1870000.0, "top": 2000000.0, "right": -1870000.0, "bottom": -5200000.0, "grid_x": "N 3", "grid_y": "J 0" }, "geometry": { "type": "LineString", "coordinates": [ [ -1870000.0, 2000000.0 ], [ -1870000.0, -5200000.0 ] ] } },
{ "type": "Feature", "properties": { "id": 1036, "left": -1860000.0, "top": 2000000.0, "right": -1860000.0, "bottom": -5200000.0, "grid_x": "N 4", "grid_y": "J 0" }, "geometry": { "type": "LineString", "coordinates": [ [ -1860000.0, 2000000.0 ], [ -1860000.0, -5200000.0 ] ] } },
{ "type": "Feature", "properties": { "id": 1037, "left": -1850000.0, "top": 2000000.0, "right": -1850000.0, "bottom": -5200000.0, "grid_x": "N 5", "grid_y": "J 0" }, "geometry": { "type": "LineString", "coordinates": [ [ -1850000.0, 2000000.0 ], [ -1850000.0, -5200000.0 ] ] } },
{ "type": "Feature", "properties": { "id": 1038, "left": -1840000.0, "top": 2000000.0, "right": -1840000.0, "bottom": -5200000.0, "grid_x": "N 6", "grid_y": "J 0" }, "geometry": { "type": "LineString", "coordinates": [ [ -1840000.0, 2000000.0 ], [ -1840000.0, -5200000.0 ] ] } },
{ "type": "Feature", "properties": { "id": 1039, "left": -1830000.0, "top": 2000000.0, "right": -1830000.0, "bottom": -5200000.0, "grid_x": "N 7", "grid_y": "J 0" }, "geometry": { "type": "LineString", "coordinates": [ [ -1830000.0, 2000000.0 ], [ -1830000.0, -5200000.0 ] ] } },
{ "type": "Feature", "properties": { "id": 1040, "left": -1820000.0, "top": 2000000.0, "right": -1820000.0, "bottom": -5200000.0, "grid_x": "N 8", "grid_y": "J 0" }, "geometry": { "type": "LineString", "coordinates": [ [ -1820000.0, 2000000.0 ], [ -1820000.0, -5200000.0 ] ] } },
{ "type": "Feature", "properties": { "id": 1041, "left": -1810000.0, "top": 2000000.0, "right": -1810000.0, "bottom": -5200000.0, "grid_x": "N 9", "grid_y": "J 0" }, "geometry": { "type": "LineString", "coordinates": [ [ -1810000.0, 2000000.0 ], [ -1810000.0, -5200000.0 ] ] } },
{ "type": "Feature", "properties": { "id": 1042, "left": -1800000.0, "top": 2000000.0, "right": -1800000.0, "bottom": -5200000.0, "grid_x": "P 0", "grid_y": "J 0" }, "geometry": { "type": "LineString", "coordinates": [ [ -1800000.0, 2000000.0 ], [ -1800000.0, -5200000.0 ] ] } },
{ "type": "Feature", "properties": { "id": 1043, "left": -1790000.0, "top": 2000000.0, "right": -1790000.0, "bottom": -5200000.0, "grid_x": "P 1", "grid_y": "J 0" }, "geometry": { "type": "LineString", "coordinates": [ [ -1790000.0, 2000000.0 ], [ -1790000.0, -5200000.0 ] ] } },
{ "type": "Feature", "properties": { "id": 1044, "left": -1780000.0, "top": 2000000.0, "right": -1780000.0, "bottom": -5200000.0, "grid_x": "P 2", "grid_y": "J 0" }, "geometry": { "type": "LineString", "coordinates": [ [ -1780000.0, 2000000.0 ], [ -1780000.0, -5200000.0 ] ] } },
{ "type": "Feature", "properties": { "id": 1045, "left": -1770000.0, "top": 2000000.0, "right": -1770000.0, "bottom": -5200000.0, "grid_x": "P 3", "grid_y": "J 0" }, "geometry": { "type": "LineString", "coordinates": [ [ -1770000.0, 2000000.0 ], [ -1770000.0, -5200000.0 ] ] } },
{ "type": "Feature", "properties": { "id": 1046, "left": -1760000.0, "top": 2000000.0, "right": -1760000.0, "bottom": -5200000.0, "grid_x": "P 4", "grid_y": "J 0" }, "geometry": { "type": "LineString", "coordinates": [ [ -1760000.0, 2000000.0 ], [ -1760000.0, -5200000.0 ] ] } },
{ "type": "Feature", "properties": { "id": 1047, "left": -1750000.0, "top": 2000000.0, "right": -1750000.0, "bottom": -5200000.0, "grid_x": "P 5", "grid_y": "J 0" }, "geometry": { "type": "LineString", "coordinates": [ [ -1750000.0, 2000000.0 ], [ -1750000.0, -5200000.0 ] ] } },
{ "type": "Feature", "properties": { "id": 1048, "left": -1740000.0, "top": 2000000.0, "right": -1740000.0, "bottom": -5200000.0, "grid_x": "P 6", "grid_y": "J 0" }, "geometry": { "type": "LineString", "coordinates": [ [ -1740000.0, 2000000.0 ], [ -1740000.0, -5200000.0 ] ] } },
{ "type": "Feature", "properties": { "id": 1049, "left": -1730000.0, "top": 2000000.0, "right": -1730000.0, "bottom": -5200000.0, "grid_x": "P 7", "grid_y": "J 0" }, "geometry": { "type": "LineString", "coordinates": [ [ -1730000.0, 2000000.0 ], [ -1730000.0, -5200000.0 ] ] } },
{ "type": "Feature", "properties": { "id": 1050, "left": -1720000.0, "top": 2000000.0, "right": -1720000.0, "bottom": -5200000.0, "grid_x": "P 8", "grid_y": "J 0" }, "geometry": { "type": "LineString", "coordinates": [ [ -1720000.0, 2000000.0 ], [ -1720000.0, -5200000.0 ] ] } },
{ "type": "Feature", "properties": { "id": 1051, "left": -1710000.0, "top": 2000000.0, "right": -1710000.0, "bottom": -5200000.0, "grid_x": "P 9", "grid_y": "J 0" }, "geometry": { "type": "LineString", "coordinates": [ [ -1710000.0, 2000000.0 ], [ -1710000.0, -5200000.0 ] ] } },
{ "type": "Feature", "properties": { "id": 1052, "left": -1700000.0, "top": 2000000.0, "right": -1700000.0, "bottom": -5200000.0, "grid_x": "Q 0", "grid_y": "J 0" }, "geometry": { "type": "LineString", "coordinates": [ [ -1700000.0, 2000000.0 ], [ -1700000.0, -5200000.0 ] ] } },
{ "type": "Feature", "properties": { "id": 1053, "left": -1690000.0, "top": 2000000.0, "right": -1690000.0, "bottom": -5200000.0, "grid_x": "Q 1", "grid_y": "J 0" }, "geometry": { "type": "LineString", "coordinates": [ [ -1690000.0, 2000000.0 ], [ -1690000.0, -5200000.0 ] ] } },
{ "type": "Feature", "properties": { "id": 1054, "left": -1680000.0, "top": 2000000.0, "right": -1680000.0, "bottom": -5200000.0, "grid_x": "Q 2", "grid_y": "J 0" }, "geometry": { "type": "LineString", "coordinates": [ [ -1680000.0, 2000000.0 ], [ -1680000.0, -5200000.0 ] ] } },
{ "type": "Feature", "properties": { "id": 1055, "left": -1670000.0, "top": 2000000.0, "right": -1670000.0, "bottom": -5200000.0, "grid_x": "Q 3", "grid_y": "J 0" }, "geometry": { "type": "LineString", "coordinates": [ [ -1670000.0, 2000000.0 ], [ -1670000.0, -5200000.0 ] ] } },
{ "type": "Feature", "properties": { "id": 1056, "left": -1660000.0, "top": 2000000.0, "right": -1660000.0, "bottom": -5200000.0, "grid_x": "Q 4", "grid_y": "J 0" }, "geometry": { "type": "LineString", "coordinates": [ [ -1660000.0, 2000000.0 ], [ -1660000.0, -5200000.0 ] ] } },
{ "type": "Feature", "properties": { "id": 1057, "left": -1650000.0, "top": 2000000.0, "right": -1650000.0, "bottom": -5200000.0, "grid_x": "Q 5", "grid_y": "J 0" }, "geometry": { "type": "LineString", "coordinates": [ [ -1650000.0, 2000000.0 ], [ -1650000.0, -5200000.0 ] ] } },
{ "type": "Feature", "properties": { "id": 1058, "left": -1640000.0, "top": 2000000.0, "right": -1640000.0, "bottom": -5200000.0, "grid_x": "Q 6", "grid_y": "J 0" }, "geometry": { "type": "LineString", "coordinates": [ [ -1640000.0, 2000000.0 ], [ -1640000.0, -5200000.0 ] ] } },
{ "type": "Feature", "properties": { "id": 1059, "left": -1630000.0, "top": 2000000.0, "right": -1630000.0, "bottom": -5200000.0, "grid_x": "Q 7", "grid_y": "J 0" }, "geometry": { "type": "LineString", "coordinates": [ [ -1630000.0, 2000000.0 ], [ -1630000.0, -5200000.0 ] ] } },
{ "type": "Feature", "properties": { "id": 1060, "left": -1620000.0, "top": 2000000.0, "right": -1620000.0, "bottom": -5200000.0, "grid_x": "Q 8", "grid_y": "J 0" }, "geometry": { "type": "LineString", "coordinates": [ [ -1620000.0, 2000000.0 ], [ -1620000.0, -5200000.0 ] ] } },
{ "type": "Feature", "properties": { "id": 1061, "left": -1610000.0, "top": 2000000.0, "right": -1610000.0, "bottom": -5200000.0, "grid_x": "Q 9", "grid_y": "J 0" }, "geometry": { "type": "LineString", "coordinates": [ [ -1610000.0, 2000000.0 ], [ -1610000.0, -5200000.0 ] ] } },
{ "type": "Feature", "properties": { "id": 1062, "left": -1600000.0, "top": 2000000.0, "right": -1600000.0, "bottom": -5200000.0, "grid_x": "R 0", "grid_y": "J 0" }, "geometry": { "type": "LineString", "coordinates": [ [ -1600000.0, 2000000.0 ], [ -1600000.0, -5200000.0 ] ] } },
{ "type": "Feature", "properties": { "id": 1063, "left": -1590000.0, "top": 2000000.0, "right": -1590000.0, "bottom": -5200000.0, "grid_x": "R 1", "grid_y": "J 0" }, "geometry": { "type": "LineString", "coordinates": [ [ -1590000.0, 2000000.0 ], [ -1590000.0, -5200000.0 ] ] } },
{ "type": "Feature", "properties": { "id": 1064, "left": -1580000.0, "top": 2000000.0, "right": -1580000.0, "bottom": -5200000.0, "grid_x": "R 2", "grid_y": "J 0" }, "geometry": { "type": "LineString", "coordinates": [ [ -1580000.0, 2000000.0 ], [ -1580000.0, -5200000.0 ] ] } },
{ "type": "Feature", "properties": { "id": 1065, "left": -1570000.0, "top": 2000000.0, "right": -1570000.0, "bottom": -5200000.0, "grid_x": "R 3", "grid_y": "J 0" }, "geometry": { "type": "LineString", "coordinates": [ [ -1570000.0, 2000000.0 ], [ -1570000.0, -5200000.0 ] ] } },
{ "type": "Feature", "properties": { "id": 1066, "left": -1560000.0, "top": 2000000.0, "right": -1560000.0, "bottom": -5200000.0, "grid_x": "R 4", "grid_y": "J 0" }, "geometry": { "type": "LineString", "coordinates": [ [ -1560000.0, 2000000.0 ], [ -1560000.0, -5200000.0 ] ] } },
{ "type": "Feature", "properties": { "id": 1067, "left": -1550000.0, "top": 2000000.0, "right": -1550000.0, "bottom": -5200000.0, "grid_x": "R 5", "grid_y": "J 0" }, "geometry": { "type": "LineString", "coordinates": [ [ -1550000.0, 2000000.0 ], [ -1550000.0, -5200000.0 ] ] } },
{ "type": "Feature", "properties": { "id": 1068, "left": -1540000.0, "top": 2000000.0, "right": -1540000.0, "bottom": -5200000.0, "grid_x": "R 6", "grid_y": "J 0" }, "geometry": { "type": "LineString", "coordinates": [ [ -1540000.0, 2000000.0 ], [ -1540000.0, -5200000.0 ] ] } },
{ "type": "Feature", "properties": { "id": 1069, "left": -1530000.0, "top": 2000000.0, "right": -1530000.0, "bottom": -5200000.0, "grid_x": "R 7", "grid_y": "J 0" }, "geometry": { "type": "LineString", "coordinates": [ [ -1530000.0, 2000000.0 ], [ -1530000.0, -5200000.0 ] ] } },
{ "type": "Feature", "properties": { "id": 1070, "left": -1520000.0, "top": 2000000.0, "right": -1520000.0, "bottom": -5200000.0, "grid_x": "R 8", "grid_y": "J 0" }, "geometry": { "type": "LineString", "coordinates": [ [ -1520000.0, 2000000.0 ], [ -1520000.0, -5200000.0 ] ] } },
{ "type": "Feature", "properties": { "id": 1071, "left": -1510000.0, "top": 2000000.0, "right": -1510000.0, "bottom": -5200000.0, "grid_x": "R 9", "grid_y": "J 0" }, "geometry": { "type": "LineString", "coordinates": [ [ -1510000.0, 2000000.0 ], [ -1510000.0, -5200000.0 ] ] } },
{ "type": "Feature", "properties": { "id": 1072, "left": -1500000.0, "top": 2000000.0, "right": -1500000.0, "bottom": -5200000.0, "grid_x": "S 0", "grid_y": "J 0" }, "geometry": { "type": "LineString", "coordinates": [ [ -1500000.0, 2000000.0 ], [ -1500000.0, -5200000.0 ] ] } },
{ "type": "Feature", "properties": { "id": 1073, "left": -1490000.0, "top": 2000000.0, "right": -1490000.0, "bottom": -5200000.0, "grid_x": "S 1", "grid_y": "J 0" }, "geometry": { "type": "LineString", "coordinates": [ [ -1490000.0, 2000000.0 ], [ -1490000.0, -5200000.0 ] ] } },
{ "type": "Feature", "properties": { "id": 1074, "left": -1480000.0, "top": 2000000.0, "right": -1480000.0, "bottom": -5200000.0, "grid_x": "S 2", "grid_y": "J 0" }, "geometry": { "type": "LineString", "coordinates": [ [ -1480000.0, 2000000.0 ], [ -1480000.0, -5200000.0 ] ] } },
{ "type": "Feature", "properties": { "id": 1075, "left": -1470000.0, "top": 2000000.0, "right": -1470000.0, "bottom": -5200000.0, "grid_x": "S 3", "grid_y": "J 0" }, "geometry": { "type": "LineString", "coordinates": [ [ -1470000.0, 2000000.0 ], [ -1470000.0, -5200000.0 ] ] } },
{ "type": "Feature", "properties": { "id": 1076, "left": -1460000.0, "top": 2000000.0, "right": -1460000.0, "bottom": -5200000.0, "grid_x": "S 4", "grid_y": "J 0" }, "geometry": { "type": "LineString", "coordinates": [ [ -1460000.0, 2000000.0 ], [ -1460000.0, -5200000.0 ] ] } },
{ "type": "Feature", "properties": { "id": 1077, "left": -1450000.0, "top": 2000000.0, "right": -1450000.0, "bottom": -5200000.0, "grid_x": "S 5", "grid_y": "J 0" }, "geometry": { "type": "LineString", "coordinates": [ [ -1450000.0, 2000000.0 ], [ -1450000.0, -5200000.0 ] ] } },
{ "type": "Feature", "properties": { "id": 1078, "left": -1440000.0, "top": 2000000.0, "right": -1440000.0, "bottom": -5200000.0, "grid_x": "S 6", "grid_y": "J 0" }, "geometry": { "type": "LineString", "coordinates": [ [ -1440000.0, 2000000.0 ], [ -1440000.0, -5200000.0 ] ] } },
{ "type": "Feature", "properties": { "id": 1079, "left": -1430000.0, "top": 2000000.0, "right": -1430000.0, "bottom": -5200000.0, "grid_x": "S 7", "grid_y": "J 0" }, "geometry": { "type": "LineString", "coordinates": [ [ -1430000.0, 2000000.0 ], [ -1430000.0, -5200000.0 ] ] } },
{ "type": "Feature", "properties": { "id": 1080, "left": -1420000.0, "top": 2000000.0, "right": -1420000.0, "bottom": -5200000.0, "grid_x": "S 8", "grid_y": "J 0" }, "geometry": { "type": "LineString", "coordinates": [ [ -1420000.0, 2000000.0 ], [ -1420000.0, -5200000.0 ] ] } },
{ "type": "Feature", "properties": { "id": 1081, "left": -1410000.0, "top": 2000000.0, "right": -1410000.0, "bottom": -5200000.0, "grid_x": "S 9", "grid_y": "J 0" }, "geometry": { "type": "LineString", "coordinates": [ [ -1410000.0, 2000000.0 ], [ -1410000.0, -5200000.0 ] ] } },
{ "type": "Feature", "properties": { "id": 1082, "left": -1400000.0, "top": 2000000.0, "right": -1400000.0, "bottom": -5200000.0, "grid_x": "T 0", "grid_y": "J 0" }, "geometry": { "type": "LineString", "coordinates": [ [ -1400000.0, 2000000.0 ], [ -1400000.0, -5200000.0 ] ] } },
{ "type": "Feature", "properties": { "id": 1083, "left": -1390000.0, "top": 2000000.0, "right": -1390000.0, "bottom": -5200000.0, "grid_x": "T 1", "grid_y": "J 0" }, "geometry": { "type": "LineString", "coordinates": [ [ -1390000.0, 2000000.0 ], [ -1390000.0, -5200000.0 ] ] } },
{ "type": "Feature", "properties": { "id": 1084, "left": -1380000.0, "top": 2000000.0, "right": -1380000.0, "bottom": -5200000.0, "grid_x": "T 2", "grid_y": "J 0" }, "geometry": { "type": "LineString", "coordinates": [ [ -1380000.0, 2000000.0 ], [ -1380000.0, -5200000.0 ] ] } },
{ "type": "Feature", "properties": { "id": 1085, "left": -1370000.0, "top": 2000000.0, "right": -1370000.0, "bottom": -5200000.0, "grid_x": "T 3", "grid_y": "J 0" }, "geometry": { "type": "LineString", "coordinates": [ [ -1370000.0, 2000000.0 ], [ -1370000.0, -5200000.0 ] ] } },
{ "type": "Feature", "properties": { "id": 1086, "left": -1360000.0, "top": 2000000.0, "right": -1360000.0, "bottom": -5200000.0, "grid_x": "T 4", "grid_y": "J 0" }, "geometry": { "type": "LineString", "coordinates": [ [ -1360000.0, 2000000.0 ], [ -1360000.0, -5200000.0 ] ] } },
{ "type": "Feature", "properties": { "id": 1087, "left": -1350000.0, "top": 2000000.0, "right": -1350000.0, "bottom": -5200000.0, "grid_x": "T 5", "grid_y": "J 0" }, "geometry": { "type": "LineString", "coordinates": [ [ -1350000.0, 2000000.0 ], [ -1350000.0, -5200000.0 ] ] } },
{ "type": "Feature", "properties": { "id": 1088, "left": -1340000.0, "top": 2000000.0, "right": -1340000.0, "bottom": -5200000.0, "grid_x": "T 6", "grid_y": "J 0" }, "geometry": { "type": "LineString", "coordinates": [ [ -1340000.0, 2000000.0 ], [ -1340000.0, -5200000.0 ] ] } },
{ "type": "Feature", "properties": { "id": 1089, "left": -1330000.0, "top": 2000000.0, "right": -1330000.0, "bottom": -5200000.0, "grid_x": "T 7", "grid_y": "J 0" }, "geometry": { "type": "LineString", "coordinates": [ [ -1330000.0, 2000000.0 ], [ -1330000.0, -5200000.0 ] ] } },
{ "type": "Feature", "properties": { "id": 1090, "left": -1320000.0, "top": 2000000.0, "right": -1320000.0, "bottom": -5200000.0, "grid_x": "T 8", "grid_y": "J 0" }, "geometry": { "type": "LineString", "coordinates": [ [ -1320000.0, 2000000.0 ], [ -1320000.0, -5200000.0 ] ] } },
{ "type": "Feature", "properties": { "id": 1091, "left": -1310000.0, "top": 2000000.0, "right": -1310000.0, "bottom": -5200000.0, "grid_x": "T 9", "grid_y": "J 0" }, "geometry": { "type": "LineString", "coordinates": [ [ -1310000.0, 2000000.0 ], [ -1310000.0, -5200000.0 ] ] } },
{ "type": "Feature", "properties": { "id": 1092, "left": -1300000.0, "top": 2000000.0, "right": -1300000.0, "bottom": -5200000.0, "grid_x": "U 0", "grid_y": "J 0" }, "geometry": { "type": "LineString", "coordinates": [ [ -1300000.0, 2000000.0 ], [ -1300000.0, -5200000.0 ] ] } },
{ "type": "Feature", "properties": { "id": 1093, "left": -1290000.0, "top": 2000000.0, "right": -1290000.0, "bottom": -5200000.0, "grid_x": "U 1", "grid_y": "J 0" }, "geometry": { "type": "LineString", "coordinates": [ [ -1290000.0, 2000000.0 ], [ -1290000.0, -5200000.0 ] ] } },
{ "type": "Feature", "properties": { "id": 1094, "left": -1280000.0, "top": 2000000.0, "right": -1280000.0, "bottom": -5200000.0, "grid_x": "U 2", "grid_y": "J 0" }, "geometry": { "type": "LineString", "coordinates": [ [ -1280000.0, 2000000.0 ], [ -1280000.0, -5200000.0 ] ] } },
{ "type": "Feature", "properties": { "id": 1095, "left": -1270000.0, "top": 2000000.0, "right": -1270000.0, "bottom": -5200000.0, "grid_x": "U 3", "grid_y": "J 0" }, "geometry": { "type": "LineString", "coordinates": [ [ -1270000.0, 2000000.0 ], [ -1270000.0, -5200000.0 ] ] } },
{ "type": "Feature", "properties": { "id": 1096, "left": -1260000.0, "top": 2000000.0, "right": -1260000.0, "bottom": -5200000.0, "grid_x": "U 4", "grid_y": "J 0" }, "geometry": { "type": "LineString", "coordinates": [ [ -1260000.0, 2000000.0 ], [ -1260000.0, -5200000.0 ] ] } },
{ "type": "Feature", "properties": { "id": 1097, "left": -1250000.0, "top": 2000000.0, "right": -1250000.0, "bottom": -5200000.0, "grid_x": "U 5", "grid_y": "J 0" }, "geometry": { "type": "LineString", "coordinates": [ [ -1250000.0, 2000000.0 ], [ -1250000.0, -5200000.0 ] ] } },
{ "type": "Feature", "properties": { "id": 1098, "left": -1240000.0, "top": 2000000.0, "right": -1240000.0, "bottom": -5200000.0, "grid_x": "U 6", "grid_y": "J 0" }, "geometry": { "type": "LineString", "coordinates": [ [ -1240000.0, 2000000.0 ], [ -1240000.0, -5200000.0 ] ] } },
{ "type": "Feature", "properties": { "id": 1099, "left": -1230000.0, "top": 2000000.0, "right": -1230000.0, "bottom": -5200000.0, "grid_x": "U 7", "grid_y": "J 0" }, "geometry": { "type": "LineString", "coordinates": [ [ -1230000.0, 2000000.0 ], [ -1230000.0, -5200000.0 ] ] } },
{ "type": "Feature", "properties": { "id": 1100, "left": -1220000.0, "top": 2000000.0, "right": -1220000.0, "bottom": -5200000.0, "grid_x": "U 8", "grid_y": "J 0" }, "geometry": { "type": "LineString", "coordinates": [ [ -1220000.0, 2000000.0 ], [ -1220000.0, -5200000.0 ] ] } },
{ "type": "Feature", "properties": { "id": 1101, "left": -1210000.0, "top": 2000000.0, "right": -1210000.0, "bottom": -5200000.0, "grid_x": "U 9", "grid_y": "J 0" }, "geometry": { "type": "LineString", "coordinates": [ [ -1210000.0, 2000000.0 ], [ -1210000.0, -5200000.0 ] ] } },
{ "type": "Feature", "properties": { "id": 1102, "left": -1200000.0, "top": 2000000.0, "right": -1200000.0, "bottom": -5200000.0, "grid_x": "V 0", "grid_y": "J 0" }, "geometry": { "type": "LineString", "coordinates": [ [ -1200000.0, 2000000.0 ], [ -1200000.0, -5200000.0 ] ] } },
{ "type": "Feature", "properties": { "id": 1103, "left": -1190000.0, "top": 2000000.0, "right": -1190000.0, "bottom": -5200000.0, "grid_x": "V 1", "grid_y": "J 0" }, "geometry": { "type": "LineString", "coordinates": [ [ -1190000.0, 2000000.0 ], [ -1190000.0, -5200000.0 ] ] } },
{ "type": "Feature", "properties": { "id": 1104, "left": -1180000.0, "top": 2000000.0, "right": -1180000.0, "bottom": -5200000.0, "grid_x": "V 2", "grid_y": "J 0" }, "geometry": { "type": "LineString", "coordinates": [ [ -1180000.0, 2000000.0 ], [ -1180000.0, -5200000.0 ] ] } },
{ "type": "Feature", "properties": { "id": 1105, "left": -1170000.0, "top": 2000000.0, "right": -1170000.0, "bottom": -5200000.0, "grid_x": "V 3", "grid_y": "J 0" }, "geometry": { "type": "LineString", "coordinates": [ [ -1170000.0, 2000000.0 ], [ -1170000.0, -5200000.0 ] ] } },
{ "type": "Feature", "properties": { "id": 1106, "left": -1160000.0, "top": 2000000.0, "right": -1160000.0, "bottom": -5200000.0, "grid_x": "V 4", "grid_y": "J 0" }, "geometry": { "type": "LineString", "coordinates": [ [ -1160000.0, 2000000.0 ], [ -1160000.0, -5200000.0 ] ] } },
{ "type": "Feature", "properties": { "id": 1107, "left": -1150000.0, "top": 2000000.0, "right": -1150000.0, "bottom": -5200000.0, "grid_x": "V 5", "grid_y": "J 0" }, "geometry": { "type": "LineString", "coordinates": [ [ -1150000.0, 2000000.0 ], [ -1150000.0, -5200000.0 ] ] } },
{ "type": "Feature", "properties": { "id": 1108, "left": -1140000.0, "top": 2000000.0, "right": -1140000.0, "bottom": -5200000.0, "grid_x": "V 6", "grid_y": "J 0" }, "geometry": { "type": "LineString", "coordinates": [ [ -1140000.0, 2000000.0 ], [ -1140000.0, -5200000.0 ] ] } },
{ "type": "Feature", "properties": { "id": 1109, "left": -1130000.0, "top": 2000000.0, "right": -1130000.0, "bottom": -5200000.0, "grid_x": "V 7", "grid_y": "J 0" }, "geometry": { "type": "LineString", "coordinates": [ [ -1130000.0, 2000000.0 ], [ -1130000.0, -5200000.0 ] ] } },
{ "type": "Feature", "properties": { "id": 1110, "left": -1120000.0, "top": 2000000.0, "right": -1120000.0, "bottom": -5200000.0, "grid_x": "V 8", "grid_y": "J 0" }, "geometry": { "type": "LineString", "coordinates": [ [ -1120000.0, 2000000.0 ], [ -1120000.0, -5200000.0 ] ] } },
{ "type": "Feature", "properties": { "id": 1111, "left": -1110000.0, "top": 2000000.0, "right": -1110000.0, "bottom": -5200000.0, "grid_x": "V 9", "grid_y": "J 0" }, "geometry": { "type": "LineString", "coordinates": [ [ -1110000.0, 2000000.0 ], [ -1110000.0, -5200000.0 ] ] } },
{ "type": "Feature", "properties": { "id": 1112, "left": -1100000.0, "top": 2000000.0, "right": -1100000.0, "bottom": -5200000.0, "grid_x": "W 0", "grid_y": "J 0" }, "geometry": { "type": "LineString", "coordinates": [ [ -1100000.0, 2000000.0 ], [ -1100000.0, -5200000.0 ] ] } },
{ "type": "Feature", "properties": { "id": 1113, "left": -1090000.0, "top": 2000000.0, "right": -1090000.0, "bottom": -5200000.0, "grid_x": "W 1", "grid_y": "J 0" }, "geometry": { "type": "LineString", "coordinates": [ [ -1090000.0, 2000000.0 ], [ -1090000.0, -5200000.0 ] ] } },
{ "type": "Feature", "properties": { "id": 1114, "left": -1080000.0, "top": 2000000.0, "right": -1080000.0, "bottom": -5200000.0, "grid_x": "W 2", "grid_y": "J 0" }, "geometry": { "type": "LineString", "coordinates": [ [ -1080000.0, 2000000.0 ], [ -1080000.0, -5200000.0 ] ] } },
{ "type": "Feature", "properties": { "id": 1115, "left": -1070000.0, "top": 2000000.0, "right": -1070000.0, "bottom": -5200000.0, "grid_x": "W 3", "grid_y": "J 0" }, "geometry": { "type": "LineString", "coordinates": [ [ -1070000.0, 2000000.0 ], [ -1070000.0, -5200000.0 ] ] } },
{ "type": "Feature", "properties": { "id": 1116, "left": -1060000.0, "top": 2000000.0, "right": -1060000.0, "bottom": -5200000.0, "grid_x": "W 4", "grid_y": "J 0" }, "geometry": { "type": "LineString", "coordinates": [ [ -1060000.0, 2000000.0 ], [ -1060000.0, -5200000.0 ] ] } },
{ "type": "Feature", "properties": { "id": 1117, "left": -1050000.0, "top": 2000000.0, "right": -1050000.0, "bottom": -5200000.0, "grid_x": "W 5", "grid_y": "J 0" }, "geometry": { "type": "LineString", "coordinates": [ [ -1050000.0, 2000000.0 ], [ -1050000.0, -5200000.0 ] ] } },
{ "type": "Feature", "properties": { "id": 1118, "left": -1040000.0, "top": 2000000.0, "right": -1040000.0, "bottom": -5200000.0, "grid_x": "W 6", "grid_y": "J 0" }, "geometry": { "type": "LineString", "coordinates": [ [ -1040000.0, 2000000.0 ], [ -1040000.0, -5200000.0 ] ] } },
{ "type": "Feature", "properties": { "id": 1119, "left": -1030000.0, "top": 2000000.0, "right": -1030000.0, "bottom": -5200000.0, "grid_x": "W 7", "grid_y": "J 0" }, "geometry": { "type": "LineString", "coordinates": [ [ -1030000.0, 2000000.0 ], [ -1030000.0, -5200000.0 ] ] } },
{ "type": "Feature", "properties": { "id": 1120, "left": -1020000.0, "top": 2000000.0, "right": -1020000.0, "bottom": -5200000.0, "grid_x": "W 8", "grid_y": "J 0" }, "geometry": { "type": "LineString", "coordinates": [ [ -1020000.0, 2000000.0 ], [ -1020000.0, -5200000.0 ] ] } },
{ "type": "Feature", "properties": { "id": 1121, "left": -1010000.0, "top": 2000000.0, "right": -1010000.0, "bottom": -5200000.0, "grid_x": "W 9", "grid_y": "J 0" }, "geometry": { "type": "LineString", "coordinates": [ [ -1010000.0, 2000000.0 ], [ -1010000.0, -5200000.0 ] ] } },
{ "type": "Feature", "properties": { "id": 1122, "left": -1000000.0, "top": 2000000.0, "right": -1000000.0, "bottom": -5200000.0, "grid_x": "X 0", "grid_y": "J 0" }, "geometry": { "type": "LineString", "coordinates": [ [ -1000000.0, 2000000.0 ], [ -1000000.0, -5200000.0 ] ] } },
{ "type": "Feature", "properties": { "id": 1123, "left": -990000.0, "top": 2000000.0, "right": -990000.0, "bottom": -5200000.0, "grid_x": "X 1", "grid_y": "J 0" }, "geometry": { "type": "LineString", "coordinates": [ [ -990000.0, 2000000.0 ], [ -990000.0, -5200000.0 ] ] } },
{ "type": "Feature", "properties": { "id": 1124, "left": -980000.0, "top": 2000000.0, "right": -980000.0, "bottom": -5200000.0, "grid_x": "X 2", "grid_y": "J 0" }, "geometry": { "type": "LineString", "coordinates": [ [ -980000.0, 2000000.0 ], [ -980000.0, -5200000.0 ] ] } },
{ "type": "Feature", "properties": { "id": 1125, "left": -970000.0, "top": 2000000.0, "right": -970000.0, "bottom": -5200000.0, "grid_x": "X 3", "grid_y": "J 0" }, "geometry": { "type": "LineString", "coordinates": [ [ -970000.0, 2000000.0 ], [ -970000.0, -5200000.0 ] ] } },
{ "type": "Feature", "properties": { "id": 1126, "left": -960000.0, "top": 2000000.0, "right": -960000.0, "bottom": -5200000.0, "grid_x": "X 4", "grid_y": "J 0" }, "geometry": { "type": "LineString", "coordinates": [ [ -960000.0, 2000000.0 ], [ -960000.0, -5200000.0 ] ] } },
{ "type": "Feature", "properties": { "id": 1127, "left": -950000.0, "top": 2000000.0, "right": -950000.0, "bottom": -5200000.0, "grid_x": "X 5", "grid_y": "J 0" }, "geometry": { "type": "LineString", "coordinates": [ [ -950000.0, 2000000.0 ], [ -950000.0, -5200000.0 ] ] } },
{ "type": "Feature", "properties": { "id": 1128, "left": -940000.0, "top": 2000000.0, "right": -940000.0, "bottom": -5200000.0, "grid_x": "X 6", "grid_y": "J 0" }, "geometry": { "type": "LineString", "coordinates": [ [ -940000.0, 2000000.0 ], [ -940000.0, -5200000.0 ] ] } },
{ "type": "Feature", "properties": { "id": 1129, "left": -930000.0, "top": 2000000.0, "right": -930000.0, "bottom": -5200000.0, "grid_x": "X 7", "grid_y": "J 0" }, "geometry": { "type": "LineString", "coordinates": [ [ -930000.0, 2000000.0 ], [ -930000.0, -5200000.0 ] ] } },
{ "type": "Feature", "properties": { "id": 1130, "left": -920000.0, "top": 2000000.0, "right": -920000.0, "bottom": -5200000.0, "grid_x": "X 8", "grid_y": "J 0" }, "geometry": { "type": "LineString", "coordinates": [ [ -920000.0, 2000000.0 ], [ -920000.0, -5200000.0 ] ] } },
{ "type": "Feature", "properties": { "id": 1131, "left": -910000.0, "top": 2000000.0, "right": -910000.0, "bottom": -5200000.0, "grid_x": "X 9", "grid_y": "J 0" }, "geometry": { "type": "LineString", "coordinates": [ [ -910000.0, 2000000.0 ], [ -910000.0, -5200000.0 ] ] } },
{ "type": "Feature", "properties": { "id": 1132, "left": -900000.0, "top": 2000000.0, "right": -900000.0, "bottom": -5200000.0, "grid_x": "Y 0", "grid_y": "J 0" }, "geometry": { "type": "LineString", "coordinates": [ [ -900000.0, 2000000.0 ], [ -900000.0, -5200000.0 ] ] } },
{ "type": "Feature", "properties": { "id": 1133, "left": -890000.0, "top": 2000000.0, "right": -890000.0, "bottom": -5200000.0, "grid_x": "Y 1", "grid_y": "J 0" }, "geometry": { "type": "LineString", "coordinates": [ [ -890000.0, 2000000.0 ], [ -890000.0, -5200000.0 ] ] } },
{ "type": "Feature", "properties": { "id": 1134, "left": -880000.0, "top": 2000000.0, "right": -880000.0, "bottom": -5200000.0, "grid_x": "Y 2", "grid_y": "J 0" }, "geometry": { "type": "LineString", "coordinates": [ [ -880000.0, 2000000.0 ], [ -880000.0, -5200000.0 ] ] } },
{ "type": "Feature", "properties": { "id": 1135, "left": -870000.0, "top": 2000000.0, "right": -870000.0, "bottom": -5200000.0, "grid_x": "Y 3", "grid_y": "J 0" }, "geometry": { "type": "LineString", "coordinates": [ [ -870000.0, 2000000.0 ], [ -870000.0, -5200000.0 ] ] } },
{ "type": "Feature", "properties": { "id": 1136, "left": -860000.0, "top": 2000000.0, "right": -860000.0, "bottom": -5200000.0, "grid_x": "Y 4", "grid_y": "J 0" }, "geometry": { "type": "LineString", "coordinates": [ [ -860000.0, 2000000.0 ], [ -860000.0, -5200000.0 ] ] } },
{ "type": "Feature", "properties": { "id": 1137, "left": -850000.0, "top": 2000000.0, "right": -850000.0, "bottom": -5200000.0, "grid_x": "Y 5", "grid_y": "J 0" }, "geometry": { "type": "LineString", "coordinates": [ [ -850000.0, 2000000.0 ], [ -850000.0, -5200000.0 ] ] } },
{ "type": "Feature", "properties": { "id": 1138, "left": -840000.0, "top": 2000000.0, "right": -840000.0, "bottom": -5200000.0, "grid_x": "Y 6", "grid_y": "J 0" }, "geometry": { "type": "LineString", "coordinates": [ [ -840000.0, 2000000.0 ], [ -840000.0, -5200000.0 ] ] } },
{ "type": "Feature", "properties": { "id": 1139, "left": -830000.0, "top": 2000000.0, "right": -830000.0, "bottom": -5200000.0, "grid_x": "Y 7", "grid_y": "J 0" }, "geometry": { "type": "LineString", "coordinates": [ [ -830000.0, 2000000.0 ], [ -830000.0, -5200000.0 ] ] } },
{ "type": "Feature", "properties": { "id": 1140, "left": -820000.0, "top": 2000000.0, "right": -820000.0, "bottom": -5200000.0, "grid_x": "Y 8", "grid_y": "J 0" }, "geometry": { "type": "LineString", "coordinates": [ [ -820000.0, 2000000.0 ], [ -820000.0, -5200000.0 ] ] } },
{ "type": "Feature", "properties": { "id": 1141, "left": -810000.0, "top": 2000000.0, "right": -810000.0, "bottom": -5200000.0, "grid_x": "Y 9", "grid_y": "J 0" }, "geometry": { "type": "LineString", "coordinates": [ [ -810000.0, 2000000.0 ], [ -810000.0, -5200000.0 ] ] } },
{ "type": "Feature", "properties": { "id": 1142, "left": -800000.0, "top": 2000000.0, "right": -800000.0, "bottom": -5200000.0, "grid_x": "Z 0", "grid_y": "J 0" }, "geometry": { "type": "LineString", "coordinates": [ [ -800000.0, 2000000.0 ], [ -800000.0, -5200000.0 ] ] } },
{ "type": "Feature", "properties": { "id": 1143, "left": -790000.0, "top": 2000000.0, "right": -790000.0, "bottom": -5200000.0, "grid_x": "Z 1", "grid_y": "J 0" }, "geometry": { "type": "LineString", "coordinates": [ [ -790000.0, 2000000.0 ], [ -790000.0, -5200000.0 ] ] } },
{ "type": "Feature", "properties": { "id": 1144, "left": -780000.0, "top": 2000000.0, "right": -780000.0, "bottom": -5200000.0, "grid_x": "Z 2", "grid_y": "J 0" }, "geometry": { "type": "LineString", "coordinates": [ [ -780000.0, 2000000.0 ], [ -780000.0, -5200000.0 ] ] } },
{ "type": "Feature", "properties": { "id": 1145, "left": -770000.0, "top": 2000000.0, "right": -770000.0, "bottom": -5200000.0, "grid_x": "Z 3", "grid_y": "J 0" }, "geometry": { "type": "LineString", "coordinates": [ [ -770000.0, 2000000.0 ], [ -770000.0, -5200000.0 ] ] } },
{ "type": "Feature", "properties": { "id": 1146, "left": -760000.0, "top": 2000000.0, "right": -760000.0, "bottom": -5200000.0, "grid_x": "Z 4", "grid_y": "J 0" }, "geometry": { "type": "LineString", "coordinates": [ [ -760000.0, 2000000.0 ], [ -760000.0, -5200000.0 ] ] } },
{ "type": "Feature", "properties": { "id": 1147, "left": -750000.0, "top": 2000000.0, "right": -750000.0, "bottom": -5200000.0, "grid_x": "Z 5", "grid_y": "J 0" }, "geometry": { "type": "LineString", "coordinates": [ [ -750000.0, 2000000.0 ], [ -750000.0, -5200000.0 ] ] } },
{ "type": "Feature", "properties": { "id": 1148, "left": -740000.0, "top": 2000000.0, "right": -740000.0, "bottom": -5200000.0, "grid_x": "Z 6", "grid_y": "J 0" }, "geometry": { "type": "LineString", "coordinates": [ [ -740000.0, 2000000.0 ], [ -740000.0, -5200000.0 ] ] } },
{ "type": "Feature", "properties": { "id": 1149, "left": -730000.0, "top": 2000000.0, "right": -730000.0, "bottom": -5200000.0, "grid_x": "Z 7", "grid_y": "J 0" }, "geometry": { "type": "LineString", "coordinates": [ [ -730000.0, 2000000.0 ], [ -730000.0, -5200000.0 ] ] } },
{ "type": "Feature", "properties": { "id": 1150, "left": -720000.0, "top": 2000000.0, "right": -720000.0, "bottom": -5200000.0, "grid_x": "Z 8", "grid_y": "J 0" }, "geometry": { "type": "LineString", "coordinates": [ [ -720000.0, 2000000.0 ], [ -720000.0, -5200000.0 ] ] } },
{ "type": "Feature", "properties": { "id": 1151, "left": -710000.0, "top": 2000000.0, "right": -710000.0, "bottom": -5200000.0, "grid_x": "Z 9", "grid_y": "J 0" }, "geometry": { "type": "LineString", "coordinates": [ [ -710000.0, 2000000.0 ], [ -710000.0, -5200000.0 ] ] } },
{ "type": "Feature", "properties": { "id": 1152, "left": -700000.0, "top": 2000000.0, "right": -700000.0, "bottom": -5200000.0, "grid_x": "A 0", "grid_y": "J 0" }, "geometry": { "type": "LineString", "coordinates": [ [ -700000.0, 2000000.0 ], [ -700000.0, -5200000.0 ] ] } },
{ "type": "Feature", "properties": { "id": 1153, "left": -690000.0, "top": 2000000.0, "right": -690000.0, "bottom": -5200000.0, "grid_x": "A 1", "grid_y": "J 0" }, "geometry": { "type": "LineString", "coordinates": [ [ -690000.0, 2000000.0 ], [ -690000.0, -5200000.0 ] ] } },
{ "type": "Feature", "properties": { "id": 1154, "left": -680000.0, "top": 2000000.0, "right": -680000.0, "bottom": -5200000.0, "grid_x": "A 2", "grid_y": "J 0" }, "geometry": { "type": "LineString", "coordinates": [ [ -680000.0, 2000000.0 ], [ -680000.0, -5200000.0 ] ] } },
{ "type": "Feature", "properties": { "id": 1155, "left": -670000.0, "top": 2000000.0, "right": -670000.0, "bottom": -5200000.0, "grid_x": "A 3", "grid_y": "J 0" }, "geometry": { "type": "LineString", "coordinates": [ [ -670000.0, 2000000.0 ], [ -670000.0, -5200000.0 ] ] } },
{ "type": "Feature", "properties": { "id": 1156, "left": -660000.0, "top": 2000000.0, "right": -660000.0, "bottom": -5200000.0, "grid_x": "A 4", "grid_y": "J 0" }, "geometry": { "type": "LineString", "coordinates": [ [ -660000.0, 2000000.0 ], [ -660000.0, -5200000.0 ] ] } },
{ "type": "Feature", "properties": { "id": 1157, "left": -650000.0, "top": 2000000.0, "right": -650000.0, "bottom": -5200000.0, "grid_x": "A 5", "grid_y": "J 0" }, "geometry": { "type": "LineString", "coordinates": [ [ -650000.0, 2000000.0 ], [ -650000.0, -5200000.0 ] ] } },
{ "type": "Feature", "properties": { "id": 1158, "left": -640000.0, "top": 2000000.0, "right": -640000.0, "bottom": -5200000.0, "grid_x": "A 6", "grid_y": "J 0" }, "geometry": { "type": "LineString", "coordinates": [ [ -640000.0, 2000000.0 ], [ -640000.0, -5200000.0 ] ] } },
{ "type": "Feature", "properties": { "id": 1159, "left": -630000.0, "top": 2000000.0, "right": -630000.0, "bottom": -5200000.0, "grid_x": "A 7", "grid_y": "J 0" }, "geometry": { "type": "LineString", "coordinates": [ [ -630000.0, 2000000.0 ], [ -630000.0, -5200000.0 ] ] } },
{ "type": "Feature", "properties": { "id": 1160, "left": -620000.0, "top": 2000000.0, "right": -620000.0, "bottom": -5200000.0, "grid_x": "A 8", "grid_y": "J 0" }, "geometry": { "type": "LineString", "coordinates": [ [ -620000.0, 2000000.0 ], [ -620000.0, -5200000.0 ] ] } },
{ "type": "Feature", "properties": { "id": 1161, "left": -610000.0, "top": 2000000.0, "right": -610000.0, "bottom": -5200000.0, "grid_x": "A 9", "grid_y": "J 0" }, "geometry": { "type": "LineString", "coordinates": [ [ -610000.0, 2000000.0 ], [ -610000.0, -5200000.0 ] ] } },
{ "type": "Feature", "properties": { "id": 1162, "left": -600000.0, "top": 2000000.0, "right": -600000.0, "bottom": -5200000.0, "grid_x": "B 0", "grid_y": "J 0" }, "geometry": { "type": "LineString", "coordinates": [ [ -600000.0, 2000000.0 ], [ -600000.0, -5200000.0 ] ] } },
{ "type": "Feature", "properties": { "id": 1163, "left": -590000.0, "top": 2000000.0, "right": -590000.0, "bottom": -5200000.0, "grid_x": "B 1", "grid_y": "J 0" }, "geometry": { "type": "LineString", "coordinates": [ [ -590000.0, 2000000.0 ], [ -590000.0, -5200000.0 ] ] } },
{ "type": "Feature", "properties": { "id": 1164, "left": -580000.0, "top": 2000000.0, "right": -580000.0, "bottom": -5200000.0, "grid_x": "B 2", "grid_y": "J 0" }, "geometry": { "type": "LineString", "coordinates": [ [ -580000.0, 2000000.0 ], [ -580000.0, -5200000.0 ] ] } },
{ "type": "Feature", "properties": { "id": 1165, "left": -570000.0, "top": 2000000.0, "right": -570000.0, "bottom": -5200000.0, "grid_x": "B 3", "grid_y": "J 0" }, "geometry": { "type": "LineString", "coordinates": [ [ -570000.0, 2000000.0 ], [ -570000.0, -5200000.0 ] ] } },
{ "type": "Feature", "properties": { "id": 1166, "left": -560000.0, "top": 2000000.0, "right": -560000.0, "bottom": -5200000.0, "grid_x": "B 4", "grid_y": "J 0" }, "geometry": { "type": "LineString", "coordinates": [ [ -560000.0, 2000000.0 ], [ -560000.0, -5200000.0 ] ] } },
{ "type": "Feature", "properties": { "id": 1167, "left": -550000.0, "top": 2000000.0, "right": -550000.0, "bottom": -5200000.0, "grid_x": "B 5", "grid_y": "J 0" }, "geometry": { "type": "LineString", "coordinates": [ [ -550000.0, 2000000.0 ], [ -550000.0, -5200000.0 ] ] } },
{ "type": "Feature", "properties": { "id": 1168, "left": -540000.0, "top": 2000000.0, "right": -540000.0, "bottom": -5200000.0, "grid_x": "B 6", "grid_y": "J 0" }, "geometry": { "type": "LineString", "coordinates": [ [ -540000.0, 2000000.0 ], [ -540000.0, -5200000.0 ] ] } },
{ "type": "Feature", "properties": { "id": 1169, "left": -530000.0, "top": 2000000.0, "right": -530000.0, "bottom": -5200000.0, "grid_x": "B 7", "grid_y": "J 0" }, "geometry": { "type": "LineString", "coordinates": [ [ -530000.0, 2000000.0 ], [ -530000.0, -5200000.0 ] ] } },
{ "type": "Feature", "properties": { "id": 1170, "left": -520000.0, "top": 2000000.0, "right": -520000.0, "bottom": -5200000.0, "grid_x": "B 8", "grid_y": "J 0" }, "geometry": { "type": "LineString", "coordinates": [ [ -520000.0, 2000000.0 ], [ -520000.0, -5200000.0 ] ] } },
{ "type": "Feature", "properties": { "id": 1171, "left": -510000.0, "top": 2000000.0, "right": -510000.0, "bottom": -5200000.0, "grid_x": "B 9", "grid_y": "J 0" }, "geometry": { "type": "LineString", "coordinates": [ [ -510000.0, 2000000.0 ], [ -510000.0, -5200000.0 ] ] } },
{ "type": "Feature", "properties": { "id": 1172, "left": -500000.0, "top": 2000000.0, "right": -500000.0, "bottom": -5200000.0, "grid_x": "C 0", "grid_y": "J 0" }, "geometry": { "type": "LineString", "coordinates": [ [ -500000.0, 2000000.0 ], [ -500000.0, -5200000.0 ] ] } },
{ "type": "Feature", "properties": { "id": 1173, "left": -490000.0, "top": 2000000.0, "right": -490000.0, "bottom": -5200000.0, "grid_x": "C 1", "grid_y": "J 0" }, "geometry": { "type": "LineString", "coordinates": [ [ -490000.0, 2000000.0 ], [ -490000.0, -5200000.0 ] ] } },
{ "type": "Feature", "properties": { "id": 1174, "left": -480000.0, "top": 2000000.0, "right": -480000.0, "bottom": -5200000.0, "grid_x": "C 2", "grid_y": "J 0" }, "geometry": { "type": "LineString", "coordinates": [ [ -480000.0, 2000000.0 ], [ -480000.0, -5200000.0 ] ] } },
{ "type": "Feature", "properties": { "id": 1175, "left": -470000.0, "top": 2000000.0, "right": -470000.0, "bottom": -5200000.0, "grid_x": "C 3", "grid_y": "J 0" }, "geometry": { "type": "LineString", "coordinates": [ [ -470000.0, 2000000.0 ], [ -470000.0, -5200000.0 ] ] } },
{ "type": "Feature", "properties": { "id": 1176, "left": -460000.0, "top": 2000000.0, "right": -460000.0, "bottom": -5200000.0, "grid_x": "C 4", "grid_y": "J 0" }, "geometry": { "type": "LineString", "coordinates": [ [ -460000.0, 2000000.0 ], [ -460000.0, -5200000.0 ] ] } },
{ "type": "Feature", "properties": { "id": 1177, "left": -450000.0, "top": 2000000.0, "right": -450000.0, "bottom": -5200000.0, "grid_x": "C 5", "grid_y": "J 0" }, "geometry": { "type": "LineString", "coordinates": [ [ -450000.0, 2000000.0 ], [ -450000.0, -5200000.0 ] ] } },
{ "type": "Feature", "properties": { "id": 1178, "left": -440000.0, "top": 2000000.0, "right": -440000.0, "bottom": -5200000.0, "grid_x": "C 6", "grid_y": "J 0" }, "geometry": { "type": "LineString", "coordinates": [ [ -440000.0, 2000000.0 ], [ -440000.0, -5200000.0 ] ] } },
{ "type": "Feature", "properties": { "id": 1179, "left": -430000.0, "top": 2000000.0, "right": -430000.0, "bottom": -5200000.0, "grid_x": "C 7", "grid_y": "J 0" }, "geometry": { "type": "LineString", "coordinates": [ [ -430000.0, 2000000.0 ], [ -430000.0, -5200000.0 ] ] } },
{ "type": "Feature", "properties": { "id": 1180, "left": -420000.0, "top": 2000000.0, "right": -420000.0, "bottom": -5200000.0, "grid_x": "C 8", "grid_y": "J 0" }, "geometry": { "type": "LineString", "coordinates": [ [ -420000.0, 2000000.0 ], [ -420000.0, -5200000.0 ] ] } },
{ "type": "Feature", "properties": { "id": 1181, "left": -410000.0, "top": 2000000.0, "right": -410000.0, "bottom": -5200000.0, "grid_x": "C 9", "grid_y": "J 0" }, "geometry": { "type": "LineString", "coordinates": [ [ -410000.0, 2000000.0 ], [ -410000.0, -5200000.0 ] ] } },
{ "type": "Feature", "properties": { "id": 1182, "left": -400000.0, "top": 2000000.0, "right": -400000.0, "bottom": -5200000.0, "grid_x": "D 0", "grid_y": "J 0" }, "geometry": { "type": "LineString", "coordinates": [ [ -400000.0, 2000000.0 ], [ -400000.0, -5200000.0 ] ] } },
{ "type": "Feature", "properties": { "id": 1183, "left": -390000.0, "top": 2000000.0, "right": -390000.0, "bottom": -5200000.0, "grid_x": "D 1", "grid_y": "J 0" }, "geometry": { "type": "LineString", "coordinates": [ [ -390000.0, 2000000.0 ], [ -390000.0, -5200000.0 ] ] } },
{ "type": "Feature", "properties": { "id": 1184, "left": -380000.0, "top": 2000000.0, "right": -380000.0, "bottom": -5200000.0, "grid_x": "D 2", "grid_y": "J 0" }, "geometry": { "type": "LineString", "coordinates": [ [ -380000.0, 2000000.0 ], [ -380000.0, -5200000.0 ] ] } },
{ "type": "Feature", "properties": { "id": 1185, "left": -370000.0, "top": 2000000.0, "right": -370000.0, "bottom": -5200000.0, "grid_x": "D 3", "grid_y": "J 0" }, "geometry": { "type": "LineString", "coordinates": [ [ -370000.0, 2000000.0 ], [ -370000.0, -5200000.0 ] ] } },
{ "type": "Feature", "properties": { "id": 1186, "left": -360000.0, "top": 2000000.0, "right": -360000.0, "bottom": -5200000.0, "grid_x": "D 4", "grid_y": "J 0" }, "geometry": { "type": "LineString", "coordinates": [ [ -360000.0, 2000000.0 ], [ -360000.0, -5200000.0 ] ] } },
{ "type": "Feature", "properties": { "id": 1187, "left": -350000.0, "top": 2000000.0, "right": -350000.0, "bottom": -5200000.0, "grid_x": "D 5", "grid_y": "J 0" }, "geometry": { "type": "LineString", "coordinates": [ [ -350000.0, 2000000.0 ], [ -350000.0, -5200000.0 ] ] } },
{ "type": "Feature", "properties": { "id": 1188, "left": -340000.0, "top": 2000000.0, "right": -340000.0, "bottom": -5200000.0, "grid_x": "D 6", "grid_y": "J 0" }, "geometry": { "type": "LineString", "coordinates": [ [ -340000.0, 2000000.0 ], [ -340000.0, -5200000.0 ] ] } },
{ "type": "Feature", "properties": { "id": 1189, "left": -330000.0, "top": 2000000.0, "right": -330000.0, "bottom": -5200000.0, "grid_x": "D 7", "grid_y": "J 0" }, "geometry": { "type": "LineString", "coordinates": [ [ -330000.0, 2000000.0 ], [ -330000.0, -5200000.0 ] ] } },
{ "type": "Feature", "properties": { "id": 1190, "left": -320000.0, "top": 2000000.0, "right": -320000.0, "bottom": -5200000.0, "grid_x": "D 8", "grid_y": "J 0" }, "geometry": { "type": "LineString", "coordinates": [ [ -320000.0, 2000000.0 ], [ -320000.0, -5200000.0 ] ] } },
{ "type": "Feature", "properties": { "id": 1191, "left": -310000.0, "top": 2000000.0, "right": -310000.0, "bottom": -5200000.0, "grid_x": "D 9", "grid_y": "J 0" }, "geometry": { "type": "LineString", "coordinates": [ [ -310000.0, 2000000.0 ], [ -310000.0, -5200000.0 ] ] } },
{ "type": "Feature", "properties": { "id": 1192, "left": -300000.0, "top": 2000000.0, "right": -300000.0, "bottom": -5200000.0, "grid_x": "E 0", "grid_y": "J 0" }, "geometry": { "type": "LineString", "coordinates": [ [ -300000.0, 2000000.0 ], [ -300000.0, -5200000.0 ] ] } },
{ "type": "Feature", "properties": { "id": 1193, "left": -290000.0, "top": 2000000.0, "right": -290000.0, "bottom": -5200000.0, "grid_x": "E 1", "grid_y": "J 0" }, "geometry": { "type": "LineString", "coordinates": [ [ -290000.0, 2000000.0 ], [ -290000.0, -5200000.0 ] ] } },
{ "type": "Feature", "properties": { "id": 1194, "left": -280000.0, "top": 2000000.0, "right": -280000.0, "bottom": -5200000.0, "grid_x": "E 2", "grid_y": "J 0" }, "geometry": { "type": "LineString", "coordinates": [ [ -280000.0, 2000000.0 ], [ -280000.0, -5200000.0 ] ] } },
{ "type": "Feature", "properties": { "id": 1195, "left": -270000.0, "top": 2000000.0, "right": -270000.0, "bottom": -5200000.0, "grid_x": "E 3", "grid_y": "J 0" }, "geometry": { "type": "LineString", "coordinates": [ [ -270000.0, 2000000.0 ], [ -270000.0, -5200000.0 ] ] } },
{ "type": "Feature", "properties": { "id": 1196, "left": -260000.0, "top": 2000000.0, "right": -260000.0, "bottom": -5200000.0, "grid_x": "E 4", "grid_y": "J 0" }, "geometry": { "type": "LineString", "coordinates": [ [ -260000.0, 2000000.0 ], [ -260000.0, -5200000.0 ] ] } },
{ "type": "Feature", "properties": { "id": 1197, "left": -250000.0, "top": 2000000.0, "right": -250000.0, "bottom": -5200000.0, "grid_x": "E 5", "grid_y": "J 0" }, "geometry": { "type": "LineString", "coordinates": [ [ -250000.0, 2000000.0 ], [ -250000.0, -5200000.0 ] ] } },
{ "type": "Feature", "properties": { "id": 1198, "left": -240000.0, "top": 2000000.0, "right": -240000.0, "bottom": -5200000.0, "grid_x": "E 6", "grid_y": "J 0" }, "geometry": { "type": "LineString", "coordinates": [ [ -240000.0, 2000000.0 ], [ -240000.0, -5200000.0 ] ] } },
{ "type": "Feature", "properties": { "id": 1199, "left": -230000.0, "top": 2000000.0, "right": -230000.0, "bottom": -5200000.0, "grid_x": "E 7", "grid_y": "J 0" }, "geometry": { "type": "LineString", "coordinates": [ [ -230000.0, 2000000.0 ], [ -230000.0, -5200000.0 ] ] } },
{ "type": "Feature", "properties": { "id": 1200, "left": -220000.0, "top": 2000000.0, "right": -220000.0, "bottom": -5200000.0, "grid_x": "E 8", "grid_y": "J 0" }, "geometry": { "type": "LineString", "coordinates": [ [ -220000.0, 2000000.0 ], [ -220000.0, -5200000.0 ] ] } },
{ "type": "Feature", "properties": { "id": 1201, "left": -210000.0, "top": 2000000.0, "right": -210000.0, "bottom": -5200000.0, "grid_x": "E 9", "grid_y": "J 0" }, "geometry": { "type": "LineString", "coordinates": [ [ -210000.0, 2000000.0 ], [ -210000.0, -5200000.0 ] ] } },
{ "type": "Feature", "properties": { "id": 1202, "left": -200000.0, "top": 2000000.0, "right": -200000.0, "bottom": -5200000.0, "grid_x": "F 0", "grid_y": "J 0" }, "geometry": { "type": "LineString", "coordinates": [ [ -200000.0, 2000000.0 ], [ -200000.0, -5200000.0 ] ] } },
{ "type": "Feature", "properties": { "id": 1203, "left": -190000.0, "top": 2000000.0, "right": -190000.0, "bottom": -5200000.0, "grid_x": "F 1", "grid_y": "J 0" }, "geometry": { "type": "LineString", "coordinates": [ [ -190000.0, 2000000.0 ], [ -190000.0, -5200000.0 ] ] } },
{ "type": "Feature", "properties": { "id": 1204, "left": -180000.0, "top": 2000000.0, "right": -180000.0, "bottom": -5200000.0, "grid_x": "F 2", "grid_y": "J 0" }, "geometry": { "type": "LineString", "coordinates": [ [ -180000.0, 2000000.0 ], [ -180000.0, -5200000.0 ] ] } },
{ "type": "Feature", "properties": { "id": 1205, "left": -170000.0, "top": 2000000.0, "right": -170000.0, "bottom": -5200000.0, "grid_x": "F 3", "grid_y": "J 0" }, "geometry": { "type": "LineString", "coordinates": [ [ -170000.0, 2000000.0 ], [ -170000.0, -5200000.0 ] ] } },
{ "type": "Feature", "properties": { "id": 1206, "left": -160000.0, "top": 2000000.0, "right": -160000.0, "bottom": -5200000.0, "grid_x": "F 4", "grid_y": "J 0" }, "geometry": { "type": "LineString", "coordinates": [ [ -160000.0, 2000000.0 ], [ -160000.0, -5200000.0 ] ] } },
{ "type": "Feature", "properties": { "id": 1207, "left": -150000.0, "top": 2000000.0, "right": -150000.0, "bottom": -5200000.0, "grid_x": "F 5", "grid_y": "J 0" }, "geometry": { "type": "LineString", "coordinates": [ [ -150000.0, 2000000.0 ], [ -150000.0, -5200000.0 ] ] } },
{ "type": "Feature", "properties": { "id": 1208, "left": -140000.0, "top": 2000000.0, "right": -140000.0, "bottom": -5200000.0, "grid_x": "F 6", "grid_y": "J 0" }, "geometry": { "type": "LineString", "coordinates": [ [ -140000.0, 2000000.0 ], [ -140000.0, -5200000.0 ] ] } },
{ "type": "Feature", "properties": { "id": 1209, "left": -130000.0, "top": 2000000.0, "right": -130000.0, "bottom": -5200000.0, "grid_x": "F 7", "grid_y": "J 0" }, "geometry": { "type": "LineString", "coordinates": [ [ -130000.0, 2000000.0 ], [ -130000.0, -5200000.0 ] ] } },
{ "type": "Feature", "properties": { "id": 1210, "left": -120000.0, "top": 2000000.0, "right": -120000.0, "bottom": -5200000.0, "grid_x": "F 8", "grid_y": "J 0" }, "geometry": { "type": "LineString", "coordinates": [ [ -120000.0, 2000000.0 ], [ -120000.0, -5200000.0 ] ] } },
{ "type": "Feature", "properties": { "id": 1211, "left": -110000.0, "top": 2000000.0, "right": -110000.0, "bottom": -5200000.0, "grid_x": "F 9", "grid_y": "J 0" }, "geometry": { "type": "LineString", "coordinates": [ [ -110000.0, 2000000.0 ], [ -110000.0, -5200000.0 ] ] } },
{ "type": "Feature", "properties": { "id": 1212, "left": -100000.0, "top": 2000000.0, "right": -100000.0, "bottom": -5200000.0, "grid_x": "G 0", "grid_y": "J 0" }, "geometry": { "type": "LineString", "coordinates": [ [ -100000.0, 2000000.0 ], [ -100000.0, -5200000.0 ] ] } },
{ "type": "Feature", "properties": { "id": 1213, "left": -90000.0, "top": 2000000.0, "right": -90000.0, "bottom": -5200000.0, "grid_x": "G 1", "grid_y": "J 0" }, "geometry": { "type": "LineString", "coordinates": [ [ -90000.0, 2000000.0 ], [ -90000.0, -5200000.0 ] ] } },
{ "type": "Feature", "properties": { "id": 1214, "left": -80000.0, "top": 2000000.0, "right": -80000.0, "bottom": -5200000.0, "grid_x": "G 2", "grid_y": "J 0" }, "geometry": { "type": "LineString", "coordinates": [ [ -80000.0, 2000000.0 ], [ -80000.0, -5200000.0 ] ] } },
{ "type": "Feature", "properties": { "id": 1215, "left": -70000.0, "top": 2000000.0, "right": -70000.0, "bottom": -5200000.0, "grid_x": "G 3", "grid_y": "J 0" }, "geometry": { "type": "LineString", "coordinates": [ [ -70000.0, 2000000.0 ], [ -70000.0, -5200000.0 ] ] } },
{ "type": "Feature", "properties": { "id": 1216, "left": -60000.0, "top": 2000000.0, "right": -60000.0, "bottom": -5200000.0, "grid_x": "G 4", "grid_y": "J 0" }, "geometry": { "type": "LineString", "coordinates": [ [ -60000.0, 2000000.0 ], [ -60000.0, -5200000.0 ] ] } },
{ "type": "Feature", "properties": { "id": 1217, "left": -50000.0, "top": 2000000.0, "right": -50000.0, "bottom": -5200000.0, "grid_x": "G 5", "grid_y": "J 0" }, "geometry": { "type": "LineString", "coordinates": [ [ -50000.0, 2000000.0 ], [ -50000.0, -5200000.0 ] ] } },
{ "type": "Feature", "properties": { "id": 1218, "left": -40000.0, "top": 2000000.0, "right": -40000.0, "bottom": -5200000.0, "grid_x": "G 6", "grid_y": "J 0" }, "geometry": { "type": "LineString", "coordinates": [ [ -40000.0, 2000000.0 ], [ -40000.0, -5200000.0 ] ] } },
{ "type": "Feature", "properties": { "id": 1219, "left": -30000.0, "top": 2000000.0, "right": -30000.0, "bottom": -5200000.0, "grid_x": "G 7", "grid_y": "J 0" }, "geometry": { "type": "LineString", "coordinates": [ [ -30000.0, 2000000.0 ], [ -30000.0, -5200000.0 ] ] } },
{ "type": "Feature", "properties": { "id": 1220, "left": -20000.0, "top": 2000000.0, "right": -20000.0, "bottom": -5200000.0, "grid_x": "G 8", "grid_y": "J 0" }, "geometry": { "type": "LineString", "coordinates": [ [ -20000.0, 2000000.0 ], [ -20000.0, -5200000.0 ] ] } },
{ "type": "Feature", "properties": { "id": 1221, "left": -10000.0, "top": 2000000.0, "right": -10000.0, "bottom": -5200000.0, "grid_x": "G 9", "grid_y": "J 0" }, "geometry": { "type": "LineString", "coordinates": [ [ -10000.0, 2000000.0 ], [ -10000.0, -5200000.0 ] ] } },
{ "type": "Feature", "properties": { "id": 1222, "left": 0.0, "top": 2000000.0, "right": 0.0, "bottom": -5200000.0, "grid_x": "H 0", "grid_y": "J 0" }, "geometry": { "type": "LineString", "coordinates": [ [ 0.0, 2000000.0 ], [ 0.0, -5200000.0 ] ] } },
{ "type": "Feature", "properties": { "id": 1223, "left": 10000.0, "top": 2000000.0, "right": 10000.0, "bottom": -5200000.0, "grid_x": "H 1", "grid_y": "J 0" }, "geometry": { "type": "LineString", "coordinates": [ [ 10000.0, 2000000.0 ], [ 10000.0, -5200000.0 ] ] } },
{ "type": "Feature", "properties": { "id": 1224, "left": 20000.0, "top": 2000000.0, "right": 20000.0, "bottom": -5200000.0, "grid_x": "H 2", "grid_y": "J 0" }, "geometry": { "type": "LineString", "coordinates": [ [ 20000.0, 2000000.0 ], [ 20000.0, -5200000.0 ] ] } },
{ "type": "Feature", "properties": { "id": 1225, "left": 30000.0, "top": 2000000.0, "right": 30000.0, "bottom": -5200000.0, "grid_x": "H 3", "grid_y": "J 0" }, "geometry": { "type": "LineString", "coordinates": [ [ 30000.0, 2000000.0 ], [ 30000.0, -5200000.0 ] ] } },
{ "type": "Feature", "properties": { "id": 1226, "left": 40000.0, "top": 2000000.0, "right": 40000.0, "bottom": -5200000.0, "grid_x": "H 4", "grid_y": "J 0" }, "geometry": { "type": "LineString", "coordinates": [ [ 40000.0, 2000000.0 ], [ 40000.0, -5200000.0 ] ] } },
{ "type": "Feature", "properties": { "id": 1227, "left": 50000.0, "top": 2000000.0, "right": 50000.0, "bottom": -5200000.0, "grid_x": "H 5", "grid_y": "J 0" }, "geometry": { "type": "LineString", "coordinates": [ [ 50000.0, 2000000.0 ], [ 50000.0, -5200000.0 ] ] } },
{ "type": "Feature", "properties": { "id": 1228, "left": 60000.0, "top": 2000000.0, "right": 60000.0, "bottom": -5200000.0, "grid_x": "H 6", "grid_y": "J 0" }, "geometry": { "type": "LineString", "coordinates": [ [ 60000.0, 2000000.0 ], [ 60000.0, -5200000.0 ] ] } },
{ "type": "Feature", "properties": { "id": 1229, "left": 70000.0, "top": 2000000.0, "right": 70000.0, "bottom": -5200000.0, "grid_x": "H 7", "grid_y": "J 0" }, "geometry": { "type": "LineString", "coordinates": [ [ 70000.0, 2000000.0 ], [ 70000.0, -5200000.0 ] ] } },
{ "type": "Feature", "properties": { "id": 1230, "left": 80000.0, "top": 2000000.0, "right": 80000.0, "bottom": -5200000.0, "grid_x": "H 8", "grid_y": "J 0" }, "geometry": { "type": "LineString", "coordinates": [ [ 80000.0, 2000000.0 ], [ 80000.0, -5200000.0 ] ] } },
{ "type": "Feature", "properties": { "id": 1231, "left": 90000.0, "top": 2000000.0, "right": 90000.0, "bottom": -5200000.0, "grid_x": "H 9", "grid_y": "J 0" }, "geometry": { "type": "LineString", "coordinates": [ [ 90000.0, 2000000.0 ], [ 90000.0, -5200000.0 ] ] } },
{ "type": "Feature", "properties": { "id": 1232, "left": 100000.0, "top": 2000000.0, "right": 100000.0, "bottom": -5200000.0, "grid_x": "J 0", "grid_y": "J 0" }, "geometry": { "type": "LineString", "coordinates": [ [ 100000.0, 2000000.0 ], [ 100000.0, -5200000.0 ] ] } },
{ "type": "Feature", "properties": { "id": 1233, "left": 110000.0, "top": 2000000.0, "right": 110000.0, "bottom": -5200000.0, "grid_x": "J 1", "grid_y": "J 0" }, "geometry": { "type": "LineString", "coordinates": [ [ 110000.0, 2000000.0 ], [ 110000.0, -5200000.0 ] ] } },
{ "type": "Feature", "properties": { "id": 1234, "left": 120000.0, "top": 2000000.0, "right": 120000.0, "bottom": -5200000.0, "grid_x": "J 2", "grid_y": "J 0" }, "geometry": { "type": "LineString", "coordinates": [ [ 120000.0, 2000000.0 ], [ 120000.0, -5200000.0 ] ] } },
{ "type": "Feature", "properties": { "id": 1235, "left": 130000.0, "top": 2000000.0, "right": 130000.0, "bottom": -5200000.0, "grid_x": "J 3", "grid_y": "J 0" }, "geometry": { "type": "LineString", "coordinates": [ [ 130000.0, 2000000.0 ], [ 130000.0, -5200000.0 ] ] } },
{ "type": "Feature", "properties": { "id": 1236, "left": 140000.0, "top": 2000000.0, "right": 140000.0, "bottom": -5200000.0, "grid_x": "J 4", "grid_y": "J 0" }, "geometry": { "type": "LineString", "coordinates": [ [ 140000.0, 2000000.0 ], [ 140000.0, -5200000.0 ] ] } },
{ "type": "Feature", "properties": { "id": 1237, "left": 150000.0, "top": 2000000.0, "right": 150000.0, "bottom": -5200000.0, "grid_x": "J 5", "grid_y": "J 0" }, "geometry": { "type": "LineString", "coordinates": [ [ 150000.0, 2000000.0 ], [ 150000.0, -5200000.0 ] ] } },
{ "type": "Feature", "properties": { "id": 1238, "left": 160000.0, "top": 2000000.0, "right": 160000.0, "bottom": -5200000.0, "grid_x": "J 6", "grid_y": "J 0" }, "geometry": { "type": "LineString", "coordinates": [ [ 160000.0, 2000000.0 ], [ 160000.0, -5200000.0 ] ] } },
{ "type": "Feature", "properties": { "id": 1239, "left": 170000.0, "top": 2000000.0, "right": 170000.0, "bottom": -5200000.0, "grid_x": "J 7", "grid_y": "J 0" }, "geometry": { "type": "LineString", "coordinates": [ [ 170000.0, 2000000.0 ], [ 170000.0, -5200000.0 ] ] } },
{ "type": "Feature", "properties": { "id": 1240, "left": 180000.0, "top": 2000000.0, "right": 180000.0, "bottom": -5200000.0, "grid_x": "J 8", "grid_y": "J 0" }, "geometry": { "type": "LineString", "coordinates": [ [ 180000.0, 2000000.0 ], [ 180000.0, -5200000.0 ] ] } },
{ "type": "Feature", "properties": { "id": 1241, "left": 190000.0, "top": 2000000.0, "right": 190000.0, "bottom": -5200000.0, "grid_x": "J 9", "grid_y": "J 0" }, "geometry": { "type": "LineString", "coordinates": [ [ 190000.0, 2000000.0 ], [ 190000.0, -5200000.0 ] ] } },
{ "type": "Feature", "properties": { "id": 1242, "left": 200000.0, "top": 2000000.0, "right": 200000.0, "bottom": -5200000.0, "grid_x": "K 0", "grid_y": "J 0" }, "geometry": { "type": "LineString", "coordinates": [ [ 200000.0, 2000000.0 ], [ 200000.0, -5200000.0 ] ] } },
{ "type": "Feature", "properties": { "id": 1243, "left": 210000.0, "top": 2000000.0, "right": 210000.0, "bottom": -5200000.0, "grid_x": "K 1", "grid_y": "J 0" }, "geometry": { "type": "LineString", "coordinates": [ [ 210000.0, 2000000.0 ], [ 210000.0, -5200000.0 ] ] } },
{ "type": "Feature", "properties": { "id": 1244, "left": 220000.0, "top": 2000000.0, "right": 220000.0, "bottom": -5200000.0, "grid_x": "K 2", "grid_y": "J 0" }, "geometry": { "type": "LineString", "coordinates": [ [ 220000.0, 2000000.0 ], [ 220000.0, -5200000.0 ] ] } },
{ "type": "Feature", "properties": { "id": 1245, "left": 230000.0, "top": 2000000.0, "right": 230000.0, "bottom": -5200000.0, "grid_x": "K 3", "grid_y": "J 0" }, "geometry": { "type": "LineString", "coordinates": [ [ 230000.0, 2000000.0 ], [ 230000.0, -5200000.0 ] ] } },
{ "type": "Feature", "properties": { "id": 1246, "left": 240000.0, "top": 2000000.0, "right": 240000.0, "bottom": -5200000.0, "grid_x": "K 4", "grid_y": "J 0" }, "geometry": { "type": "LineString", "coordinates": [ [ 240000.0, 2000000.0 ], [ 240000.0, -5200000.0 ] ] } },
{ "type": "Feature", "properties": { "id": 1247, "left": 250000.0, "top": 2000000.0, "right": 250000.0, "bottom": -5200000.0, "grid_x": "K 5", "grid_y": "J 0" }, "geometry": { "type": "LineString", "coordinates": [ [ 250000.0, 2000000.0 ], [ 250000.0, -5200000.0 ] ] } },
{ "type": "Feature", "properties": { "id": 1248, "left": 260000.0, "top": 2000000.0, "right": 260000.0, "bottom": -5200000.0, "grid_x": "K 6", "grid_y": "J 0" }, "geometry": { "type": "LineString", "coordinates": [ [ 260000.0, 2000000.0 ], [ 260000.0, -5200000.0 ] ] } },
{ "type": "Feature", "properties": { "id": 1249, "left": 270000.0, "top": 2000000.0, "right": 270000.0, "bottom": -5200000.0, "grid_x": "K 7", "grid_y": "J 0" }, "geometry": { "type": "LineString", "coordinates": [ [ 270000.0, 2000000.0 ], [ 270000.0, -5200000.0 ] ] } },
{ "type": "Feature", "properties": { "id": 1250, "left": 280000.0, "top": 2000000.0, "right": 280000.0, "bottom": -5200000.0, "grid_x": "K 8", "grid_y": "J 0" }, "geometry": { "type": "LineString", "coordinates": [ [ 280000.0, 2000000.0 ], [ 280000.0, -5200000.0 ] ] } },
{ "type": "Feature", "properties": { "id": 1251, "left": 290000.0, "top": 2000000.0, "right": 290000.0, "bottom": -5200000.0, "grid_x": "K 9", "grid_y": "J 0" }, "geometry": { "type": "LineString", "coordinates": [ [ 290000.0, 2000000.0 ], [ 290000.0, -5200000.0 ] ] } },
{ "type": "Feature", "properties": { "id": 1252, "left": 300000.0, "top": 2000000.0, "right": 300000.0, "bottom": -5200000.0, "grid_x": "L 0", "grid_y": "J 0" }, "geometry": { "type": "LineString", "coordinates": [ [ 300000.0, 2000000.0 ], [ 300000.0, -5200000.0 ] ] } },
{ "type": "Feature", "properties": { "id": 1253, "left": 310000.0, "top": 2000000.0, "right": 310000.0, "bottom": -5200000.0, "grid_x": "L 1", "grid_y": "J 0" }, "geometry": { "type": "LineString", "coordinates": [ [ 310000.0, 2000000.0 ], [ 310000.0, -5200000.0 ] ] } },
{ "type": "Feature", "properties": { "id": 1254, "left": 320000.0, "top": 2000000.0, "right": 320000.0, "bottom": -5200000.0, "grid_x": "L 2", "grid_y": "J 0" }, "geometry": { "type": "LineString", "coordinates": [ [ 320000.0, 2000000.0 ], [ 320000.0, -5200000.0 ] ] } },
{ "type": "Feature", "properties": { "id": 1255, "left": 330000.0, "top": 2000000.0, "right": 330000.0, "bottom": -5200000.0, "grid_x": "L 3", "grid_y": "J 0" }, "geometry": { "type": "LineString", "coordinates": [ [ 330000.0, 2000000.0 ], [ 330000.0, -5200000.0 ] ] } },
{ "type": "Feature", "properties": { "id": 1256, "left": 340000.0, "top": 2000000.0, "right": 340000.0, "bottom": -5200000.0, "grid_x": "L 4", "grid_y": "J 0" }, "geometry": { "type": "LineString", "coordinates": [ [ 340000.0, 2000000.0 ], [ 340000.0, -5200000.0 ] ] } },
{ "type": "Feature", "properties": { "id": 1257, "left": 350000.0, "top": 2000000.0, "right": 350000.0, "bottom": -5200000.0, "grid_x": "L 5", "grid_y": "J 0" }, "geometry": { "type": "LineString", "coordinates": [ [ 350000.0, 2000000.0 ], [ 350000.0, -5200000.0 ] ] } },
{ "type": "Feature", "properties": { "id": 1258, "left": 360000.0, "top": 2000000.0, "right": 360000.0, "bottom": -5200000.0, "grid_x": "L 6", "grid_y": "J 0" }, "geometry": { "type": "LineString", "coordinates": [ [ 360000.0, 2000000.0 ], [ 360000.0, -5200000.0 ] ] } },
{ "type": "Feature", "properties": { "id": 1259, "left": 370000.0, "top": 2000000.0, "right": 370000.0, "bottom": -5200000.0, "grid_x": "L 7", "grid_y": "J 0" }, "geometry": { "type": "LineString", "coordinates": [ [ 370000.0, 2000000.0 ], [ 370000.0, -5200000.0 ] ] } },
{ "type": "Feature", "properties": { "id": 1260, "left": 380000.0, "top": 2000000.0, "right": 380000.0, "bottom": -5200000.0, "grid_x": "L 8", "grid_y": "J 0" }, "geometry": { "type": "LineString", "coordinates": [ [ 380000.0, 2000000.0 ], [ 380000.0, -5200000.0 ] ] } },
{ "type": "Feature", "properties": { "id": 1261, "left": 390000.0, "top": 2000000.0, "right": 390000.0, "bottom": -5200000.0, "grid_x": "L 9", "grid_y": "J 0" }, "geometry": { "type": "LineString", "coordinates": [ [ 390000.0, 2000000.0 ], [ 390000.0, -5200000.0 ] ] } },
{ "type": "Feature", "properties": { "id": 1262, "left": 400000.0, "top": 2000000.0, "right": 400000.0, "bottom": -5200000.0, "grid_x": "M 0", "grid_y": "J 0" }, "geometry": { "type": "LineString", "coordinates": [ [ 400000.0, 2000000.0 ], [ 400000.0, -5200000.0 ] ] } },
{ "type": "Feature", "properties": { "id": 1263, "left": 410000.0, "top": 2000000.0, "right": 410000.0, "bottom": -5200000.0, "grid_x": "M 1", "grid_y": "J 0" }, "geometry": { "type": "LineString", "coordinates": [ [ 410000.0, 2000000.0 ], [ 410000.0, -5200000.0 ] ] } },
{ "type": "Feature", "properties": { "id": 1264, "left": 420000.0, "top": 2000000.0, "right": 420000.0, "bottom": -5200000.0, "grid_x": "M 2", "grid_y": "J 0" }, "geometry": { "type": "LineString", "coordinates": [ [ 420000.0, 2000000.0 ], [ 420000.0, -5200000.0 ] ] } },
{ "type": "Feature", "properties": { "id": 1265, "left": 430000.0, "top": 2000000.0, "right": 430000.0, "bottom": -5200000.0, "grid_x": "M 3", "grid_y": "J 0" }, "geometry": { "type": "LineString", "coordinates": [ [ 430000.0, 2000000.0 ], [ 430000.0, -5200000.0 ] ] } },
{ "type": "Feature", "properties": { "id": 1266, "left": 440000.0, "top": 2000000.0, "right": 440000.0, "bottom": -5200000.0, "grid_x": "M 4", "grid_y": "J 0" }, "geometry": { "type": "LineString", "coordinates": [ [ 440000.0, 2000000.0 ], [ 440000.0, -5200000.0 ] ] } },
{ "type": "Feature", "properties": { "id": 1267, "left": 450000.0, "top": 2000000.0, "right": 450000.0, "bottom": -5200000.0, "grid_x": "M 5", "grid_y": "J 0" }, "geometry": { "type": "LineString", "coordinates": [ [ 450000.0, 2000000.0 ], [ 450000.0, -5200000.0 ] ] } },
{ "type": "Feature", "properties": { "id": 1268, "left": 460000.0, "top": 2000000.0, "right": 460000.0, "bottom": -5200000.0, "grid_x": "M 6", "grid_y": "J 0" }, "geometry": { "type": "LineString", "coordinates": [ [ 460000.0, 2000000.0 ], [ 460000.0, -5200000.0 ] ] } },
{ "type": "Feature", "properties": { "id": 1269, "left": 470000.0, "top": 2000000.0, "right": 470000.0, "bottom": -5200000.0, "grid_x": "M 7", "grid_y": "J 0" }, "geometry": { "type": "LineString", "coordinates": [ [ 470000.0, 2000000.0 ], [ 470000.0, -5200000.0 ] ] } },
{ "type": "Feature", "properties": { "id": 1270, "left": 480000.0, "top": 2000000.0, "right": 480000.0, "bottom": -5200000.0, "grid_x": "M 8", "grid_y": "J 0" }, "geometry": { "type": "LineString", "coordinates": [ [ 480000.0, 2000000.0 ], [ 480000.0, -5200000.0 ] ] } },
{ "type": "Feature", "properties": { "id": 1271, "left": 490000.0, "top": 2000000.0, "right": 490000.0, "bottom": -5200000.0, "grid_x": "M 9", "grid_y": "J 0" }, "geometry": { "type": "LineString", "coordinates": [ [ 490000.0, 2000000.0 ], [ 490000.0, -5200000.0 ] ] } },
{ "type": "Feature", "properties": { "id": 1272, "left": 500000.0, "top": 2000000.0, "right": 500000.0, "bottom": -5200000.0, "grid_x": "N 0", "grid_y": "J 0" }, "geometry": { "type": "LineString", "coordinates": [ [ 500000.0, 2000000.0 ], [ 500000.0, -5200000.0 ] ] } },
{ "type": "Feature", "properties": { "id": 1273, "left": 510000.0, "top": 2000000.0, "right": 510000.0, "bottom": -5200000.0, "grid_x": "N 1", "grid_y": "J 0" }, "geometry": { "type": "LineString", "coordinates": [ [ 510000.0, 2000000.0 ], [ 510000.0, -5200000.0 ] ] } },
{ "type": "Feature", "properties": { "id": 1274, "left": 520000.0, "top": 2000000.0, "right": 520000.0, "bottom": -5200000.0, "grid_x": "N 2", "grid_y": "J 0" }, "geometry": { "type": "LineString", "coordinates": [ [ 520000.0, 2000000.0 ], [ 520000.0, -5200000.0 ] ] } },
{ "type": "Feature", "properties": { "id": 1275, "left": 530000.0, "top": 2000000.0, "right": 530000.0, "bottom": -5200000.0, "grid_x": "N 3", "grid_y": "J 0" }, "geometry": { "type": "LineString", "coordinates": [ [ 530000.0, 2000000.0 ], [ 530000.0, -5200000.0 ] ] } },
{ "type": "Feature", "properties": { "id": 1276, "left": 540000.0, "top": 2000000.0, "right": 540000.0, "bottom": -5200000.0, "grid_x": "N 4", "grid_y": "J 0" }, "geometry": { "type": "LineString", "coordinates": [ [ 540000.0, 2000000.0 ], [ 540000.0, -5200000.0 ] ] } },
{ "type": "Feature", "properties": { "id": 1277, "left": 550000.0, "top": 2000000.0, "right": 550000.0, "bottom": -5200000.0, "grid_x": "N 5", "grid_y": "J 0" }, "geometry": { "type": "LineString", "coordinates": [ [ 550000.0, 2000000.0 ], [ 550000.0, -5200000.0 ] ] } },
{ "type": "Feature", "properties": { "id": 1278, "left": 560000.0, "top": 2000000.0, "right": 560000.0, "bottom": -5200000.0, "grid_x": "N 6", "grid_y": "J 0" }, "geometry": { "type": "LineString", "coordinates": [ [ 560000.0, 2000000.0 ], [ 560000.0, -5200000.0 ] ] } },
{ "type": "Feature", "properties": { "id": 1279, "left": 570000.0, "top": 2000000.0, "right": 570000.0, "bottom": -5200000.0, "grid_x": "N 7", "grid_y": "J 0" }, "geometry": { "type": "LineString", "coordinates": [ [ 570000.0, 2000000.0 ], [ 570000.0, -5200000.0 ] ] } },
{ "type": "Feature", "properties": { "id": 1280, "left": 580000.0, "top": 2000000.0, "right": 580000.0, "bottom": -5200000.0, "grid_x": "N 8", "grid_y": "J 0" }, "geometry": { "type": "LineString", "coordinates": [ [ 580000.0, 2000000.0 ], [ 580000.0, -5200000.0 ] ] } },
{ "type": "Feature", "properties": { "id": 1281, "left": 590000.0, "top": 2000000.0, "right": 590000.0, "bottom": -5200000.0, "grid_x": "N 9", "grid_y": "J 0" }, "geometry": { "type": "LineString", "coordinates": [ [ 590000.0, 2000000.0 ], [ 590000.0, -5200000.0 ] ] } },
{ "type": "Feature", "properties": { "id": 1282, "left": 600000.0, "top": 2000000.0, "right": 600000.0, "bottom": -5200000.0, "grid_x": "P 0", "grid_y": "J 0" }, "geometry": { "type": "LineString", "coordinates": [ [ 600000.0, 2000000.0 ], [ 600000.0, -5200000.0 ] ] } },
{ "type": "Feature", "properties": { "id": 1283, "left": 610000.0, "top": 2000000.0, "right": 610000.0, "bottom": -5200000.0, "grid_x": "P 1", "grid_y": "J 0" }, "geometry": { "type": "LineString", "coordinates": [ [ 610000.0, 2000000.0 ], [ 610000.0, -5200000.0 ] ] } },
{ "type": "Feature", "properties": { "id": 1284, "left": 620000.0, "top": 2000000.0, "right": 620000.0, "bottom": -5200000.0, "grid_x": "P 2", "grid_y": "J 0" }, "geometry": { "type": "LineString", "coordinates": [ [ 620000.0, 2000000.0 ], [ 620000.0, -5200000.0 ] ] } },
{ "type": "Feature", "properties": { "id": 1285, "left": 630000.0, "top": 2000000.0, "right": 630000.0, "bottom": -5200000.0, "grid_x": "P 3", "grid_y": "J 0" }, "geometry": { "type": "LineString", "coordinates": [ [ 630000.0, 2000000.0 ], [ 630000.0, -5200000.0 ] ] } },
{ "type": "Feature", "properties": { "id": 1286, "left": 640000.0, "top": 2000000.0, "right": 640000.0, "bottom": -5200000.0, "grid_x": "P 4", "grid_y": "J 0" }, "geometry": { "type": "LineString", "coordinates": [ [ 640000.0, 2000000.0 ], [ 640000.0, -5200000.0 ] ] } },
{ "type": "Feature", "properties": { "id": 1287, "left": 650000.0, "top": 2000000.0, "right": 650000.0, "bottom": -5200000.0, "grid_x": "P 5", "grid_y": "J 0" }, "geometry": { "type": "LineString", "coordinates": [ [ 650000.0, 2000000.0 ], [ 650000.0, -5200000.0 ] ] } },
{ "type": "Feature", "properties": { "id": 1288, "left": 660000.0, "top": 2000000.0, "right": 660000.0, "bottom": -5200000.0, "grid_x": "P 6", "grid_y": "J 0" }, "geometry": { "type": "LineString", "coordinates": [ [ 660000.0, 2000000.0 ], [ 660000.0, -5200000.0 ] ] } },
{ "type": "Feature", "properties": { "id": 1289, "left": 670000.0, "top": 2000000.0, "right": 670000.0, "bottom": -5200000.0, "grid_x": "P 7", "grid_y": "J 0" }, "geometry": { "type": "LineString", "coordinates": [ [ 670000.0, 2000000.0 ], [ 670000.0, -5200000.0 ] ] } },
{ "type": "Feature", "properties": { "id": 1290, "left": 680000.0, "top": 2000000.0, "right": 680000.0, "bottom": -5200000.0, "grid_x": "P 8", "grid_y": "J 0" }, "geometry": { "type": "LineString", "coordinates": [ [ 680000.0, 2000000.0 ], [ 680000.0, -5200000.0 ] ] } },
{ "type": "Feature", "properties": { "id": 1291, "left": 690000.0, "top": 2000000.0, "right": 690000.0, "bottom": -5200000.0, "grid_x": "P 9", "grid_y": "J 0" }, "geometry": { "type": "LineString", "coordinates": [ [ 690000.0, 2000000.0 ], [ 690000.0, -5200000.0 ] ] } },
{ "type": "Feature", "properties": { "id": 1292, "left": 700000.0, "top": 2000000.0, "right": 700000.0, "bottom": -5200000.0, "grid_x": "Q 0", "grid_y": "J 0" }, "geometry": { "type": "LineString", "coordinates": [ [ 700000.0, 2000000.0 ], [ 700000.0, -5200000.0 ] ] } },
{ "type": "Feature", "properties": { "id": 1293, "left": 710000.0, "top": 2000000.0, "right": 710000.0, "bottom": -5200000.0, "grid_x": "Q 1", "grid_y": "J 0" }, "geometry": { "type": "LineString", "coordinates": [ [ 710000.0, 2000000.0 ], [ 710000.0, -5200000.0 ] ] } },
{ "type": "Feature", "properties": { "id": 1294, "left": 720000.0, "top": 2000000.0, "right": 720000.0, "bottom": -5200000.0, "grid_x": "Q 2", "grid_y": "J 0" }, "geometry": { "type": "LineString", "coordinates": [ [ 720000.0, 2000000.0 ], [ 720000.0, -5200000.0 ] ] } },
{ "type": "Feature", "properties": { "id": 1295, "left": 730000.0, "top": 2000000.0, "right": 730000.0, "bottom": -5200000.0, "grid_x": "Q 3", "grid_y": "J 0" }, "geometry": { "type": "LineString", "coordinates": [ [ 730000.0, 2000000.0 ], [ 730000.0, -5200000.0 ] ] } },
{ "type": "Feature", "properties": { "id": 1296, "left": 740000.0, "top": 2000000.0, "right": 740000.0, "bottom": -5200000.0, "grid_x": "Q 4", "grid_y": "J 0" }, "geometry": { "type": "LineString", "coordinates": [ [ 740000.0, 2000000.0 ], [ 740000.0, -5200000.0 ] ] } },
{ "type": "Feature", "properties": { "id": 1297, "left": 750000.0, "top": 2000000.0, "right": 750000.0, "bottom": -5200000.0, "grid_x": "Q 5", "grid_y": "J 0" }, "geometry": { "type": "LineString", "coordinates": [ [ 750000.0, 2000000.0 ], [ 750000.0, -5200000.0 ] ] } },
{ "type": "Feature", "properties": { "id": 1298, "left": 760000.0, "top": 2000000.0, "right": 760000.0, "bottom": -5200000.0, "grid_x": "Q 6", "grid_y": "J 0" }, "geometry": { "type": "LineString", "coordinates": [ [ 760000.0, 2000000.0 ], [ 760000.0, -5200000.0 ] ] } },
{ "type": "Feature", "properties": { "id": 1299, "left": 770000.0, "top": 2000000.0, "right": 770000.0, "bottom": -5200000.0, "grid_x": "Q 7", "grid_y": "J 0" }, "geometry": { "type": "LineString", "coordinates": [ [ 770000.0, 2000000.0 ], [ 770000.0, -5200000.0 ] ] } },
{ "type": "Feature", "properties": { "id": 1300, "left": 780000.0, "top": 2000000.0, "right": 780000.0, "bottom": -5200000.0, "grid_x": "Q 8", "grid_y": "J 0" }, "geometry": { "type": "LineString", "coordinates": [ [ 780000.0, 2000000.0 ], [ 780000.0, -5200000.0 ] ] } },
{ "type": "Feature", "properties": { "id": 1301, "left": 790000.0, "top": 2000000.0, "right": 790000.0, "bottom": -5200000.0, "grid_x": "Q 9", "grid_y": "J 0" }, "geometry": { "type": "LineString", "coordinates": [ [ 790000.0, 2000000.0 ], [ 790000.0, -5200000.0 ] ] } },
{ "type": "Feature", "properties": { "id": 1302, "left": 800000.0, "top": 2000000.0, "right": 800000.0, "bottom": -5200000.0, "grid_x": "R 0", "grid_y": "J 0" }, "geometry": { "type": "LineString", "coordinates": [ [ 800000.0, 2000000.0 ], [ 800000.0, -5200000.0 ] ] } },
{ "type": "Feature", "properties": { "id": 1303, "left": 810000.0, "top": 2000000.0, "right": 810000.0, "bottom": -5200000.0, "grid_x": "R 1", "grid_y": "J 0" }, "geometry": { "type": "LineString", "coordinates": [ [ 810000.0, 2000000.0 ], [ 810000.0, -5200000.0 ] ] } },
{ "type": "Feature", "properties": { "id": 1304, "left": 820000.0, "top": 2000000.0, "right": 820000.0, "bottom": -5200000.0, "grid_x": "R 2", "grid_y": "J 0" }, "geometry": { "type": "LineString", "coordinates": [ [ 820000.0, 2000000.0 ], [ 820000.0, -5200000.0 ] ] } },
{ "type": "Feature", "properties": { "id": 1305, "left": 830000.0, "top": 2000000.0, "right": 830000.0, "bottom": -5200000.0, "grid_x": "R 3", "grid_y": "J 0" }, "geometry": { "type": "LineString", "coordinates": [ [ 830000.0, 2000000.0 ], [ 830000.0, -5200000.0 ] ] } },
{ "type": "Feature", "properties": { "id": 1306, "left": 840000.0, "top": 2000000.0, "right": 840000.0, "bottom": -5200000.0, "grid_x": "R 4", "grid_y": "J 0" }, "geometry": { "type": "LineString", "coordinates": [ [ 840000.0, 2000000.0 ], [ 840000.0, -5200000.0 ] ] } },
{ "type": "Feature", "properties": { "id": 1307, "left": 850000.0, "top": 2000000.0, "right": 850000.0, "bottom": -5200000.0, "grid_x": "R 5", "grid_y": "J 0" }, "geometry": { "type": "LineString", "coordinates": [ [ 850000.0, 2000000.0 ], [ 850000.0, -5200000.0 ] ] } },
{ "type": "Feature", "properties": { "id": 1308, "left": 860000.0, "top": 2000000.0, "right": 860000.0, "bottom": -5200000.0, "grid_x": "R 6", "grid_y": "J 0" }, "geometry": { "type": "LineString", "coordinates": [ [ 860000.0, 2000000.0 ], [ 860000.0, -5200000.0 ] ] } },
{ "type": "Feature", "properties": { "id": 1309, "left": 870000.0, "top": 2000000.0, "right": 870000.0, "bottom": -5200000.0, "grid_x": "R 7", "grid_y": "J 0" }, "geometry": { "type": "LineString", "coordinates": [ [ 870000.0, 2000000.0 ], [ 870000.0, -5200000.0 ] ] } },
{ "type": "Feature", "properties": { "id": 1310, "left": 880000.0, "top": 2000000.0, "right": 880000.0, "bottom": -5200000.0, "grid_x": "R 8", "grid_y": "J 0" }, "geometry": { "type": "LineString", "coordinates": [ [ 880000.0, 2000000.0 ], [ 880000.0, -5200000.0 ] ] } },
{ "type": "Feature", "properties": { "id": 1311, "left": 890000.0, "top": 2000000.0, "right": 890000.0, "bottom": -5200000.0, "grid_x": "R 9", "grid_y": "J 0" }, "geometry": { "type": "LineString", "coordinates": [ [ 890000.0, 2000000.0 ], [ 890000.0, -5200000.0 ] ] } },
{ "type": "Feature", "properties": { "id": 1312, "left": 900000.0, "top": 2000000.0, "right": 900000.0, "bottom": -5200000.0, "grid_x": "S 0", "grid_y": "J 0" }, "geometry": { "type": "LineString", "coordinates": [ [ 900000.0, 2000000.0 ], [ 900000.0, -5200000.0 ] ] } },
{ "type": "Feature", "properties": { "id": 1313, "left": 910000.0, "top": 2000000.0, "right": 910000.0, "bottom": -5200000.0, "grid_x": "S 1", "grid_y": "J 0" }, "geometry": { "type": "LineString", "coordinates": [ [ 910000.0, 2000000.0 ], [ 910000.0, -5200000.0 ] ] } },
{ "type": "Feature", "properties": { "id": 1314, "left": 920000.0, "top": 2000000.0, "right": 920000.0, "bottom": -5200000.0, "grid_x": "S 2", "grid_y": "J 0" }, "geometry": { "type": "LineString", "coordinates": [ [ 920000.0, 2000000.0 ], [ 920000.0, -5200000.0 ] ] } },
{ "type": "Feature", "properties": { "id": 1315, "left": 930000.0, "top": 2000000.0, "right": 930000.0, "bottom": -5200000.0, "grid_x": "S 3", "grid_y": "J 0" }, "geometry": { "type": "LineString", "coordinates": [ [ 930000.0, 2000000.0 ], [ 930000.0, -5200000.0 ] ] } },
{ "type": "Feature", "properties": { "id": 1316, "left": 940000.0, "top": 2000000.0, "right": 940000.0, "bottom": -5200000.0, "grid_x": "S 4", "grid_y": "J 0" }, "geometry": { "type": "LineString", "coordinates": [ [ 940000.0, 2000000.0 ], [ 940000.0, -5200000.0 ] ] } },
{ "type": "Feature", "properties": { "id": 1317, "left": 950000.0, "top": 2000000.0, "right": 950000.0, "bottom": -5200000.0, "grid_x": "S 5", "grid_y": "J 0" }, "geometry": { "type": "LineString", "coordinates": [ [ 950000.0, 2000000.0 ], [ 950000.0, -5200000.0 ] ] } },
{ "type": "Feature", "properties": { "id": 1318, "left": 960000.0, "top": 2000000.0, "right": 960000.0, "bottom": -5200000.0, "grid_x": "S 6", "grid_y": "J 0" }, "geometry": { "type": "LineString", "coordinates": [ [ 960000.0, 2000000.0 ], [ 960000.0, -5200000.0 ] ] } },
{ "type": "Feature", "properties": { "id": 1319, "left": 970000.0, "top": 2000000.0, "right": 970000.0, "bottom": -5200000.0, "grid_x": "S 7", "grid_y": "J 0" }, "geometry": { "type": "LineString", "coordinates": [ [ 970000.0, 2000000.0 ], [ 970000.0, -5200000.0 ] ] } },
{ "type": "Feature", "properties": { "id": 1320, "left": 980000.0, "top": 2000000.0, "right": 980000.0, "bottom": -5200000.0, "grid_x": "S 8", "grid_y": "J 0" }, "geometry": { "type": "LineString", "coordinates": [ [ 980000.0, 2000000.0 ], [ 980000.0, -5200000.0 ] ] } },
{ "type": "Feature", "properties": { "id": 1321, "left": 990000.0, "top": 2000000.0, "right": 990000.0, "bottom": -5200000.0, "grid_x": "S 9", "grid_y": "J 0" }, "geometry": { "type": "LineString", "coordinates": [ [ 990000.0, 2000000.0 ], [ 990000.0, -5200000.0 ] ] } },
{ "type": "Feature", "properties": { "id": 1322, "left": 1000000.0, "top": 2000000.0, "right": 1000000.0, "bottom": -5200000.0, "grid_x": "T 0", "grid_y": "J 0" }, "geometry": { "type": "LineString", "coordinates": [ [ 1000000.0, 2000000.0 ], [ 1000000.0, -5200000.0 ] ] } },
{ "type": "Feature", "properties": { "id": 1323, "left": 1010000.0, "top": 2000000.0, "right": 1010000.0, "bottom": -5200000.0, "grid_x": "T 1", "grid_y": "J 0" }, "geometry": { "type": "LineString", "coordinates": [ [ 1010000.0, 2000000.0 ], [ 1010000.0, -5200000.0 ] ] } },
{ "type": "Feature", "properties": { "id": 1324, "left": 1020000.0, "top": 2000000.0, "right": 1020000.0, "bottom": -5200000.0, "grid_x": "T 2", "grid_y": "J 0" }, "geometry": { "type": "LineString", "coordinates": [ [ 1020000.0, 2000000.0 ], [ 1020000.0, -5200000.0 ] ] } },
{ "type": "Feature", "properties": { "id": 1325, "left": 1030000.0, "top": 2000000.0, "right": 1030000.0, "bottom": -5200000.0, "grid_x": "T 3", "grid_y": "J 0" }, "geometry": { "type": "LineString", "coordinates": [ [ 1030000.0, 2000000.0 ], [ 1030000.0, -5200000.0 ] ] } },
{ "type": "Feature", "properties": { "id": 1326, "left": 1040000.0, "top": 2000000.0, "right": 1040000.0, "bottom": -5200000.0, "grid_x": "T 4", "grid_y": "J 0" }, "geometry": { "type": "LineString", "coordinates": [ [ 1040000.0, 2000000.0 ], [ 1040000.0, -5200000.0 ] ] } },
{ "type": "Feature", "properties": { "id": 1327, "left": 1050000.0, "top": 2000000.0, "right": 1050000.0, "bottom": -5200000.0, "grid_x": "T 5", "grid_y": "J 0" }, "geometry": { "type": "LineString", "coordinates": [ [ 1050000.0, 2000000.0 ], [ 1050000.0, -5200000.0 ] ] } },
{ "type": "Feature", "properties": { "id": 1328, "left": 1060000.0, "top": 2000000.0, "right": 1060000.0, "bottom": -5200000.0, "grid_x": "T 6", "grid_y": "J 0" }, "geometry": { "type": "LineString", "coordinates": [ [ 1060000.0, 2000000.0 ], [ 1060000.0, -5200000.0 ] ] } },
{ "type": "Feature", "properties": { "id": 1329, "left": 1070000.0, "top": 2000000.0, "right": 1070000.0, "bottom": -5200000.0, "grid_x": "T 7", "grid_y": "J 0" }, "geometry": { "type": "LineString", "coordinates": [ [ 1070000.0, 2000000.0 ], [ 1070000.0, -5200000.0 ] ] } },
{ "type": "Feature", "properties": { "id": 1330, "left": 1080000.0, "top": 2000000.0, "right": 1080000.0, "bottom": -5200000.0, "grid_x": "T 8", "grid_y": "J 0" }, "geometry": { "type": "LineString", "coordinates": [ [ 1080000.0, 2000000.0 ], [ 1080000.0, -5200000.0 ] ] } },
{ "type": "Feature", "properties": { "id": 1331, "left": 1090000.0, "top": 2000000.0, "right": 1090000.0, "bottom": -5200000.0, "grid_x": "T 9", "grid_y": "J 0" }, "geometry": { "type": "LineString", "coordinates": [ [ 1090000.0, 2000000.0 ], [ 1090000.0, -5200000.0 ] ] } },
{ "type": "Feature", "properties": { "id": 1332, "left": 1100000.0, "top": 2000000.0, "right": 1100000.0, "bottom": -5200000.0, "grid_x": "U 0", "grid_y": "J 0" }, "geometry": { "type": "LineString", "coordinates": [ [ 1100000.0, 2000000.0 ], [ 1100000.0, -5200000.0 ] ] } },
{ "type": "Feature", "properties": { "id": 1333, "left": 1110000.0, "top": 2000000.0, "right": 1110000.0, "bottom": -5200000.0, "grid_x": "U 1", "grid_y": "J 0" }, "geometry": { "type": "LineString", "coordinates": [ [ 1110000.0, 2000000.0 ], [ 1110000.0, -5200000.0 ] ] } },
{ "type": "Feature", "properties": { "id": 1334, "left": 1120000.0, "top": 2000000.0, "right": 1120000.0, "bottom": -5200000.0, "grid_x": "U 2", "grid_y": "J 0" }, "geometry": { "type": "LineString", "coordinates": [ [ 1120000.0, 2000000.0 ], [ 1120000.0, -5200000.0 ] ] } },
{ "type": "Feature", "properties": { "id": 1335, "left": 1130000.0, "top": 2000000.0, "right": 1130000.0, "bottom": -5200000.0, "grid_x": "U 3", "grid_y": "J 0" }, "geometry": { "type": "LineString", "coordinates": [ [ 1130000.0, 2000000.0 ], [ 1130000.0, -5200000.0 ] ] } },
{ "type": "Feature", "properties": { "id": 1336, "left": 1140000.0, "top": 2000000.0, "right": 1140000.0, "bottom": -5200000.0, "grid_x": "U 4", "grid_y": "J 0" }, "geometry": { "type": "LineString", "coordinates": [ [ 1140000.0, 2000000.0 ], [ 1140000.0, -5200000.0 ] ] } },
{ "type": "Feature", "properties": { "id": 1337, "left": 1150000.0, "top": 2000000.0, "right": 1150000.0, "bottom": -5200000.0, "grid_x": "U 5", "grid_y": "J 0" }, "geometry": { "type": "LineString", "coordinates": [ [ 1150000.0, 2000000.0 ], [ 1150000.0, -5200000.0 ] ] } },
{ "type": "Feature", "properties": { "id": 1338, "left": 1160000.0, "top": 2000000.0, "right": 1160000.0, "bottom": -5200000.0, "grid_x": "U 6", "grid_y": "J 0" }, "geometry": { "type": "LineString", "coordinates": [ [ 1160000.0, 2000000.0 ], [ 1160000.0, -5200000.0 ] ] } },
{ "type": "Feature", "properties": { "id": 1339, "left": 1170000.0, "top": 2000000.0, "right": 1170000.0, "bottom": -5200000.0, "grid_x": "U 7", "grid_y": "J 0" }, "geometry": { "type": "LineString", "coordinates": [ [ 1170000.0, 2000000.0 ], [ 1170000.0, -5200000.0 ] ] } },
{ "type": "Feature", "properties": { "id": 1340, "left": 1180000.0, "top": 2000000.0, "right": 1180000.0, "bottom": -5200000.0, "grid_x": "U 8", "grid_y": "J 0" }, "geometry": { "type": "LineString", "coordinates": [ [ 1180000.0, 2000000.0 ], [ 1180000.0, -5200000.0 ] ] } },
{ "type": "Feature", "properties": { "id": 1341, "left": 1190000.0, "top": 2000000.0, "right": 1190000.0, "bottom": -5200000.0, "grid_x": "U 9", "grid_y": "J 0" }, "geometry": { "type": "LineString", "coordinates": [ [ 1190000.0, 2000000.0 ], [ 1190000.0, -5200000.0 ] ] } },
{ "type": "Feature", "properties": { "id": 1342, "left": 1200000.0, "top": 2000000.0, "right": 1200000.0, "bottom": -5200000.0, "grid_x": "V 0", "grid_y": "J 0" }, "geometry": { "type": "LineString", "coordinates": [ [ 1200000.0, 2000000.0 ], [ 1200000.0, -5200000.0 ] ] } },
{ "type": "Feature", "properties": { "id": 1343, "left": 1210000.0, "top": 2000000.0, "right": 1210000.0, "bottom": -5200000.0, "grid_x": "V 1", "grid_y": "J 0" }, "geometry": { "type": "LineString", "coordinates": [ [ 1210000.0, 2000000.0 ], [ 1210000.0, -5200000.0 ] ] } },
{ "type": "Feature", "properties": { "id": 1344, "left": 1220000.0, "top": 2000000.0, "right": 1220000.0, "bottom": -5200000.0, "grid_x": "V 2", "grid_y": "J 0" }, "geometry": { "type": "LineString", "coordinates": [ [ 1220000.0, 2000000.0 ], [ 1220000.0, -5200000.0 ] ] } },
{ "type": "Feature", "properties": { "id": 1345, "left": 1230000.0, "top": 2000000.0, "right": 1230000.0, "bottom": -5200000.0, "grid_x": "V 3", "grid_y": "J 0" }, "geometry": { "type": "LineString", "coordinates": [ [ 1230000.0, 2000000.0 ], [ 1230000.0, -5200000.0 ] ] } },
{ "type": "Feature", "properties": { "id": 1346, "left": 1240000.0, "top": 2000000.0, "right": 1240000.0, "bottom": -5200000.0, "grid_x": "V 4", "grid_y": "J 0" }, "geometry": { "type": "LineString", "coordinates": [ [ 1240000.0, 2000000.0 ], [ 1240000.0, -5200000.0 ] ] } },
{ "type": "Feature", "properties": { "id": 1347, "left": 1250000.0, "top": 2000000.0, "right": 1250000.0, "bottom": -5200000.0, "grid_x": "V 5", "grid_y": "J 0" }, "geometry": { "type": "LineString", "coordinates": [ [ 1250000.0, 2000000.0 ], [ 1250000.0, -5200000.0 ] ] } },
{ "type": "Feature", "properties": { "id": 1348, "left": 1260000.0, "top": 2000000.0, "right": 1260000.0, "bottom": -5200000.0, "grid_x": "V 6", "grid_y": "J 0" }, "geometry": { "type": "LineString", "coordinates": [ [ 1260000.0, 2000000.0 ], [ 1260000.0, -5200000.0 ] ] } },
{ "type": "Feature", "properties": { "id": 1349, "left": 1270000.0, "top": 2000000.0, "right": 1270000.0, "bottom": -5200000.0, "grid_x": "V 7", "grid_y": "J 0" }, "geometry": { "type": "LineString", "coordinates": [ [ 1270000.0, 2000000.0 ], [ 1270000.0, -5200000.0 ] ] } },
{ "type": "Feature", "properties": { "id": 1350, "left": 1280000.0, "top": 2000000.0, "right": 1280000.0, "bottom": -5200000.0, "grid_x": "V 8", "grid_y": "J 0" }, "geometry": { "type": "LineString", "coordinates": [ [ 1280000.0, 2000000.0 ], [ 1280000.0, -5200000.0 ] ] } },
{ "type": "Feature", "properties": { "id": 1351, "left": 1290000.0, "top": 2000000.0, "right": 1290000.0, "bottom": -5200000.0, "grid_x": "V 9", "grid_y": "J 0" }, "geometry": { "type": "LineString", "coordinates": [ [ 1290000.0, 2000000.0 ], [ 1290000.0, -5200000.0 ] ] } },
{ "type": "Feature", "properties": { "id": 1352, "left": 1300000.0, "top": 2000000.0, "right": 1300000.0, "bottom": -5200000.0, "grid_x": "W 0", "grid_y": "J 0" }, "geometry": { "type": "LineString", "coordinates": [ [ 1300000.0, 2000000.0 ], [ 1300000.0, -5200000.0 ] ] } },
{ "type": "Feature", "properties": { "id": 1353, "left": 1310000.0, "top": 2000000.0, "right": 1310000.0, "bottom": -5200000.0, "grid_x": "W 1", "grid_y": "J 0" }, "geometry": { "type": "LineString", "coordinates": [ [ 1310000.0, 2000000.0 ], [ 1310000.0, -5200000.0 ] ] } },
{ "type": "Feature", "properties": { "id": 1354, "left": 1320000.0, "top": 2000000.0, "right": 1320000.0, "bottom": -5200000.0, "grid_x": "W 2", "grid_y": "J 0" }, "geometry": { "type": "LineString", "coordinates": [ [ 1320000.0, 2000000.0 ], [ 1320000.0, -5200000.0 ] ] } },
{ "type": "Feature", "properties": { "id": 1355, "left": 1330000.0, "top": 2000000.0, "right": 1330000.0, "bottom": -5200000.0, "grid_x": "W 3", "grid_y": "J 0" }, "geometry": { "type": "LineString", "coordinates": [ [ 1330000.0, 2000000.0 ], [ 1330000.0, -5200000.0 ] ] } },
{ "type": "Feature", "properties": { "id": 1356, "left": 1340000.0, "top": 2000000.0, "right": 1340000.0, "bottom": -5200000.0, "grid_x": "W 4", "grid_y": "J 0" }, "geometry": { "type": "LineString", "coordinates": [ [ 1340000.0, 2000000.0 ], [ 1340000.0, -5200000.0 ] ] } },
{ "type": "Feature", "properties": { "id": 1357, "left": 1350000.0, "top": 2000000.0, "right": 1350000.0, "bottom": -5200000.0, "grid_x": "W 5", "grid_y": "J 0" }, "geometry": { "type": "LineString", "coordinates": [ [ 1350000.0, 2000000.0 ], [ 1350000.0, -5200000.0 ] ] } },
{ "type": "Feature", "properties": { "id": 1358, "left": 1360000.0, "top": 2000000.0, "right": 1360000.0, "bottom": -5200000.0, "grid_x": "W 6", "grid_y": "J 0" }, "geometry": { "type": "LineString", "coordinates": [ [ 1360000.0, 2000000.0 ], [ 1360000.0, -5200000.0 ] ] } },
{ "type": "Feature", "properties": { "id": 1359, "left": 1370000.0, "top": 2000000.0, "right": 1370000.0, "bottom": -5200000.0, "grid_x": "W 7", "grid_y": "J 0" }, "geometry": { "type": "LineString", "coordinates": [ [ 1370000.0, 2000000.0 ], [ 1370000.0, -5200000.0 ] ] } },
{ "type": "Feature", "properties": { "id": 1360, "left": 1380000.0, "top": 2000000.0, "right": 1380000.0, "bottom": -5200000.0, "grid_x": "W 8", "grid_y": "J 0" }, "geometry": { "type": "LineString", "coordinates": [ [ 1380000.0, 2000000.0 ], [ 1380000.0, -5200000.0 ] ] } },
{ "type": "Feature", "properties": { "id": 1361, "left": 1390000.0, "top": 2000000.0, "right": 1390000.0, "bottom": -5200000.0, "grid_x": "W 9", "grid_y": "J 0" }, "geometry": { "type": "LineString", "coordinates": [ [ 1390000.0, 2000000.0 ], [ 1390000.0, -5200000.0 ] ] } },
{ "type": "Feature", "properties": { "id": 1362, "left": 1400000.0, "top": 2000000.0, "right": 1400000.0, "bottom": -5200000.0, "grid_x": "X 0", "grid_y": "J 0" }, "geometry": { "type": "LineString", "coordinates": [ [ 1400000.0, 2000000.0 ], [ 1400000.0, -5200000.0 ] ] } },
{ "type": "Feature", "properties": { "id": 1363, "left": 1410000.0, "top": 2000000.0, "right": 1410000.0, "bottom": -5200000.0, "grid_x": "X 1", "grid_y": "J 0" }, "geometry": { "type": "LineString", "coordinates": [ [ 1410000.0, 2000000.0 ], [ 1410000.0, -5200000.0 ] ] } },
{ "type": "Feature", "properties": { "id": 1364, "left": 1420000.0, "top": 2000000.0, "right": 1420000.0, "bottom": -5200000.0, "grid_x": "X 2", "grid_y": "J 0" }, "geometry": { "type": "LineString", "coordinates": [ [ 1420000.0, 2000000.0 ], [ 1420000.0, -5200000.0 ] ] } },
{ "type": "Feature", "properties": { "id": 1365, "left": 1430000.0, "top": 2000000.0, "right": 1430000.0, "bottom": -5200000.0, "grid_x": "X 3", "grid_y": "J 0" }, "geometry": { "type": "LineString", "coordinates": [ [ 1430000.0, 2000000.0 ], [ 1430000.0, -5200000.0 ] ] } },
{ "type": "Feature", "properties": { "id": 1366, "left": 1440000.0, "top": 2000000.0, "right": 1440000.0, "bottom": -5200000.0, "grid_x": "X 4", "grid_y": "J 0" }, "geometry": { "type": "LineString", "coordinates": [ [ 1440000.0, 2000000.0 ], [ 1440000.0, -5200000.0 ] ] } },
{ "type": "Feature", "properties": { "id": 1367, "left": 1450000.0, "top": 2000000.0, "right": 1450000.0, "bottom": -5200000.0, "grid_x": "X 5", "grid_y": "J 0" }, "geometry": { "type": "LineString", "coordinates": [ [ 1450000.0, 2000000.0 ], [ 1450000.0, -5200000.0 ] ] } },
{ "type": "Feature", "properties": { "id": 1368, "left": 1460000.0, "top": 2000000.0, "right": 1460000.0, "bottom": -5200000.0, "grid_x": "X 6", "grid_y": "J 0" }, "geometry": { "type": "LineString", "coordinates": [ [ 1460000.0, 2000000.0 ], [ 1460000.0, -5200000.0 ] ] } },
{ "type": "Feature", "properties": { "id": 1369, "left": 1470000.0, "top": 2000000.0, "right": 1470000.0, "bottom": -5200000.0, "grid_x": "X 7", "grid_y": "J 0" }, "geometry": { "type": "LineString", "coordinates": [ [ 1470000.0, 2000000.0 ], [ 1470000.0, -5200000.0 ] ] } },
{ "type": "Feature", "properties": { "id": 1370, "left": 1480000.0, "top": 2000000.0, "right": 1480000.0, "bottom": -5200000.0, "grid_x": "X 8", "grid_y": "J 0" }, "geometry": { "type": "LineString", "coordinates": [ [ 1480000.0, 2000000.0 ], [ 1480000.0, -5200000.0 ] ] } },
{ "type": "Feature", "properties": { "id": 1371, "left": 1490000.0, "top": 2000000.0, "right": 1490000.0, "bottom": -5200000.0, "grid_x": "X 9", "grid_y": "J 0" }, "geometry": { "type": "LineString", "coordinates": [ [ 1490000.0, 2000000.0 ], [ 1490000.0, -5200000.0 ] ] } },
{ "type": "Feature", "properties": { "id": 1372, "left": 1500000.0, "top": 2000000.0, "right": 1500000.0, "bottom": -5200000.0, "grid_x": "Y 0", "grid_y": "J 0" }, "geometry": { "type": "LineString", "coordinates": [ [ 1500000.0, 2000000.0 ], [ 1500000.0, -5200000.0 ] ] } },
{ "type": "Feature", "properties": { "id": 1373, "left": 1510000.0, "top": 2000000.0, "right": 1510000.0, "bottom": -5200000.0, "grid_x": "Y 1", "grid_y": "J 0" }, "geometry": { "type": "LineString", "coordinates": [ [ 1510000.0, 2000000.0 ], [ 1510000.0, -5200000.0 ] ] } },
{ "type": "Feature", "properties": { "id": 1374, "left": 1520000.0, "top": 2000000.0, "right": 1520000.0, "bottom": -5200000.0, "grid_x": "Y 2", "grid_y": "J 0" }, "geometry": { "type": "LineString", "coordinates": [ [ 1520000.0, 2000000.0 ], [ 1520000.0, -5200000.0 ] ] } },
{ "type": "Feature", "properties": { "id": 1375, "left": 1530000.0, "top": 2000000.0, "right": 1530000.0, "bottom": -5200000.0, "grid_x": "Y 3", "grid_y": "J 0" }, "geometry": { "type": "LineString", "coordinates": [ [ 1530000.0, 2000000.0 ], [ 1530000.0, -5200000.0 ] ] } },
{ "type": "Feature", "properties": { "id": 1376, "left": 1540000.0, "top": 2000000.0, "right": 1540000.0, "bottom": -5200000.0, "grid_x": "Y 4", "grid_y": "J 0" }, "geometry": { "type": "LineString", "coordinates": [ [ 1540000.0, 2000000.0 ], [ 1540000.0, -5200000.0 ] ] } },
{ "type": "Feature", "properties": { "id": 1377, "left": 1550000.0, "top": 2000000.0, "right": 1550000.0, "bottom": -5200000.0, "grid_x": "Y 5", "grid_y": "J 0" }, "geometry": { "type": "LineString", "coordinates": [ [ 1550000.0, 2000000.0 ], [ 1550000.0, -5200000.0 ] ] } },
{ "type": "Feature", "properties": { "id": 1378, "left": 1560000.0, "top": 2000000.0, "right": 1560000.0, "bottom": -5200000.0, "grid_x": "Y 6", "grid_y": "J 0" }, "geometry": { "type": "LineString", "coordinates": [ [ 1560000.0, 2000000.0 ], [ 1560000.0, -5200000.0 ] ] } },
{ "type": "Feature", "properties": { "id": 1379, "left": 1570000.0, "top": 2000000.0, "right": 1570000.0, "bottom": -5200000.0, "grid_x": "Y 7", "grid_y": "J 0" }, "geometry": { "type": "LineString", "coordinates": [ [ 1570000.0, 2000000.0 ], [ 1570000.0, -5200000.0 ] ] } },
{ "type": "Feature", "properties": { "id": 1380, "left": 1580000.0, "top": 2000000.0, "right": 1580000.0, "bottom": -5200000.0, "grid_x": "Y 8", "grid_y": "J 0" }, "geometry": { "type": "LineString", "coordinates": [ [ 1580000.0, 2000000.0 ], [ 1580000.0, -5200000.0 ] ] } },
{ "type": "Feature", "properties": { "id": 1381, "left": 1590000.0, "top": 2000000.0, "right": 1590000.0, "bottom": -5200000.0, "grid_x": "Y 9", "grid_y": "J 0" }, "geometry": { "type": "LineString", "coordinates": [ [ 1590000.0, 2000000.0 ], [ 1590000.0, -5200000.0 ] ] } },
{ "type": "Feature", "properties": { "id": 1382, "left": 1600000.0, "top": 2000000.0, "right": 1600000.0, "bottom": -5200000.0, "grid_x": "Z 0", "grid_y": "J 0" }, "geometry": { "type": "LineString", "coordinates": [ [ 1600000.0, 2000000.0 ], [ 1600000.0, -5200000.0 ] ] } },
{ "type": "Feature", "properties": { "id": 1383, "left": 1610000.0, "top": 2000000.0, "right": 1610000.0, "bottom": -5200000.0, "grid_x": "Z 1", "grid_y": "J 0" }, "geometry": { "type": "LineString", "coordinates": [ [ 1610000.0, 2000000.0 ], [ 1610000.0, -5200000.0 ] ] } },
{ "type": "Feature", "properties": { "id": 1384, "left": 1620000.0, "top": 2000000.0, "right": 1620000.0, "bottom": -5200000.0, "grid_x": "Z 2", "grid_y": "J 0" }, "geometry": { "type": "LineString", "coordinates": [ [ 1620000.0, 2000000.0 ], [ 1620000.0, -5200000.0 ] ] } },
{ "type": "Feature", "properties": { "id": 1385, "left": 1630000.0, "top": 2000000.0, "right": 1630000.0, "bottom": -5200000.0, "grid_x": "Z 3", "grid_y": "J 0" }, "geometry": { "type": "LineString", "coordinates": [ [ 1630000.0, 2000000.0 ], [ 1630000.0, -5200000.0 ] ] } },
{ "type": "Feature", "properties": { "id": 1386, "left": 1640000.0, "top": 2000000.0, "right": 1640000.0, "bottom": -5200000.0, "grid_x": "Z 4", "grid_y": "J 0" }, "geometry": { "type": "LineString", "coordinates": [ [ 1640000.0, 2000000.0 ], [ 1640000.0, -5200000.0 ] ] } },
{ "type": "Feature", "properties": { "id": 1387, "left": 1650000.0, "top": 2000000.0, "right": 1650000.0, "bottom": -5200000.0, "grid_x": "Z 5", "grid_y": "J 0" }, "geometry": { "type": "LineString", "coordinates": [ [ 1650000.0, 2000000.0 ], [ 1650000.0, -5200000.0 ] ] } },
{ "type": "Feature", "properties": { "id": 1388, "left": 1660000.0, "top": 2000000.0, "right": 1660000.0, "bottom": -5200000.0, "grid_x": "Z 6", "grid_y": "J 0" }, "geometry": { "type": "LineString", "coordinates": [ [ 1660000.0, 2000000.0 ], [ 1660000.0, -5200000.0 ] ] } },
{ "type": "Feature", "properties": { "id": 1389, "left": 1670000.0, "top": 2000000.0, "right": 1670000.0, "bottom": -5200000.0, "grid_x": "Z 7", "grid_y": "J 0" }, "geometry": { "type": "LineString", "coordinates": [ [ 1670000.0, 2000000.0 ], [ 1670000.0, -5200000.0 ] ] } },
{ "type": "Feature", "properties": { "id": 1390, "left": 1680000.0, "top": 2000000.0, "right": 1680000.0, "bottom": -5200000.0, "grid_x": "Z 8", "grid_y": "J 0" }, "geometry": { "type": "LineString", "coordinates": [ [ 1680000.0, 2000000.0 ], [ 1680000.0, -5200000.0 ] ] } },
{ "type": "Feature", "properties": { "id": 1391, "left": 1690000.0, "top": 2000000.0, "right": 1690000.0, "bottom": -5200000.0, "grid_x": "Z 9", "grid_y": "J 0" }, "geometry": { "type": "LineString", "coordinates": [ [ 1690000.0, 2000000.0 ], [ 1690000.0, -5200000.0 ] ] } },
{ "type": "Feature", "properties": { "id": 1392, "left": 1700000.0, "top": 2000000.0, "right": 1700000.0, "bottom": -5200000.0, "grid_x": "A 0", "grid_y": "J 0" }, "geometry": { "type": "LineString", "coordinates": [ [ 1700000.0, 2000000.0 ], [ 1700000.0, -5200000.0 ] ] } },
{ "type": "Feature", "properties": { "id": 1393, "left": 1710000.0, "top": 2000000.0, "right": 1710000.0, "bottom": -5200000.0, "grid_x": "A 1", "grid_y": "J 0" }, "geometry": { "type": "LineString", "coordinates": [ [ 1710000.0, 2000000.0 ], [ 1710000.0, -5200000.0 ] ] } },
{ "type": "Feature", "properties": { "id": 1394, "left": 1720000.0, "top": 2000000.0, "right": 1720000.0, "bottom": -5200000.0, "grid_x": "A 2", "grid_y": "J 0" }, "geometry": { "type": "LineString", "coordinates": [ [ 1720000.0, 2000000.0 ], [ 1720000.0, -5200000.0 ] ] } },
{ "type": "Feature", "properties": { "id": 1395, "left": 1730000.0, "top": 2000000.0, "right": 1730000.0, "bottom": -5200000.0, "grid_x": "A 3", "grid_y": "J 0" }, "geometry": { "type": "LineString", "coordinates": [ [ 1730000.0, 2000000.0 ], [ 1730000.0, -5200000.0 ] ] } },
{ "type": "Feature", "properties": { "id": 1396, "left": 1740000.0, "top": 2000000.0, "right": 1740000.0, "bottom": -5200000.0, "grid_x": "A 4", "grid_y": "J 0" }, "geometry": { "type": "LineString", "coordinates": [ [ 1740000.0, 2000000.0 ], [ 1740000.0, -5200000.0 ] ] } },
{ "type": "Feature", "properties": { "id": 1397, "left": 1750000.0, "top": 2000000.0, "right": 1750000.0, "bottom": -5200000.0, "grid_x": "A 5", "grid_y": "J 0" }, "geometry": { "type": "LineString", "coordinates": [ [ 1750000.0, 2000000.0 ], [ 1750000.0, -5200000.0 ] ] } },
{ "type": "Feature", "properties": { "id": 1398, "left": 1760000.0, "top": 2000000.0, "right": 1760000.0, "bottom": -5200000.0, "grid_x": "A 6", "grid_y": "J 0" }, "geometry": { "type": "LineString", "coordinates": [ [ 1760000.0, 2000000.0 ], [ 1760000.0, -5200000.0 ] ] } },
{ "type": "Feature", "properties": { "id": 1399, "left": 1770000.0, "top": 2000000.0, "right": 1770000.0, "bottom": -5200000.0, "grid_x": "A 7", "grid_y": "J 0" }, "geometry": { "type": "LineString", "coordinates": [ [ 1770000.0, 2000000.0 ], [ 1770000.0, -5200000.0 ] ] } },
{ "type": "Feature", "properties": { "id": 1400, "left": 1780000.0, "top": 2000000.0, "right": 1780000.0, "bottom": -5200000.0, "grid_x": "A 8", "grid_y": "J 0" }, "geometry": { "type": "LineString", "coordinates": [ [ 1780000.0, 2000000.0 ], [ 1780000.0, -5200000.0 ] ] } },
{ "type": "Feature", "properties": { "id": 1401, "left": 1790000.0, "top": 2000000.0, "right": 1790000.0, "bottom": -5200000.0, "grid_x": "A 9", "grid_y": "J 0" }, "geometry": { "type": "LineString", "coordinates": [ [ 1790000.0, 2000000.0 ], [ 1790000.0, -5200000.0 ] ] } },
{ "type": "Feature", "properties": { "id": 1402, "left": 1800000.0, "top": 2000000.0, "right": 1800000.0, "bottom": -5200000.0, "grid_x": "B 0", "grid_y": "J 0" }, "geometry": { "type": "LineString", "coordinates": [ [ 1800000.0, 2000000.0 ], [ 1800000.0, -5200000.0 ] ] } },
{ "type": "Feature", "properties": { "id": 1403, "left": 1810000.0, "top": 2000000.0, "right": 1810000.0, "bottom": -5200000.0, "grid_x": "B 1", "grid_y": "J 0" }, "geometry": { "type": "LineString", "coordinates": [ [ 1810000.0, 2000000.0 ], [ 1810000.0, -5200000.0 ] ] } },
{ "type": "Feature", "properties": { "id": 1404, "left": 1820000.0, "top": 2000000.0, "right": 1820000.0, "bottom": -5200000.0, "grid_x": "B 2", "grid_y": "J 0" }, "geometry": { "type": "LineString", "coordinates": [ [ 1820000.0, 2000000.0 ], [ 1820000.0, -5200000.0 ] ] } },
{ "type": "Feature", "properties": { "id": 1405, "left": 1830000.0, "top": 2000000.0, "right": 1830000.0, "bottom": -5200000.0, "grid_x": "B 3", "grid_y": "J 0" }, "geometry": { "type": "LineString", "coordinates": [ [ 1830000.0, 2000000.0 ], [ 1830000.0, -5200000.0 ] ] } },
{ "type": "Feature", "properties": { "id": 1406, "left": 1840000.0, "top": 2000000.0, "right": 1840000.0, "bottom": -5200000.0, "grid_x": "B 4", "grid_y": "J 0" }, "geometry": { "type": "LineString", "coordinates": [ [ 1840000.0, 2000000.0 ], [ 1840000.0, -5200000.0 ] ] } },
{ "type": "Feature", "properties": { "id": 1407, "left": 1850000.0, "top": 2000000.0, "right": 1850000.0, "bottom": -5200000.0, "grid_x": "B 5", "grid_y": "J 0" }, "geometry": { "type": "LineString", "coordinates": [ [ 1850000.0, 2000000.0 ], [ 1850000.0, -5200000.0 ] ] } },
{ "type": "Feature", "properties": { "id": 1408, "left": 1860000.0, "top": 2000000.0, "right": 1860000.0, "bottom": -5200000.0, "grid_x": "B 6", "grid_y": "J 0" }, "geometry": { "type": "LineString", "coordinates": [ [ 1860000.0, 2000000.0 ], [ 1860000.0, -5200000.0 ] ] } },
{ "type": "Feature", "properties": { "id": 1409, "left": 1870000.0, "top": 2000000.0, "right": 1870000.0, "bottom": -5200000.0, "grid_x": "B 7", "grid_y": "J 0" }, "geometry": { "type": "LineString", "coordinates": [ [ 1870000.0, 2000000.0 ], [ 1870000.0, -5200000.0 ] ] } },
{ "type": "Feature", "properties": { "id": 1410, "left": 1880000.0, "top": 2000000.0, "right": 1880000.0, "bottom": -5200000.0, "grid_x": "B 8", "grid_y": "J 0" }, "geometry": { "type": "LineString", "coordinates": [ [ 1880000.0, 2000000.0 ], [ 1880000.0, -5200000.0 ] ] } },
{ "type": "Feature", "properties": { "id": 1411, "left": 1890000.0, "top": 2000000.0, "right": 1890000.0, "bottom": -5200000.0, "grid_x": "B 9", "grid_y": "J 0" }, "geometry": { "type": "LineString", "coordinates": [ [ 1890000.0, 2000000.0 ], [ 1890000.0, -5200000.0 ] ] } },
{ "type": "Feature", "properties": { "id": 1412, "left": 1900000.0, "top": 2000000.0, "right": 1900000.0, "bottom": -5200000.0, "grid_x": "C 0", "grid_y": "J 0" }, "geometry": { "type": "LineString", "coordinates": [ [ 1900000.0, 2000000.0 ], [ 1900000.0, -5200000.0 ] ] } },
{ "type": "Feature", "properties": { "id": 1413, "left": 1910000.0, "top": 2000000.0, "right": 1910000.0, "bottom": -5200000.0, "grid_x": "C 1", "grid_y": "J 0" }, "geometry": { "type": "LineString", "coordinates": [ [ 1910000.0, 2000000.0 ], [ 1910000.0, -5200000.0 ] ] } },
{ "type": "Feature", "properties": { "id": 1414, "left": 1920000.0, "top": 2000000.0, "right": 1920000.0, "bottom": -5200000.0, "grid_x": "C 2", "grid_y": "J 0" }, "geometry": { "type": "LineString", "coordinates": [ [ 1920000.0, 2000000.0 ], [ 1920000.0, -5200000.0 ] ] } },
{ "type": "Feature", "properties": { "id": 1415, "left": 1930000.0, "top": 2000000.0, "right": 1930000.0, "bottom": -5200000.0, "grid_x": "C 3", "grid_y": "J 0" }, "geometry": { "type": "LineString", "coordinates": [ [ 1930000.0, 2000000.0 ], [ 1930000.0, -5200000.0 ] ] } },
{ "type": "Feature", "properties": { "id": 1416, "left": 1940000.0, "top": 2000000.0, "right": 1940000.0, "bottom": -5200000.0, "grid_x": "C 4", "grid_y": "J 0" }, "geometry": { "type": "LineString", "coordinates": [ [ 1940000.0, 2000000.0 ], [ 1940000.0, -5200000.0 ] ] } },
{ "type": "Feature", "properties": { "id": 1417, "left": 1950000.0, "top": 2000000.0, "right": 1950000.0, "bottom": -5200000.0, "grid_x": "C 5", "grid_y": "J 0" }, "geometry": { "type": "LineString", "coordinates": [ [ 1950000.0, 2000000.0 ], [ 1950000.0, -5200000.0 ] ] } },
{ "type": "Feature", "properties": { "id": 1418, "left": 1960000.0, "top": 2000000.0, "right": 1960000.0, "bottom": -5200000.0, "grid_x": "C 6", "grid_y": "J 0" }, "geometry": { "type": "LineString", "coordinates": [ [ 1960000.0, 2000000.0 ], [ 1960000.0, -5200000.0 ] ] } },
{ "type": "Feature", "properties": { "id": 1419, "left": 1970000.0, "top": 2000000.0, "right": 1970000.0, "bottom": -5200000.0, "grid_x": "C 7", "grid_y": "J 0" }, "geometry": { "type": "LineString", "coordinates": [ [ 1970000.0, 2000000.0 ], [ 1970000.0, -5200000.0 ] ] } },
{ "type": "Feature", "properties": { "id": 1420, "left": 1980000.0, "top": 2000000.0, "right": 1980000.0, "bottom": -5200000.0, "grid_x": "C 8", "grid_y": "J 0" }, "geometry": { "type": "LineString", "coordinates": [ [ 1980000.0, 2000000.0 ], [ 1980000.0, -5200000.0 ] ] } },
{ "type": "Feature", "properties": { "id": 1421, "left": 1990000.0, "top": 2000000.0, "right": 1990000.0, "bottom": -5200000.0, "grid_x": "C 9", "grid_y": "J 0" }, "geometry": { "type": "LineString", "coordinates": [ [ 1990000.0, 2000000.0 ], [ 1990000.0, -5200000.0 ] ] } },
{ "type": "Feature", "properties": { "id": 1422, "left": 2000000.0, "top": 2000000.0, "right": 2000000.0, "bottom": -5200000.0, "grid_x": "D 0", "grid_y": "J 0" }, "geometry": { "type": "LineString", "coordinates": [ [ 2000000.0, 2000000.0 ], [ 2000000.0, -5200000.0 ] ] } },
{ "type": "Feature", "properties": { "id": 1423, "left": 2010000.0, "top": 2000000.0, "right": 2010000.0, "bottom": -5200000.0, "grid_x": "D 1", "grid_y": "J 0" }, "geometry": { "type": "LineString", "coordinates": [ [ 2010000.0, 2000000.0 ], [ 2010000.0, -5200000.0 ] ] } },
{ "type": "Feature", "properties": { "id": 1424, "left": 2020000.0, "top": 2000000.0, "right": 2020000.0, "bottom": -5200000.0, "grid_x": "D 2", "grid_y": "J 0" }, "geometry": { "type": "LineString", "coordinates": [ [ 2020000.0, 2000000.0 ], [ 2020000.0, -5200000.0 ] ] } },
{ "type": "Feature", "properties": { "id": 1425, "left": 2030000.0, "top": 2000000.0, "right": 2030000.0, "bottom": -5200000.0, "grid_x": "D 3", "grid_y": "J 0" }, "geometry": { "type": "LineString", "coordinates": [ [ 2030000.0, 2000000.0 ], [ 2030000.0, -5200000.0 ] ] } },
{ "type": "Feature", "properties": { "id": 1426, "left": 2040000.0, "top": 2000000.0, "right": 2040000.0, "bottom": -5200000.0, "grid_x": "D 4", "grid_y": "J 0" }, "geometry": { "type": "LineString", "coordinates": [ [ 2040000.0, 2000000.0 ], [ 2040000.0, -5200000.0 ] ] } },
{ "type": "Feature", "properties": { "id": 1427, "left": 2050000.0, "top": 2000000.0, "right": 2050000.0, "bottom": -5200000.0, "grid_x": "D 5", "grid_y": "J 0" }, "geometry": { "type": "LineString", "coordinates": [ [ 2050000.0, 2000000.0 ], [ 2050000.0, -5200000.0 ] ] } },
{ "type": "Feature", "properties": { "id": 1428, "left": 2060000.0, "top": 2000000.0, "right": 2060000.0, "bottom": -5200000.0, "grid_x": "D 6", "grid_y": "J 0" }, "geometry": { "type": "LineString", "coordinates": [ [ 2060000.0, 2000000.0 ], [ 2060000.0, -5200000.0 ] ] } },
{ "type": "Feature", "properties": { "id": 1429, "left": 2070000.0, "top": 2000000.0, "right": 2070000.0, "bottom": -5200000.0, "grid_x": "D 7", "grid_y": "J 0" }, "geometry": { "type": "LineString", "coordinates": [ [ 2070000.0, 2000000.0 ], [ 2070000.0, -5200000.0 ] ] } },
{ "type": "Feature", "properties": { "id": 1430, "left": 2080000.0, "top": 2000000.0, "right": 2080000.0, "bottom": -5200000.0, "grid_x": "D 8", "grid_y": "J 0" }, "geometry": { "type": "LineString", "coordinates": [ [ 2080000.0, 2000000.0 ], [ 2080000.0, -5200000.0 ] ] } },
{ "type": "Feature", "properties": { "id": 1431, "left": 2090000.0, "top": 2000000.0, "right": 2090000.0, "bottom": -5200000.0, "grid_x": "D 9", "grid_y": "J 0" }, "geometry": { "type": "LineString", "coordinates": [ [ 2090000.0, 2000000.0 ], [ 2090000.0, -5200000.0 ] ] } },
{ "type": "Feature", "properties": { "id": 1432, "left": 2100000.0, "top": 2000000.0, "right": 2100000.0, "bottom": -5200000.0, "grid_x": "E 0", "grid_y": "J 0" }, "geometry": { "type": "LineString", "coordinates": [ [ 2100000.0, 2000000.0 ], [ 2100000.0, -5200000.0 ] ] } },
{ "type": "Feature", "properties": { "id": 1433, "left": 2110000.0, "top": 2000000.0, "right": 2110000.0, "bottom": -5200000.0, "grid_x": "E 1", "grid_y": "J 0" }, "geometry": { "type": "LineString", "coordinates": [ [ 2110000.0, 2000000.0 ], [ 2110000.0, -5200000.0 ] ] } },
{ "type": "Feature", "properties": { "id": 1434, "left": 2120000.0, "top": 2000000.0, "right": 2120000.0, "bottom": -5200000.0, "grid_x": "E 2", "grid_y": "J 0" }, "geometry": { "type": "LineString", "coordinates": [ [ 2120000.0, 2000000.0 ], [ 2120000.0, -5200000.0 ] ] } },
{ "type": "Feature", "properties": { "id": 1435, "left": 2130000.0, "top": 2000000.0, "right": 2130000.0, "bottom": -5200000.0, "grid_x": "E 3", "grid_y": "J 0" }, "geometry": { "type": "LineString", "coordinates": [ [ 2130000.0, 2000000.0 ], [ 2130000.0, -5200000.0 ] ] } },
{ "type": "Feature", "properties": { "id": 1436, "left": 2140000.0, "top": 2000000.0, "right": 2140000.0, "bottom": -5200000.0, "grid_x": "E 4", "grid_y": "J 0" }, "geometry": { "type": "LineString", "coordinates": [ [ 2140000.0, 2000000.0 ], [ 2140000.0, -5200000.0 ] ] } },
{ "type": "Feature", "properties": { "id": 1437, "left": 2150000.0, "top": 2000000.0, "right": 2150000.0, "bottom": -5200000.0, "grid_x": "E 5", "grid_y": "J 0" }, "geometry": { "type": "LineString", "coordinates": [ [ 2150000.0, 2000000.0 ], [ 2150000.0, -5200000.0 ] ] } },
{ "type": "Feature", "properties": { "id": 1438, "left": 2160000.0, "top": 2000000.0, "right": 2160000.0, "bottom": -5200000.0, "grid_x": "E 6", "grid_y": "J 0" }, "geometry": { "type": "LineString", "coordinates": [ [ 2160000.0, 2000000.0 ], [ 2160000.0, -5200000.0 ] ] } },
{ "type": "Feature", "properties": { "id": 1439, "left": 2170000.0, "top": 2000000.0, "right": 2170000.0, "bottom": -5200000.0, "grid_x": "E 7", "grid_y": "J 0" }, "geometry": { "type": "LineString", "coordinates": [ [ 2170000.0, 2000000.0 ], [ 2170000.0, -5200000.0 ] ] } },
{ "type": "Feature", "properties": { "id": 1440, "left": 2180000.0, "top": 2000000.0, "right": 2180000.0, "bottom": -5200000.0, "grid_x": "E 8", "grid_y": "J 0" }, "geometry": { "type": "LineString", "coordinates": [ [ 2180000.0, 2000000.0 ], [ 2180000.0, -5200000.0 ] ] } },
{ "type": "Feature", "properties": { "id": 1441, "left": 2190000.0, "top": 2000000.0, "right": 2190000.0, "bottom": -5200000.0, "grid_x": "E 9", "grid_y": "J 0" }, "geometry": { "type": "LineString", "coordinates": [ [ 2190000.0, 2000000.0 ], [ 2190000.0, -5200000.0 ] ] } },
{ "type": "Feature", "properties": { "id": 1442, "left": 2200000.0, "top": 2000000.0, "right": 2200000.0, "bottom": -5200000.0, "grid_x": "F 0", "grid_y": "J 0" }, "geometry": { "type": "LineString", "coordinates": [ [ 2200000.0, 2000000.0 ], [ 2200000.0, -5200000.0 ] ] } },
{ "type": "Feature", "properties": { "id": 1443, "left": 2210000.0, "top": 2000000.0, "right": 2210000.0, "bottom": -5200000.0, "grid_x": "F 1", "grid_y": "J 0" }, "geometry": { "type": "LineString", "coordinates": [ [ 2210000.0, 2000000.0 ], [ 2210000.0, -5200000.0 ] ] } },
{ "type": "Feature", "properties": { "id": 1444, "left": 2220000.0, "top": 2000000.0, "right": 2220000.0, "bottom": -5200000.0, "grid_x": "F 2", "grid_y": "J 0" }, "geometry": { "type": "LineString", "coordinates": [ [ 2220000.0, 2000000.0 ], [ 2220000.0, -5200000.0 ] ] } },
{ "type": "Feature", "properties": { "id": 1445, "left": 2230000.0, "top": 2000000.0, "right": 2230000.0, "bottom": -5200000.0, "grid_x": "F 3", "grid_y": "J 0" }, "geometry": { "type": "LineString", "coordinates": [ [ 2230000.0, 2000000.0 ], [ 2230000.0, -5200000.0 ] ] } },
{ "type": "Feature", "properties": { "id": 1446, "left": 2240000.0, "top": 2000000.0, "right": 2240000.0, "bottom": -5200000.0, "grid_x": "F 4", "grid_y": "J 0" }, "geometry": { "type": "LineString", "coordinates": [ [ 2240000.0, 2000000.0 ], [ 2240000.0, -5200000.0 ] ] } },
{ "type": "Feature", "properties": { "id": 1447, "left": 2250000.0, "top": 2000000.0, "right": 2250000.0, "bottom": -5200000.0, "grid_x": "F 5", "grid_y": "J 0" }, "geometry": { "type": "LineString", "coordinates": [ [ 2250000.0, 2000000.0 ], [ 2250000.0, -5200000.0 ] ] } },
{ "type": "Feature", "properties": { "id": 1448, "left": 2260000.0, "top": 2000000.0, "right": 2260000.0, "bottom": -5200000.0, "grid_x": "F 6", "grid_y": "J 0" }, "geometry": { "type": "LineString", "coordinates": [ [ 2260000.0, 2000000.0 ], [ 2260000.0, -5200000.0 ] ] } },
{ "type": "Feature", "properties": { "id": 1449, "left": 2270000.0, "top": 2000000.0, "right": 2270000.0, "bottom": -5200000.0, "grid_x": "F 7", "grid_y": "J 0" }, "geometry": { "type": "LineString", "coordinates": [ [ 2270000.0, 2000000.0 ], [ 2270000.0, -5200000.0 ] ] } },
{ "type": "Feature", "properties": { "id": 1450, "left": 2280000.0, "top": 2000000.0, "right": 2280000.0, "bottom": -5200000.0, "grid_x": "F 8", "grid_y": "J 0" }, "geometry": { "type": "LineString", "coordinates": [ [ 2280000.0, 2000000.0 ], [ 2280000.0, -5200000.0 ] ] } },
{ "type": "Feature", "properties": { "id": 1451, "left": 2290000.0, "top": 2000000.0, "right": 2290000.0, "bottom": -5200000.0, "grid_x": "F 9", "grid_y": "J 0" }, "geometry": { "type": "LineString", "coordinates": [ [ 2290000.0, 2000000.0 ], [ 2290000.0, -5200000.0 ] ] } },
{ "type": "Feature", "properties": { "id": 1452, "left": 2300000.0, "top": 2000000.0, "right": 2300000.0, "bottom": -5200000.0, "grid_x": "G 0", "grid_y": "J 0" }, "geometry": { "type": "LineString", "coordinates": [ [ 2300000.0, 2000000.0 ], [ 2300000.0, -5200000.0 ] ] } },
{ "type": "Feature", "properties": { "id": 1453, "left": 2310000.0, "top": 2000000.0, "right": 2310000.0, "bottom": -5200000.0, "grid_x": "G 1", "grid_y": "J 0" }, "geometry": { "type": "LineString", "coordinates": [ [ 2310000.0, 2000000.0 ], [ 2310000.0, -5200000.0 ] ] } },
{ "type": "Feature", "properties": { "id": 1454, "left": 2320000.0, "top": 2000000.0, "right": 2320000.0, "bottom": -5200000.0, "grid_x": "G 2", "grid_y": "J 0" }, "geometry": { "type": "LineString", "coordinates": [ [ 2320000.0, 2000000.0 ], [ 2320000.0, -5200000.0 ] ] } },
{ "type": "Feature", "properties": { "id": 1455, "left": 2330000.0, "top": 2000000.0, "right": 2330000.0, "bottom": -5200000.0, "grid_x": "G 3", "grid_y": "J 0" }, "geometry": { "type": "LineString", "coordinates": [ [ 2330000.0, 2000000.0 ], [ 2330000.0, -5200000.0 ] ] } },
{ "type": "Feature", "properties": { "id": 1456, "left": 2340000.0, "top": 2000000.0, "right": 2340000.0, "bottom": -5200000.0, "grid_x": "G 4", "grid_y": "J 0" }, "geometry": { "type": "LineString", "coordinates": [ [ 2340000.0, 2000000.0 ], [ 2340000.0, -5200000.0 ] ] } },
{ "type": "Feature", "properties": { "id": 1457, "left": 2350000.0, "top": 2000000.0, "right": 2350000.0, "bottom": -5200000.0, "grid_x": "G 5", "grid_y": "J 0" }, "geometry": { "type": "LineString", "coordinates": [ [ 2350000.0, 2000000.0 ], [ 2350000.0, -5200000.0 ] ] } },
{ "type": "Feature", "properties": { "id": 1458, "left": 2360000.0, "top": 2000000.0, "right": 2360000.0, "bottom": -5200000.0, "grid_x": "G 6", "grid_y": "J 0" }, "geometry": { "type": "LineString", "coordinates": [ [ 2360000.0, 2000000.0 ], [ 2360000.0, -5200000.0 ] ] } },
{ "type": "Feature", "properties": { "id": 1459, "left": 2370000.0, "top": 2000000.0, "right": 2370000.0, "bottom": -5200000.0, "grid_x": "G 7", "grid_y": "J 0" }, "geometry": { "type": "LineString", "coordinates": [ [ 2370000.0, 2000000.0 ], [ 2370000.0, -5200000.0 ] ] } },
{ "type": "Feature", "properties": { "id": 1460, "left": 2380000.0, "top": 2000000.0, "right": 2380000.0, "bottom": -5200000.0, "grid_x": "G 8", "grid_y": "J 0" }, "geometry": { "type": "LineString", "coordinates": [ [ 2380000.0, 2000000.0 ], [ 2380000.0, -5200000.0 ] ] } },
{ "type": "Feature", "properties": { "id": 1461, "left": 2390000.0, "top": 2000000.0, "right": 2390000.0, "bottom": -5200000.0, "grid_x": "G 9", "grid_y": "J 0" }, "geometry": { "type": "LineString", "coordinates": [ [ 2390000.0, 2000000.0 ], [ 2390000.0, -5200000.0 ] ] } },
{ "type": "Feature", "properties": { "id": 1462, "left": 2400000.0, "top": 2000000.0, "right": 2400000.0, "bottom": -5200000.0, "grid_x": "H 0", "grid_y": "J 0" }, "geometry": { "type": "LineString", "coordinates": [ [ 2400000.0, 2000000.0 ], [ 2400000.0, -5200000.0 ] ] } },
{ "type": "Feature", "properties": { "id": 1463, "left": 2410000.0, "top": 2000000.0, "right": 2410000.0, "bottom": -5200000.0, "grid_x": "H 1", "grid_y": "J 0" }, "geometry": { "type": "LineString", "coordinates": [ [ 2410000.0, 2000000.0 ], [ 2410000.0, -5200000.0 ] ] } },
{ "type": "Feature", "properties": { "id": 1464, "left": 2420000.0, "top": 2000000.0, "right": 2420000.0, "bottom": -5200000.0, "grid_x": "H 2", "grid_y": "J 0" }, "geometry": { "type": "LineString", "coordinates": [ [ 2420000.0, 2000000.0 ], [ 2420000.0, -5200000.0 ] ] } },
{ "type": "Feature", "properties": { "id": 1465, "left": 2430000.0, "top": 2000000.0, "right": 2430000.0, "bottom": -5200000.0, "grid_x": "H 3", "grid_y": "J 0" }, "geometry": { "type": "LineString", "coordinates": [ [ 2430000.0, 2000000.0 ], [ 2430000.0, -5200000.0 ] ] } },
{ "type": "Feature", "properties": { "id": 1466, "left": 2440000.0, "top": 2000000.0, "right": 2440000.0, "bottom": -5200000.0, "grid_x": "H 4", "grid_y": "J 0" }, "geometry": { "type": "LineString", "coordinates": [ [ 2440000.0, 2000000.0 ], [ 2440000.0, -5200000.0 ] ] } },
{ "type": "Feature", "properties": { "id": 1467, "left": 2450000.0, "top": 2000000.0, "right": 2450000.0, "bottom": -5200000.0, "grid_x": "H 5", "grid_y": "J 0" }, "geometry": { "type": "LineString", "coordinates": [ [ 2450000.0, 2000000.0 ], [ 2450000.0, -5200000.0 ] ] } },
{ "type": "Feature", "properties": { "id": 1468, "left": 2460000.0, "top": 2000000.0, "right": 2460000.0, "bottom": -5200000.0, "grid_x": "H 6", "grid_y": "J 0" }, "geometry": { "type": "LineString", "coordinates": [ [ 2460000.0, 2000000.0 ], [ 2460000.0, -5200000.0 ] ] } },
{ "type": "Feature", "properties": { "id": 1469, "left": 2470000.0, "top": 2000000.0, "right": 2470000.0, "bottom": -5200000.0, "grid_x": "H 7", "grid_y": "J 0" }, "geometry": { "type": "LineString", "coordinates": [ [ 2470000.0, 2000000.0 ], [ 2470000.0, -5200000.0 ] ] } },
{ "type": "Feature", "properties": { "id": 1470, "left": 2480000.0, "top": 2000000.0, "right": 2480000.0, "bottom": -5200000.0, "grid_x": "H 8", "grid_y": "J 0" }, "geometry": { "type": "LineString", "coordinates": [ [ 2480000.0, 2000000.0 ], [ 2480000.0, -5200000.0 ] ] } },
{ "type": "Feature", "properties": { "id": 1471, "left": 2490000.0, "top": 2000000.0, "right": 2490000.0, "bottom": -5200000.0, "grid_x": "H 9", "grid_y": "J 0" }, "geometry": { "type": "LineString", "coordinates": [ [ 2490000.0, 2000000.0 ], [ 2490000.0, -5200000.0 ] ] } },
{ "type": "Feature", "properties": { "id": 1472, "left": 2500000.0, "top": 2000000.0, "right": 2500000.0, "bottom": -5200000.0, "grid_x": "J 0", "grid_y": "J 0" }, "geometry": { "type": "LineString", "coordinates": [ [ 2500000.0, 2000000.0 ], [ 2500000.0, -5200000.0 ] ] } },
{ "type": "Feature", "properties": { "id": 1473, "left": 2510000.0, "top": 2000000.0, "right": 2510000.0, "bottom": -5200000.0, "grid_x": "J 1", "grid_y": "J 0" }, "geometry": { "type": "LineString", "coordinates": [ [ 2510000.0, 2000000.0 ], [ 2510000.0, -5200000.0 ] ] } },
{ "type": "Feature", "properties": { "id": 1474, "left": 2520000.0, "top": 2000000.0, "right": 2520000.0, "bottom": -5200000.0, "grid_x": "J 2", "grid_y": "J 0" }, "geometry": { "type": "LineString", "coordinates": [ [ 2520000.0, 2000000.0 ], [ 2520000.0, -5200000.0 ] ] } },
{ "type": "Feature", "properties": { "id": 1475, "left": 2530000.0, "top": 2000000.0, "right": 2530000.0, "bottom": -5200000.0, "grid_x": "J 3", "grid_y": "J 0" }, "geometry": { "type": "LineString", "coordinates": [ [ 2530000.0, 2000000.0 ], [ 2530000.0, -5200000.0 ] ] } },
{ "type": "Feature", "properties": { "id": 1476, "left": 2540000.0, "top": 2000000.0, "right": 2540000.0, "bottom": -5200000.0, "grid_x": "J 4", "grid_y": "J 0" }, "geometry": { "type": "LineString", "coordinates": [ [ 2540000.0, 2000000.0 ], [ 2540000.0, -5200000.0 ] ] } },
{ "type": "Feature", "properties": { "id": 1477, "left": 2550000.0, "top": 2000000.0, "right": 2550000.0, "bottom": -5200000.0, "grid_x": "J 5", "grid_y": "J 0" }, "geometry": { "type": "LineString", "coordinates": [ [ 2550000.0, 2000000.0 ], [ 2550000.0, -5200000.0 ] ] } },
{ "type": "Feature", "properties": { "id": 1478, "left": 2560000.0, "top": 2000000.0, "right": 2560000.0, "bottom": -5200000.0, "grid_x": "J 6", "grid_y": "J 0" }, "geometry": { "type": "LineString", "coordinates": [ [ 2560000.0, 2000000.0 ], [ 2560000.0, -5200000.0 ] ] } },
{ "type": "Feature", "properties": { "id": 1479, "left": 2570000.0, "top": 2000000.0, "right": 2570000.0, "bottom": -5200000.0, "grid_x": "J 7", "grid_y": "J 0" }, "geometry": { "type": "LineString", "coordinates": [ [ 2570000.0, 2000000.0 ], [ 2570000.0, -5200000.0 ] ] } },
{ "type": "Feature", "properties": { "id": 1480, "left": 2580000.0, "top": 2000000.0, "right": 2580000.0, "bottom": -5200000.0, "grid_x": "J 8", "grid_y": "J 0" }, "geometry": { "type": "LineString", "coordinates": [ [ 2580000.0, 2000000.0 ], [ 2580000.0, -5200000.0 ] ] } },
{ "type": "Feature", "properties": { "id": 1481, "left": 2590000.0, "top": 2000000.0, "right": 2590000.0, "bottom": -5200000.0, "grid_x": "J 9", "grid_y": "J 0" }, "geometry": { "type": "LineString", "coordinates": [ [ 2590000.0, 2000000.0 ], [ 2590000.0, -5200000.0 ] ] } },
{ "type": "Feature", "properties": { "id": 1482, "left": 2600000.0, "top": 2000000.0, "right": 2600000.0, "bottom": -5200000.0, "grid_x": "K 0", "grid_y": "J 0" }, "geometry": { "type": "LineString", "coordinates": [ [ 2600000.0, 2000000.0 ], [ 2600000.0, -5200000.0 ] ] } },
{ "type": "Feature", "properties": { "id": 1483, "left": 2610000.0, "top": 2000000.0, "right": 2610000.0, "bottom": -5200000.0, "grid_x": "K 1", "grid_y": "J 0" }, "geometry": { "type": "LineString", "coordinates": [ [ 2610000.0, 2000000.0 ], [ 2610000.0, -5200000.0 ] ] } },
{ "type": "Feature", "properties": { "id": 1484, "left": 2620000.0, "top": 2000000.0, "right": 2620000.0, "bottom": -5200000.0, "grid_x": "K 2", "grid_y": "J 0" }, "geometry": { "type": "LineString", "coordinates": [ [ 2620000.0, 2000000.0 ], [ 2620000.0, -5200000.0 ] ] } },
{ "type": "Feature", "properties": { "id": 1485, "left": 2630000.0, "top": 2000000.0, "right": 2630000.0, "bottom": -5200000.0, "grid_x": "K 3", "grid_y": "J 0" }, "geometry": { "type": "LineString", "coordinates": [ [ 2630000.0, 2000000.0 ], [ 2630000.0, -5200000.0 ] ] } },
{ "type": "Feature", "properties": { "id": 1486, "left": 2640000.0, "top": 2000000.0, "right": 2640000.0, "bottom": -5200000.0, "grid_x": "K 4", "grid_y": "J 0" }, "geometry": { "type": "LineString", "coordinates": [ [ 2640000.0, 2000000.0 ], [ 2640000.0, -5200000.0 ] ] } },
{ "type": "Feature", "properties": { "id": 1487, "left": 2650000.0, "top": 2000000.0, "right": 2650000.0, "bottom": -5200000.0, "grid_x": "K 5", "grid_y": "J 0" }, "geometry": { "type": "LineString", "coordinates": [ [ 2650000.0, 2000000.0 ], [ 2650000.0, -5200000.0 ] ] } },
{ "type": "Feature", "properties": { "id": 1488, "left": 2660000.0, "top": 2000000.0, "right": 2660000.0, "bottom": -5200000.0, "grid_x": "K 6", "grid_y": "J 0" }, "geometry": { "type": "LineString", "coordinates": [ [ 2660000.0, 2000000.0 ], [ 2660000.0, -5200000.0 ] ] } },
{ "type": "Feature", "properties": { "id": 1489, "left": 2670000.0, "top": 2000000.0, "right": 2670000.0, "bottom": -5200000.0, "grid_x": "K 7", "grid_y": "J 0" }, "geometry": { "type": "LineString", "coordinates": [ [ 2670000.0, 2000000.0 ], [ 2670000.0, -5200000.0 ] ] } },
{ "type": "Feature", "properties": { "id": 1490, "left": 2680000.0, "top": 2000000.0, "right": 2680000.0, "bottom": -5200000.0, "grid_x": "K 8", "grid_y": "J 0" }, "geometry": { "type": "LineString", "coordinates": [ [ 2680000.0, 2000000.0 ], [ 2680000.0, -5200000.0 ] ] } },
{ "type": "Feature", "properties": { "id": 1491, "left": 2690000.0, "top": 2000000.0, "right": 2690000.0, "bottom": -5200000.0, "grid_x": "K 9", "grid_y": "J 0" }, "geometry": { "type": "LineString", "coordinates": [ [ 2690000.0, 2000000.0 ], [ 2690000.0, -5200000.0 ] ] } },
{ "type": "Feature", "properties": { "id": 1492, "left": 2700000.0, "top": 2000000.0, "right": 2700000.0, "bottom": -5200000.0, "grid_x": "L 0", "grid_y": "J 0" }, "geometry": { "type": "LineString", "coordinates": [ [ 2700000.0, 2000000.0 ], [ 2700000.0, -5200000.0 ] ] } },
{ "type": "Feature", "properties": { "id": 1493, "left": 2710000.0, "top": 2000000.0, "right": 2710000.0, "bottom": -5200000.0, "grid_x": "L 1", "grid_y": "J 0" }, "geometry": { "type": "LineString", "coordinates": [ [ 2710000.0, 2000000.0 ], [ 2710000.0, -5200000.0 ] ] } },
{ "type": "Feature", "properties": { "id": 1494, "left": 2720000.0, "top": 2000000.0, "right": 2720000.0, "bottom": -5200000.0, "grid_x": "L 2", "grid_y": "J 0" }, "geometry": { "type": "LineString", "coordinates": [ [ 2720000.0, 2000000.0 ], [ 2720000.0, -5200000.0 ] ] } },
{ "type": "Feature", "properties": { "id": 1495, "left": 2730000.0, "top": 2000000.0, "right": 2730000.0, "bottom": -5200000.0, "grid_x": "L 3", "grid_y": "J 0" }, "geometry": { "type": "LineString", "coordinates": [ [ 2730000.0, 2000000.0 ], [ 2730000.0, -5200000.0 ] ] } },
{ "type": "Feature", "properties": { "id": 1496, "left": 2740000.0, "top": 2000000.0, "right": 2740000.0, "bottom": -5200000.0, "grid_x": "L 4", "grid_y": "J 0" }, "geometry": { "type": "LineString", "coordinates": [ [ 2740000.0, 2000000.0 ], [ 2740000.0, -5200000.0 ] ] } },
{ "type": "Feature", "properties": { "id": 1497, "left": 2750000.0, "top": 2000000.0, "right": 2750000.0, "bottom": -5200000.0, "grid_x": "L 5", "grid_y": "J 0" }, "geometry": { "type": "LineString", "coordinates": [ [ 2750000.0, 2000000.0 ], [ 2750000.0, -5200000.0 ] ] } },
{ "type": "Feature", "properties": { "id": 1498, "left": 2760000.0, "top": 2000000.0, "right": 2760000.0, "bottom": -5200000.0, "grid_x": "L 6", "grid_y": "J 0" }, "geometry": { "type": "LineString", "coordinates": [ [ 2760000.0, 2000000.0 ], [ 2760000.0, -5200000.0 ] ] } },
{ "type": "Feature", "properties": { "id": 1499, "left": 2770000.0, "top": 2000000.0, "right": 2770000.0, "bottom": -5200000.0, "grid_x": "L 7", "grid_y": "J 0" }, "geometry": { "type": "LineString", "coordinates": [ [ 2770000.0, 2000000.0 ], [ 2770000.0, -5200000.0 ] ] } },
{ "type": "Feature", "properties": { "id": 1500, "left": 2780000.0, "top": 2000000.0, "right": 2780000.0, "bottom": -5200000.0, "grid_x": "L 8", "grid_y": "J 0" }, "geometry": { "type": "LineString", "coordinates": [ [ 2780000.0, 2000000.0 ], [ 2780000.0, -5200000.0 ] ] } },
{ "type": "Feature", "properties": { "id": 1501, "left": 2790000.0, "top": 2000000.0, "right": 2790000.0, "bottom": -5200000.0, "grid_x": "L 9", "grid_y": "J 0" }, "geometry": { "type": "LineString", "coordinates": [ [ 2790000.0, 2000000.0 ], [ 2790000.0, -5200000.0 ] ] } },
{ "type": "Feature", "properties": { "id": 1502, "left": 2800000.0, "top": 2000000.0, "right": 2800000.0, "bottom": -5200000.0, "grid_x": "M 0", "grid_y": "J 0" }, "geometry": { "type": "LineString", "coordinates": [ [ 2800000.0, 2000000.0 ], [ 2800000.0, -5200000.0 ] ] } },
{ "type": "Feature", "properties": { "id": 1503, "left": 2810000.0, "top": 2000000.0, "right": 2810000.0, "bottom": -5200000.0, "grid_x": "M 1", "grid_y": "J 0" }, "geometry": { "type": "LineString", "coordinates": [ [ 2810000.0, 2000000.0 ], [ 2810000.0, -5200000.0 ] ] } },
{ "type": "Feature", "properties": { "id": 1504, "left": 2820000.0, "top": 2000000.0, "right": 2820000.0, "bottom": -5200000.0, "grid_x": "M 2", "grid_y": "J 0" }, "geometry": { "type": "LineString", "coordinates": [ [ 2820000.0, 2000000.0 ], [ 2820000.0, -5200000.0 ] ] } },
{ "type": "Feature", "properties": { "id": 1505, "left": 2830000.0, "top": 2000000.0, "right": 2830000.0, "bottom": -5200000.0, "grid_x": "M 3", "grid_y": "J 0" }, "geometry": { "type": "LineString", "coordinates": [ [ 2830000.0, 2000000.0 ], [ 2830000.0, -5200000.0 ] ] } },
{ "type": "Feature", "properties": { "id": 1506, "left": 2840000.0, "top": 2000000.0, "right": 2840000.0, "bottom": -5200000.0, "grid_x": "M 4", "grid_y": "J 0" }, "geometry": { "type": "LineString", "coordinates": [ [ 2840000.0, 2000000.0 ], [ 2840000.0, -5200000.0 ] ] } },
{ "type": "Feature", "properties": { "id": 1507, "left": 2850000.0, "top": 2000000.0, "right": 2850000.0, "bottom": -5200000.0, "grid_x": "M 5", "grid_y": "J 0" }, "geometry": { "type": "LineString", "coordinates": [ [ 2850000.0, 2000000.0 ], [ 2850000.0, -5200000.0 ] ] } },
{ "type": "Feature", "properties": { "id": 1508, "left": 2860000.0, "top": 2000000.0, "right": 2860000.0, "bottom": -5200000.0, "grid_x": "M 6", "grid_y": "J 0" }, "geometry": { "type": "LineString", "coordinates": [ [ 2860000.0, 2000000.0 ], [ 2860000.0, -5200000.0 ] ] } },
{ "type": "Feature", "properties": { "id": 1509, "left": 2870000.0, "top": 2000000.0, "right": 2870000.0, "bottom": -5200000.0, "grid_x": "M 7", "grid_y": "J 0" }, "geometry": { "type": "LineString", "coordinates": [ [ 2870000.0, 2000000.0 ], [ 2870000.0, -5200000.0 ] ] } },
{ "type": "Feature", "properties": { "id": 1510, "left": 2880000.0, "top": 2000000.0, "right": 2880000.0, "bottom": -5200000.0, "grid_x": "M 8", "grid_y": "J 0" }, "geometry": { "type": "LineString", "coordinates": [ [ 2880000.0, 2000000.0 ], [ 2880000.0, -5200000.0 ] ] } },
{ "type": "Feature", "properties": { "id": 1511, "left": 2890000.0, "top": 2000000.0, "right": 2890000.0, "bottom": -5200000.0, "grid_x": "M 9", "grid_y": "J 0" }, "geometry": { "type": "LineString", "coordinates": [ [ 2890000.0, 2000000.0 ], [ 2890000.0, -5200000.0 ] ] } },
{ "type": "Feature", "properties": { "id": 1512, "left": 2900000.0, "top": 2000000.0, "right": 2900000.0, "bottom": -5200000.0, "grid_x": "N 0", "grid_y": "J 0" }, "geometry": { "type": "LineString", "coordinates": [ [ 2900000.0, 2000000.0 ], [ 2900000.0, -5200000.0 ] ] } },
{ "type": "Feature", "properties": { "id": 1513, "left": 2910000.0, "top": 2000000.0, "right": 2910000.0, "bottom": -5200000.0, "grid_x": "N 1", "grid_y": "J 0" }, "geometry": { "type": "LineString", "coordinates": [ [ 2910000.0, 2000000.0 ], [ 2910000.0, -5200000.0 ] ] } },
{ "type": "Feature", "properties": { "id": 1514, "left": 2920000.0, "top": 2000000.0, "right": 2920000.0, "bottom": -5200000.0, "grid_x": "N 2", "grid_y": "J 0" }, "geometry": { "type": "LineString", "coordinates": [ [ 2920000.0, 2000000.0 ], [ 2920000.0, -5200000.0 ] ] } },
{ "type": "Feature", "properties": { "id": 1515, "left": 2930000.0, "top": 2000000.0, "right": 2930000.0, "bottom": -5200000.0, "grid_x": "N 3", "grid_y": "J 0" }, "geometry": { "type": "LineString", "coordinates": [ [ 2930000.0, 2000000.0 ], [ 2930000.0, -5200000.0 ] ] } },
{ "type": "Feature", "properties": { "id": 1516, "left": 2940000.0, "top": 2000000.0, "right": 2940000.0, "bottom": -5200000.0, "grid_x": "N 4", "grid_y": "J 0" }, "geometry": { "type": "LineString", "coordinates": [ [ 2940000.0, 2000000.0 ], [ 2940000.0, -5200000.0 ] ] } },
{ "type": "Feature", "properties": { "id": 1517, "left": 2950000.0, "top": 2000000.0, "right": 2950000.0, "bottom": -5200000.0, "grid_x": "N 5", "grid_y": "J 0" }, "geometry": { "type": "LineString", "coordinates": [ [ 2950000.0, 2000000.0 ], [ 2950000.0, -5200000.0 ] ] } },
{ "type": "Feature", "properties": { "id": 1518, "left": 2960000.0, "top": 2000000.0, "right": 2960000.0, "bottom": -5200000.0, "grid_x": "N 6", "grid_y": "J 0" }, "geometry": { "type": "LineString", "coordinates": [ [ 2960000.0, 2000000.0 ], [ 2960000.0, -5200000.0 ] ] } },
{ "type": "Feature", "properties": { "id": 1519, "left": 2970000.0, "top": 2000000.0, "right": 2970000.0, "bottom": -5200000.0, "grid_x": "N 7", "grid_y": "J 0" }, "geometry": { "type": "LineString", "coordinates": [ [ 2970000.0, 2000000.0 ], [ 2970000.0, -5200000.0 ] ] } },
{ "type": "Feature", "properties": { "id": 1520, "left": 2980000.0, "top": 2000000.0, "right": 2980000.0, "bottom": -5200000.0, "grid_x": "N 8", "grid_y": "J 0" }, "geometry": { "type": "LineString", "coordinates": [ [ 2980000.0, 2000000.0 ], [ 2980000.0, -5200000.0 ] ] } },
{ "type": "Feature", "properties": { "id": 1521, "left": 2990000.0, "top": 2000000.0, "right": 2990000.0, "bottom": -5200000.0, "grid_x": "N 9", "grid_y": "J 0" }, "geometry": { "type": "LineString", "coordinates": [ [ 2990000.0, 2000000.0 ], [ 2990000.0, -5200000.0 ] ] } },
{ "type": "Feature", "properties": { "id": 1522, "left": 3000000.0, "top": 2000000.0, "right": 3000000.0, "bottom": -5200000.0, "grid_x": "P 0", "grid_y": "J 0" }, "geometry": { "type": "LineString", "coordinates": [ [ 3000000.0, 2000000.0 ], [ 3000000.0, -5200000.0 ] ] } },
{ "type": "Feature", "properties": { "id": 1523, "left": 3010000.0, "top": 2000000.0, "right": 3010000.0, "bottom": -5200000.0, "grid_x": "P 1", "grid_y": "J 0" }, "geometry": { "type": "LineString", "coordinates": [ [ 3010000.0, 2000000.0 ], [ 3010000.0, -5200000.0 ] ] } },
{ "type": "Feature", "properties": { "id": 1524, "left": 3020000.0, "top": 2000000.0, "right": 3020000.0, "bottom": -5200000.0, "grid_x": "P 2", "grid_y": "J 0" }, "geometry": { "type": "LineString", "coordinates": [ [ 3020000.0, 2000000.0 ], [ 3020000.0, -5200000.0 ] ] } },
{ "type": "Feature", "properties": { "id": 1525, "left": 3030000.0, "top": 2000000.0, "right": 3030000.0, "bottom": -5200000.0, "grid_x": "P 3", "grid_y": "J 0" }, "geometry": { "type": "LineString", "coordinates": [ [ 3030000.0, 2000000.0 ], [ 3030000.0, -5200000.0 ] ] } },
{ "type": "Feature", "properties": { "id": 1526, "left": 3040000.0, "top": 2000000.0, "right": 3040000.0, "bottom": -5200000.0, "grid_x": "P 4", "grid_y": "J 0" }, "geometry": { "type": "LineString", "coordinates": [ [ 3040000.0, 2000000.0 ], [ 3040000.0, -5200000.0 ] ] } },
{ "type": "Feature", "properties": { "id": 1527, "left": 3050000.0, "top": 2000000.0, "right": 3050000.0, "bottom": -5200000.0, "grid_x": "P 5", "grid_y": "J 0" }, "geometry": { "type": "LineString", "coordinates": [ [ 3050000.0, 2000000.0 ], [ 3050000.0, -5200000.0 ] ] } },
{ "type": "Feature", "properties": { "id": 1528, "left": 3060000.0, "top": 2000000.0, "right": 3060000.0, "bottom": -5200000.0, "grid_x": "P 6", "grid_y": "J 0" }, "geometry": { "type": "LineString", "coordinates": [ [ 3060000.0, 2000000.0 ], [ 3060000.0, -5200000.0 ] ] } },
{ "type": "Feature", "properties": { "id": 1529, "left": 3070000.0, "top": 2000000.0, "right": 3070000.0, "bottom": -5200000.0, "grid_x": "P 7", "grid_y": "J 0" }, "geometry": { "type": "LineString", "coordinates": [ [ 3070000.0, 2000000.0 ], [ 3070000.0, -5200000.0 ] ] } },
{ "type": "Feature", "properties": { "id": 1530, "left": 3080000.0, "top": 2000000.0, "right": 3080000.0, "bottom": -5200000.0, "grid_x": "P 8", "grid_y": "J 0" }, "geometry": { "type": "LineString", "coordinates": [ [ 3080000.0, 2000000.0 ], [ 3080000.0, -5200000.0 ] ] } },
{ "type": "Feature", "properties": { "id": 1531, "left": 3090000.0, "top": 2000000.0, "right": 3090000.0, "bottom": -5200000.0, "grid_x": "P 9", "grid_y": "J 0" }, "geometry": { "type": "LineString", "coordinates": [ [ 3090000.0, 2000000.0 ], [ 3090000.0, -5200000.0 ] ] } },
{ "type": "Feature", "properties": { "id": 1532, "left": 3100000.0, "top": 2000000.0, "right": 3100000.0, "bottom": -5200000.0, "grid_x": "Q 0", "grid_y": "J 0" }, "geometry": { "type": "LineString", "coordinates": [ [ 3100000.0, 2000000.0 ], [ 3100000.0, -5200000.0 ] ] } },
{ "type": "Feature", "properties": { "id": 1533, "left": 3110000.0, "top": 2000000.0, "right": 3110000.0, "bottom": -5200000.0, "grid_x": "Q 1", "grid_y": "J 0" }, "geometry": { "type": "LineString", "coordinates": [ [ 3110000.0, 2000000.0 ], [ 3110000.0, -5200000.0 ] ] } },
{ "type": "Feature", "properties": { "id": 1534, "left": 3120000.0, "top": 2000000.0, "right": 3120000.0, "bottom": -5200000.0, "grid_x": "Q 2", "grid_y": "J 0" }, "geometry": { "type": "LineString", "coordinates": [ [ 3120000.0, 2000000.0 ], [ 3120000.0, -5200000.0 ] ] } },
{ "type": "Feature", "properties": { "id": 1535, "left": 3130000.0, "top": 2000000.0, "right": 3130000.0, "bottom": -5200000.0, "grid_x": "Q 3", "grid_y": "J 0" }, "geometry": { "type": "LineString", "coordinates": [ [ 3130000.0, 2000000.0 ], [ 3130000.0, -5200000.0 ] ] } },
{ "type": "Feature", "properties": { "id": 1536, "left": 3140000.0, "top": 2000000.0, "right": 3140000.0, "bottom": -5200000.0, "grid_x": "Q 4", "grid_y": "J 0" }, "geometry": { "type": "LineString", "coordinates": [ [ 3140000.0, 2000000.0 ], [ 3140000.0, -5200000.0 ] ] } },
{ "type": "Feature", "properties": { "id": 1537, "left": 3150000.0, "top": 2000000.0, "right": 3150000.0, "bottom": -5200000.0, "grid_x": "Q 5", "grid_y": "J 0" }, "geometry": { "type": "LineString", "coordinates": [ [ 3150000.0, 2000000.0 ], [ 3150000.0, -5200000.0 ] ] } },
{ "type": "Feature", "properties": { "id": 1538, "left": 3160000.0, "top": 2000000.0, "right": 3160000.0, "bottom": -5200000.0, "grid_x": "Q 6", "grid_y": "J 0" }, "geometry": { "type": "LineString", "coordinates": [ [ 3160000.0, 2000000.0 ], [ 3160000.0, -5200000.0 ] ] } },
{ "type": "Feature", "properties": { "id": 1539, "left": 3170000.0, "top": 2000000.0, "right": 3170000.0, "bottom": -5200000.0, "grid_x": "Q 7", "grid_y": "J 0" }, "geometry": { "type": "LineString", "coordinates": [ [ 3170000.0, 2000000.0 ], [ 3170000.0, -5200000.0 ] ] } },
{ "type": "Feature", "properties": { "id": 1540, "left": 3180000.0, "top": 2000000.0, "right": 3180000.0, "bottom": -5200000.0, "grid_x": "Q 8", "grid_y": "J 0" }, "geometry": { "type": "LineString", "coordinates": [ [ 3180000.0, 2000000.0 ], [ 3180000.0, -5200000.0 ] ] } },
{ "type": "Feature", "properties": { "id": 1541, "left": 3190000.0, "top": 2000000.0, "right": 3190000.0, "bottom": -5200000.0, "grid_x": "Q 9", "grid_y": "J 0" }, "geometry": { "type": "LineString", "coordinates": [ [ 3190000.0, 2000000.0 ], [ 3190000.0, -5200000.0 ] ] } },
{ "type": "Feature", "properties": { "id": 1542, "left": 3200000.0, "top": 2000000.0, "right": 3200000.0, "bottom": -5200000.0, "grid_x": "R 0", "grid_y": "J 0" }, "geometry": { "type": "LineString", "coordinates": [ [ 3200000.0, 2000000.0 ], [ 3200000.0, -5200000.0 ] ] } },
{ "type": "Feature", "properties": { "id": 1543, "left": 3210000.0, "top": 2000000.0, "right": 3210000.0, "bottom": -5200000.0, "grid_x": "R 1", "grid_y": "J 0" }, "geometry": { "type": "LineString", "coordinates": [ [ 3210000.0, 2000000.0 ], [ 3210000.0, -5200000.0 ] ] } },
{ "type": "Feature", "properties": { "id": 1544, "left": 3220000.0, "top": 2000000.0, "right": 3220000.0, "bottom": -5200000.0, "grid_x": "R 2", "grid_y": "J 0" }, "geometry": { "type": "LineString", "coordinates": [ [ 3220000.0, 2000000.0 ], [ 3220000.0, -5200000.0 ] ] } },
{ "type": "Feature", "properties": { "id": 1545, "left": 3230000.0, "top": 2000000.0, "right": 3230000.0, "bottom": -5200000.0, "grid_x": "R 3", "grid_y": "J 0" }, "geometry": { "type": "LineString", "coordinates": [ [ 3230000.0, 2000000.0 ], [ 3230000.0, -5200000.0 ] ] } },
{ "type": "Feature", "properties": { "id": 1546, "left": 3240000.0, "top": 2000000.0, "right": 3240000.0, "bottom": -5200000.0, "grid_x": "R 4", "grid_y": "J 0" }, "geometry": { "type": "LineString", "coordinates": [ [ 3240000.0, 2000000.0 ], [ 3240000.0, -5200000.0 ] ] } },
{ "type": "Feature", "properties": { "id": 1547, "left": 3250000.0, "top": 2000000.0, "right": 3250000.0, "bottom": -5200000.0, "grid_x": "R 5", "grid_y": "J 0" }, "geometry": { "type": "LineString", "coordinates": [ [ 3250000.0, 2000000.0 ], [ 3250000.0, -5200000.0 ] ] } },
{ "type": "Feature", "properties": { "id": 1548, "left": 3260000.0, "top": 2000000.0, "right": 3260000.0, "bottom": -5200000.0, "grid_x": "R 6", "grid_y": "J 0" }, "geometry": { "type": "LineString", "coordinates": [ [ 3260000.0, 2000000.0 ], [ 3260000.0, -5200000.0 ] ] } },
{ "type": "Feature", "properties": { "id": 1549, "left": 3270000.0, "top": 2000000.0, "right": 3270000.0, "bottom": -5200000.0, "grid_x": "R 7", "grid_y": "J 0" }, "geometry": { "type": "LineString", "coordinates": [ [ 3270000.0, 2000000.0 ], [ 3270000.0, -5200000.0 ] ] } },
{ "type": "Feature", "properties": { "id": 1550, "left": 3280000.0, "top": 2000000.0, "right": 3280000.0, "bottom": -5200000.0, "grid_x": "R 8", "grid_y": "J 0" }, "geometry": { "type": "LineString", "coordinates": [ [ 3280000.0, 2000000.0 ], [ 3280000.0, -5200000.0 ] ] } },
{ "type": "Feature", "properties": { "id": 1551, "left": 3290000.0, "top": 2000000.0, "right": 3290000.0, "bottom": -5200000.0, "grid_x": "R 9", "grid_y": "J 0" }, "geometry": { "type": "LineString", "coordinates": [ [ 3290000.0, 2000000.0 ], [ 3290000.0, -5200000.0 ] ] } },
{ "type": "Feature", "properties": { "id": 1552, "left": 3300000.0, "top": 2000000.0, "right": 3300000.0, "bottom": -5200000.0, "grid_x": "S 0", "grid_y": "J 0" }, "geometry": { "type": "LineString", "coordinates": [ [ 3300000.0, 2000000.0 ], [ 3300000.0, -5200000.0 ] ] } },
{ "type": "Feature", "properties": { "id": 1553, "left": 3310000.0, "top": 2000000.0, "right": 3310000.0, "bottom": -5200000.0, "grid_x": "S 1", "grid_y": "J 0" }, "geometry": { "type": "LineString", "coordinates": [ [ 3310000.0, 2000000.0 ], [ 3310000.0, -5200000.0 ] ] } },
{ "type": "Feature", "properties": { "id": 1554, "left": 3320000.0, "top": 2000000.0, "right": 3320000.0, "bottom": -5200000.0, "grid_x": "S 2", "grid_y": "J 0" }, "geometry": { "type": "LineString", "coordinates": [ [ 3320000.0, 2000000.0 ], [ 3320000.0, -5200000.0 ] ] } },
{ "type": "Feature", "properties": { "id": 1555, "left": 3330000.0, "top": 2000000.0, "right": 3330000.0, "bottom": -5200000.0, "grid_x": "S 3", "grid_y": "J 0" }, "geometry": { "type": "LineString", "coordinates": [ [ 3330000.0, 2000000.0 ], [ 3330000.0, -5200000.0 ] ] } },
{ "type": "Feature", "properties": { "id": 1556, "left": 3340000.0, "top": 2000000.0, "right": 3340000.0, "bottom": -5200000.0, "grid_x": "S 4", "grid_y": "J 0" }, "geometry": { "type": "LineString", "coordinates": [ [ 3340000.0, 2000000.0 ], [ 3340000.0, -5200000.0 ] ] } },
{ "type": "Feature", "properties": { "id": 1557, "left": 3350000.0, "top": 2000000.0, "right": 3350000.0, "bottom": -5200000.0, "grid_x": "S 5", "grid_y": "J 0" }, "geometry": { "type": "LineString", "coordinates": [ [ 3350000.0, 2000000.0 ], [ 3350000.0, -5200000.0 ] ] } },
{ "type": "Feature", "properties": { "id": 1558, "left": 3360000.0, "top": 2000000.0, "right": 3360000.0, "bottom": -5200000.0, "grid_x": "S 6", "grid_y": "J 0" }, "geometry": { "type": "LineString", "coordinates": [ [ 3360000.0, 2000000.0 ], [ 3360000.0, -5200000.0 ] ] } },
{ "type": "Feature", "properties": { "id": 1559, "left": 3370000.0, "top": 2000000.0, "right": 3370000.0, "bottom": -5200000.0, "grid_x": "S 7", "grid_y": "J 0" }, "geometry": { "type": "LineString", "coordinates": [ [ 3370000.0, 2000000.0 ], [ 3370000.0, -5200000.0 ] ] } },
{ "type": "Feature", "properties": { "id": 1560, "left": 3380000.0, "top": 2000000.0, "right": 3380000.0, "bottom": -5200000.0, "grid_x": "S 8", "grid_y": "J 0" }, "geometry": { "type": "LineString", "coordinates": [ [ 3380000.0, 2000000.0 ], [ 3380000.0, -5200000.0 ] ] } },
{ "type": "Feature", "properties": { "id": 1561, "left": 3390000.0, "top": 2000000.0, "right": 3390000.0, "bottom": -5200000.0, "grid_x": "S 9", "grid_y": "J 0" }, "geometry": { "type": "LineString", "coordinates": [ [ 3390000.0, 2000000.0 ], [ 3390000.0, -5200000.0 ] ] } },
{ "type": "Feature", "properties": { "id": 1562, "left": 3400000.0, "top": 2000000.0, "right": 3400000.0, "bottom": -5200000.0, "grid_x": "T 0", "grid_y": "J 0" }, "geometry": { "type": "LineString", "coordinates": [ [ 3400000.0, 2000000.0 ], [ 3400000.0, -5200000.0 ] ] } },
{ "type": "Feature", "properties": { "id": 1563, "left": 3410000.0, "top": 2000000.0, "right": 3410000.0, "bottom": -5200000.0, "grid_x": "T 1", "grid_y": "J 0" }, "geometry": { "type": "LineString", "coordinates": [ [ 3410000.0, 2000000.0 ], [ 3410000.0, -5200000.0 ] ] } },
{ "type": "Feature", "properties": { "id": 1564, "left": 3420000.0, "top": 2000000.0, "right": 3420000.0, "bottom": -5200000.0, "grid_x": "T 2", "grid_y": "J 0" }, "geometry": { "type": "LineString", "coordinates": [ [ 3420000.0, 2000000.0 ], [ 3420000.0, -5200000.0 ] ] } },
{ "type": "Feature", "properties": { "id": 1565, "left": 3430000.0, "top": 2000000.0, "right": 3430000.0, "bottom": -5200000.0, "grid_x": "T 3", "grid_y": "J 0" }, "geometry": { "type": "LineString", "coordinates": [ [ 3430000.0, 2000000.0 ], [ 3430000.0, -5200000.0 ] ] } },
{ "type": "Feature", "properties": { "id": 1566, "left": 3440000.0, "top": 2000000.0, "right": 3440000.0, "bottom": -5200000.0, "grid_x": "T 4", "grid_y": "J 0" }, "geometry": { "type": "LineString", "coordinates": [ [ 3440000.0, 2000000.0 ], [ 3440000.0, -5200000.0 ] ] } },
{ "type": "Feature", "properties": { "id": 1567, "left": 3450000.0, "top": 2000000.0, "right": 3450000.0, "bottom": -5200000.0, "grid_x": "T 5", "grid_y": "J 0" }, "geometry": { "type": "LineString", "coordinates": [ [ 3450000.0, 2000000.0 ], [ 3450000.0, -5200000.0 ] ] } },
{ "type": "Feature", "properties": { "id": 1568, "left": 3460000.0, "top": 2000000.0, "right": 3460000.0, "bottom": -5200000.0, "grid_x": "T 6", "grid_y": "J 0" }, "geometry": { "type": "LineString", "coordinates": [ [ 3460000.0, 2000000.0 ], [ 3460000.0, -5200000.0 ] ] } },
{ "type": "Feature", "properties": { "id": 1569, "left": 3470000.0, "top": 2000000.0, "right": 3470000.0, "bottom": -5200000.0, "grid_x": "T 7", "grid_y": "J 0" }, "geometry": { "type": "LineString", "coordinates": [ [ 3470000.0, 2000000.0 ], [ 3470000.0, -5200000.0 ] ] } },
{ "type": "Feature", "properties": { "id": 1570, "left": 3480000.0, "top": 2000000.0, "right": 3480000.0, "bottom": -5200000.0, "grid_x": "T 8", "grid_y": "J 0" }, "geometry": { "type": "LineString", "coordinates": [ [ 3480000.0, 2000000.0 ], [ 3480000.0, -5200000.0 ] ] } },
{ "type": "Feature", "properties": { "id": 1571, "left": 3490000.0, "top": 2000000.0, "right": 3490000.0, "bottom": -5200000.0, "grid_x": "T 9", "grid_y": "J 0" }, "geometry": { "type": "LineString", "coordinates": [ [ 3490000.0, 2000000.0 ], [ 3490000.0, -5200000.0 ] ] } },
{ "type": "Feature", "properties": { "id": 1572, "left": 3500000.0, "top": 2000000.0, "right": 3500000.0, "bottom": -5200000.0, "grid_x": "U 0", "grid_y": "J 0" }, "geometry": { "type": "LineString", "coordinates": [ [ 3500000.0, 2000000.0 ], [ 3500000.0, -5200000.0 ] ] } },
{ "type": "Feature", "properties": { "id": 1573, "left": 3510000.0, "top": 2000000.0, "right": 3510000.0, "bottom": -5200000.0, "grid_x": "U 1", "grid_y": "J 0" }, "geometry": { "type": "LineString", "coordinates": [ [ 3510000.0, 2000000.0 ], [ 3510000.0, -5200000.0 ] ] } },
{ "type": "Feature", "properties": { "id": 1574, "left": 3520000.0, "top": 2000000.0, "right": 3520000.0, "bottom": -5200000.0, "grid_x": "U 2", "grid_y": "J 0" }, "geometry": { "type": "LineString", "coordinates": [ [ 3520000.0, 2000000.0 ], [ 3520000.0, -5200000.0 ] ] } },
{ "type": "Feature", "properties": { "id": 1575, "left": 3530000.0, "top": 2000000.0, "right": 3530000.0, "bottom": -5200000.0, "grid_x": "U 3", "grid_y": "J 0" }, "geometry": { "type": "LineString", "coordinates": [ [ 3530000.0, 2000000.0 ], [ 3530000.0, -5200000.0 ] ] } },
{ "type": "Feature", "properties": { "id": 1576, "left": 3540000.0, "top": 2000000.0, "right": 3540000.0, "bottom": -5200000.0, "grid_x": "U 4", "grid_y": "J 0" }, "geometry": { "type": "LineString", "coordinates": [ [ 3540000.0, 2000000.0 ], [ 3540000.0, -5200000.0 ] ] } },
{ "type": "Feature", "properties": { "id": 1577, "left": 3550000.0, "top": 2000000.0, "right": 3550000.0, "bottom": -5200000.0, "grid_x": "U 5", "grid_y": "J 0" }, "geometry": { "type": "LineString", "coordinates": [ [ 3550000.0, 2000000.0 ], [ 3550000.0, -5200000.0 ] ] } },
{ "type": "Feature", "properties": { "id": 1578, "left": 3560000.0, "top": 2000000.0, "right": 3560000.0, "bottom": -5200000.0, "grid_x": "U 6", "grid_y": "J 0" }, "geometry": { "type": "LineString", "coordinates": [ [ 3560000.0, 2000000.0 ], [ 3560000.0, -5200000.0 ] ] } },
{ "type": "Feature", "properties": { "id": 1579, "left": 3570000.0, "top": 2000000.0, "right": 3570000.0, "bottom": -5200000.0, "grid_x": "U 7", "grid_y": "J 0" }, "geometry": { "type": "LineString", "coordinates": [ [ 3570000.0, 2000000.0 ], [ 3570000.0, -5200000.0 ] ] } },
{ "type": "Feature", "properties": { "id": 1580, "left": 3580000.0, "top": 2000000.0, "right": 3580000.0, "bottom": -5200000.0, "grid_x": "U 8", "grid_y": "J 0" }, "geometry": { "type": "LineString", "coordinates": [ [ 3580000.0, 2000000.0 ], [ 3580000.0, -5200000.0 ] ] } },
{ "type": "Feature", "properties": { "id": 1581, "left": 3590000.0, "top": 2000000.0, "right": 3590000.0, "bottom": -5200000.0, "grid_x": "U 9", "grid_y": "J 0" }, "geometry": { "type": "LineString", "coordinates": [ [ 3590000.0, 2000000.0 ], [ 3590000.0, -5200000.0 ] ] } },
{ "type": "Feature", "properties": { "id": 1582, "left": 3600000.0, "top": 2000000.0, "right": 3600000.0, "bottom": -5200000.0, "grid_x": "V 0", "grid_y": "J 0" }, "geometry": { "type": "LineString", "coordinates": [ [ 3600000.0, 2000000.0 ], [ 3600000.0, -5200000.0 ] ] } },
{ "type": "Feature", "properties": { "id": 1583, "left": 3610000.0, "top": 2000000.0, "right": 3610000.0, "bottom": -5200000.0, "grid_x": "V 1", "grid_y": "J 0" }, "geometry": { "type": "LineString", "coordinates": [ [ 3610000.0, 2000000.0 ], [ 3610000.0, -5200000.0 ] ] } },
{ "type": "Feature", "properties": { "id": 1584, "left": 3620000.0, "top": 2000000.0, "right": 3620000.0, "bottom": -5200000.0, "grid_x": "V 2", "grid_y": "J 0" }, "geometry": { "type": "LineString", "coordinates": [ [ 3620000.0, 2000000.0 ], [ 3620000.0, -5200000.0 ] ] } },
{ "type": "Feature", "properties": { "id": 1585, "left": 3630000.0, "top": 2000000.0, "right": 3630000.0, "bottom": -5200000.0, "grid_x": "V 3", "grid_y": "J 0" }, "geometry": { "type": "LineString", "coordinates": [ [ 3630000.0, 2000000.0 ], [ 3630000.0, -5200000.0 ] ] } },
{ "type": "Feature", "properties": { "id": 1586, "left": 3640000.0, "top": 2000000.0, "right": 3640000.0, "bottom": -5200000.0, "grid_x": "V 4", "grid_y": "J 0" }, "geometry": { "type": "LineString", "coordinates": [ [ 3640000.0, 2000000.0 ], [ 3640000.0, -5200000.0 ] ] } },
{ "type": "Feature", "properties": { "id": 1587, "left": 3650000.0, "top": 2000000.0, "right": 3650000.0, "bottom": -5200000.0, "grid_x": "V 5", "grid_y": "J 0" }, "geometry": { "type": "LineString", "coordinates": [ [ 3650000.0, 2000000.0 ], [ 3650000.0, -5200000.0 ] ] } },
{ "type": "Feature", "properties": { "id": 1588, "left": 3660000.0, "top": 2000000.0, "right": 3660000.0, "bottom": -5200000.0, "grid_x": "V 6", "grid_y": "J 0" }, "geometry": { "type": "LineString", "coordinates": [ [ 3660000.0, 2000000.0 ], [ 3660000.0, -5200000.0 ] ] } },
{ "type": "Feature", "properties": { "id": 1589, "left": 3670000.0, "top": 2000000.0, "right": 3670000.0, "bottom": -5200000.0, "grid_x": "V 7", "grid_y": "J 0" }, "geometry": { "type": "LineString", "coordinates": [ [ 3670000.0, 2000000.0 ], [ 3670000.0, -5200000.0 ] ] } },
{ "type": "Feature", "properties": { "id": 1590, "left": 3680000.0, "top": 2000000.0, "right": 3680000.0, "bottom": -5200000.0, "grid_x": "V 8", "grid_y": "J 0" }, "geometry": { "type": "LineString", "coordinates": [ [ 3680000.0, 2000000.0 ], [ 3680000.0, -5200000.0 ] ] } },
{ "type": "Feature", "properties": { "id": 1591, "left": 3690000.0, "top": 2000000.0, "right": 3690000.0, "bottom": -5200000.0, "grid_x": "V 9", "grid_y": "J 0" }, "geometry": { "type": "LineString", "coordinates": [ [ 3690000.0, 2000000.0 ], [ 3690000.0, -5200000.0 ] ] } },
{ "type": "Feature", "properties": { "id": 1592, "left": 3700000.0, "top": 2000000.0, "right": 3700000.0, "bottom": -5200000.0, "grid_x": "W 0", "grid_y": "J 0" }, "geometry": { "type": "LineString", "coordinates": [ [ 3700000.0, 2000000.0 ], [ 3700000.0, -5200000.0 ] ] } },
{ "type": "Feature", "properties": { "id": 1593, "left": 3710000.0, "top": 2000000.0, "right": 3710000.0, "bottom": -5200000.0, "grid_x": "W 1", "grid_y": "J 0" }, "geometry": { "type": "LineString", "coordinates": [ [ 3710000.0, 2000000.0 ], [ 3710000.0, -5200000.0 ] ] } },
{ "type": "Feature", "properties": { "id": 1594, "left": 3720000.0, "top": 2000000.0, "right": 3720000.0, "bottom": -5200000.0, "grid_x": "W 2", "grid_y": "J 0" }, "geometry": { "type": "LineString", "coordinates": [ [ 3720000.0, 2000000.0 ], [ 3720000.0, -5200000.0 ] ] } },
{ "type": "Feature", "properties": { "id": 1595, "left": 3730000.0, "top": 2000000.0, "right": 3730000.0, "bottom": -5200000.0, "grid_x": "W 3", "grid_y": "J 0" }, "geometry": { "type": "LineString", "coordinates": [ [ 3730000.0, 2000000.0 ], [ 3730000.0, -5200000.0 ] ] } },
{ "type": "Feature", "properties": { "id": 1596, "left": 3740000.0, "top": 2000000.0, "right": 3740000.0, "bottom": -5200000.0, "grid_x": "W 4", "grid_y": "J 0" }, "geometry": { "type": "LineString", "coordinates": [ [ 3740000.0, 2000000.0 ], [ 3740000.0, -5200000.0 ] ] } },
{ "type": "Feature", "properties": { "id": 1597, "left": 3750000.0, "top": 2000000.0, "right": 3750000.0, "bottom": -5200000.0, "grid_x": "W 5", "grid_y": "J 0" }, "geometry": { "type": "LineString", "coordinates": [ [ 3750000.0, 2000000.0 ], [ 3750000.0, -5200000.0 ] ] } },
{ "type": "Feature", "properties": { "id": 1598, "left": 3760000.0, "top": 2000000.0, "right": 3760000.0, "bottom": -5200000.0, "grid_x": "W 6", "grid_y": "J 0" }, "geometry": { "type": "LineString", "coordinates": [ [ 3760000.0, 2000000.0 ], [ 3760000.0, -5200000.0 ] ] } },
{ "type": "Feature", "properties": { "id": 1599, "left": 3770000.0, "top": 2000000.0, "right": 3770000.0, "bottom": -5200000.0, "grid_x": "W 7", "grid_y": "J 0" }, "geometry": { "type": "LineString", "coordinates": [ [ 3770000.0, 2000000.0 ], [ 3770000.0, -5200000.0 ] ] } },
{ "type": "Feature", "properties": { "id": 1600, "left": 3780000.0, "top": 2000000.0, "right": 3780000.0, "bottom": -5200000.0, "grid_x": "W 8", "grid_y": "J 0" }, "geometry": { "type": "LineString", "coordinates": [ [ 3780000.0, 2000000.0 ], [ 3780000.0, -5200000.0 ] ] } },
{ "type": "Feature", "properties": { "id": 1601, "left": 3790000.0, "top": 2000000.0, "right": 3790000.0, "bottom": -5200000.0, "grid_x": "W 9", "grid_y": "J 0" }, "geometry": { "type": "LineString", "coordinates": [ [ 3790000.0, 2000000.0 ], [ 3790000.0, -5200000.0 ] ] } },
{ "type": "Feature", "properties": { "id": 1602, "left": 3800000.0, "top": 2000000.0, "right": 3800000.0, "bottom": -5200000.0, "grid_x": "X 0", "grid_y": "J 0" }, "geometry": { "type": "LineString", "coordinates": [ [ 3800000.0, 2000000.0 ], [ 3800000.0, -5200000.0 ] ] } },
{ "type": "Feature", "properties": { "id": 1603, "left": 3810000.0, "top": 2000000.0, "right": 3810000.0, "bottom": -5200000.0, "grid_x": "X 1", "grid_y": "J 0" }, "geometry": { "type": "LineString", "coordinates": [ [ 3810000.0, 2000000.0 ], [ 3810000.0, -5200000.0 ] ] } },
{ "type": "Feature", "properties": { "id": 1604, "left": 3820000.0, "top": 2000000.0, "right": 3820000.0, "bottom": -5200000.0, "grid_x": "X 2", "grid_y": "J 0" }, "geometry": { "type": "LineString", "coordinates": [ [ 3820000.0, 2000000.0 ], [ 3820000.0, -5200000.0 ] ] } },
{ "type": "Feature", "properties": { "id": 1605, "left": 3830000.0, "top": 2000000.0, "right": 3830000.0, "bottom": -5200000.0, "grid_x": "X 3", "grid_y": "J 0" }, "geometry": { "type": "LineString", "coordinates": [ [ 3830000.0, 2000000.0 ], [ 3830000.0, -5200000.0 ] ] } },
{ "type": "Feature", "properties": { "id": 1606, "left": 3840000.0, "top": 2000000.0, "right": 3840000.0, "bottom": -5200000.0, "grid_x": "X 4", "grid_y": "J 0" }, "geometry": { "type": "LineString", "coordinates": [ [ 3840000.0, 2000000.0 ], [ 3840000.0, -5200000.0 ] ] } },
{ "type": "Feature", "properties": { "id": 1607, "left": 3850000.0, "top": 2000000.0, "right": 3850000.0, "bottom": -5200000.0, "grid_x": "X 5", "grid_y": "J 0" }, "geometry": { "type": "LineString", "coordinates": [ [ 3850000.0, 2000000.0 ], [ 3850000.0, -5200000.0 ] ] } },
{ "type": "Feature", "properties": { "id": 1608, "left": 3860000.0, "top": 2000000.0, "right": 3860000.0, "bottom": -5200000.0, "grid_x": "X 6", "grid_y": "J 0" }, "geometry": { "type": "LineString", "coordinates": [ [ 3860000.0, 2000000.0 ], [ 3860000.0, -5200000.0 ] ] } },
{ "type": "Feature", "properties": { "id": 1609, "left": 3870000.0, "top": 2000000.0, "right": 3870000.0, "bottom": -5200000.0, "grid_x": "X 7", "grid_y": "J 0" }, "geometry": { "type": "LineString", "coordinates": [ [ 3870000.0, 2000000.0 ], [ 3870000.0, -5200000.0 ] ] } },
{ "type": "Feature", "properties": { "id": 1610, "left": 3880000.0, "top": 2000000.0, "right": 3880000.0, "bottom": -5200000.0, "grid_x": "X 8", "grid_y": "J 0" }, "geometry": { "type": "LineString", "coordinates": [ [ 3880000.0, 2000000.0 ], [ 3880000.0, -5200000.0 ] ] } },
{ "type": "Feature", "properties": { "id": 1611, "left": 3890000.0, "top": 2000000.0, "right": 3890000.0, "bottom": -5200000.0, "grid_x": "X 9", "grid_y": "J 0" }, "geometry": { "type": "LineString", "coordinates": [ [ 3890000.0, 2000000.0 ], [ 3890000.0, -5200000.0 ] ] } },
{ "type": "Feature", "properties": { "id": 1612, "left": 3900000.0, "top": 2000000.0, "right": 3900000.0, "bottom": -5200000.0, "grid_x": "Y 0", "grid_y": "J 0" }, "geometry": { "type": "LineString", "coordinates": [ [ 3900000.0, 2000000.0 ], [ 3900000.0, -5200000.0 ] ] } },
{ "type": "Feature", "properties": { "id": 1613, "left": 3910000.0, "top": 2000000.0, "right": 3910000.0, "bottom": -5200000.0, "grid_x": "Y 1", "grid_y": "J 0" }, "geometry": { "type": "LineString", "coordinates": [ [ 3910000.0, 2000000.0 ], [ 3910000.0, -5200000.0 ] ] } },
{ "type": "Feature", "properties": { "id": 1614, "left": 3920000.0, "top": 2000000.0, "right": 3920000.0, "bottom": -5200000.0, "grid_x": "Y 2", "grid_y": "J 0" }, "geometry": { "type": "LineString", "coordinates": [ [ 3920000.0, 2000000.0 ], [ 3920000.0, -5200000.0 ] ] } },
{ "type": "Feature", "properties": { "id": 1615, "left": 3930000.0, "top": 2000000.0, "right": 3930000.0, "bottom": -5200000.0, "grid_x": "Y 3", "grid_y": "J 0" }, "geometry": { "type": "LineString", "coordinates": [ [ 3930000.0, 2000000.0 ], [ 3930000.0, -5200000.0 ] ] } },
{ "type": "Feature", "properties": { "id": 1616, "left": 3940000.0, "top": 2000000.0, "right": 3940000.0, "bottom": -5200000.0, "grid_x": "Y 4", "grid_y": "J 0" }, "geometry": { "type": "LineString", "coordinates": [ [ 3940000.0, 2000000.0 ], [ 3940000.0, -5200000.0 ] ] } },
{ "type": "Feature", "properties": { "id": 1617, "left": 3950000.0, "top": 2000000.0, "right": 3950000.0, "bottom": -5200000.0, "grid_x": "Y 5", "grid_y": "J 0" }, "geometry": { "type": "LineString", "coordinates": [ [ 3950000.0, 2000000.0 ], [ 3950000.0, -5200000.0 ] ] } },
{ "type": "Feature", "properties": { "id": 1618, "left": 3960000.0, "top": 2000000.0, "right": 3960000.0, "bottom": -5200000.0, "grid_x": "Y 6", "grid_y": "J 0" }, "geometry": { "type": "LineString", "coordinates": [ [ 3960000.0, 2000000.0 ], [ 3960000.0, -5200000.0 ] ] } },
{ "type": "Feature", "properties": { "id": 1619, "left": 3970000.0, "top": 2000000.0, "right": 3970000.0, "bottom": -5200000.0, "grid_x": "Y 7", "grid_y": "J 0" }, "geometry": { "type": "LineString", "coordinates": [ [ 3970000.0, 2000000.0 ], [ 3970000.0, -5200000.0 ] ] } },
{ "type": "Feature", "properties": { "id": 1620, "left": 3980000.0, "top": 2000000.0, "right": 3980000.0, "bottom": -5200000.0, "grid_x": "Y 8", "grid_y": "J 0" }, "geometry": { "type": "LineString", "coordinates": [ [ 3980000.0, 2000000.0 ], [ 3980000.0, -5200000.0 ] ] } },
{ "type": "Feature", "properties": { "id": 1621, "left": 3990000.0, "top": 2000000.0, "right": 3990000.0, "bottom": -5200000.0, "grid_x": "Y 9", "grid_y": "J 0" }, "geometry": { "type": "LineString", "coordinates": [ [ 3990000.0, 2000000.0 ], [ 3990000.0, -5200000.0 ] ] } },
{ "type": "Feature", "properties": { "id": 1622, "left": 4000000.0, "top": 2000000.0, "right": 4000000.0, "bottom": -5200000.0, "grid_x": "Z 0", "grid_y": "J 0" }, "geometry": { "type": "LineString", "coordinates": [ [ 4000000.0, 2000000.0 ], [ 4000000.0, -5200000.0 ] ] } },
{ "type": "Feature", "properties": { "id": 1623, "left": 4010000.0, "top": 2000000.0, "right": 4010000.0, "bottom": -5200000.0, "grid_x": "Z 1", "grid_y": "J 0" }, "geometry": { "type": "LineString", "coordinates": [ [ 4010000.0, 2000000.0 ], [ 4010000.0, -5200000.0 ] ] } },
{ "type": "Feature", "properties": { "id": 1624, "left": 4020000.0, "top": 2000000.0, "right": 4020000.0, "bottom": -5200000.0, "grid_x": "Z 2", "grid_y": "J 0" }, "geometry": { "type": "LineString", "coordinates": [ [ 4020000.0, 2000000.0 ], [ 4020000.0, -5200000.0 ] ] } },
{ "type": "Feature", "properties": { "id": 1625, "left": 4030000.0, "top": 2000000.0, "right": 4030000.0, "bottom": -5200000.0, "grid_x": "Z 3", "grid_y": "J 0" }, "geometry": { "type": "LineString", "coordinates": [ [ 4030000.0, 2000000.0 ], [ 4030000.0, -5200000.0 ] ] } },
{ "type": "Feature", "properties": { "id": 1626, "left": 4040000.0, "top": 2000000.0, "right": 4040000.0, "bottom": -5200000.0, "grid_x": "Z 4", "grid_y": "J 0" }, "geometry": { "type": "LineString", "coordinates": [ [ 4040000.0, 2000000.0 ], [ 4040000.0, -5200000.0 ] ] } },
{ "type": "Feature", "properties": { "id": 1627, "left": 4050000.0, "top": 2000000.0, "right": 4050000.0, "bottom": -5200000.0, "grid_x": "Z 5", "grid_y": "J 0" }, "geometry": { "type": "LineString", "coordinates": [ [ 4050000.0, 2000000.0 ], [ 4050000.0, -5200000.0 ] ] } },
{ "type": "Feature", "properties": { "id": 1628, "left": 4060000.0, "top": 2000000.0, "right": 4060000.0, "bottom": -5200000.0, "grid_x": "Z 6", "grid_y": "J 0" }, "geometry": { "type": "LineString", "coordinates": [ [ 4060000.0, 2000000.0 ], [ 4060000.0, -5200000.0 ] ] } },
{ "type": "Feature", "properties": { "id": 1629, "left": 4070000.0, "top": 2000000.0, "right": 4070000.0, "bottom": -5200000.0, "grid_x": "Z 7", "grid_y": "J 0" }, "geometry": { "type": "LineString", "coordinates": [ [ 4070000.0, 2000000.0 ], [ 4070000.0, -5200000.0 ] ] } },
{ "type": "Feature", "properties": { "id": 1630, "left": 4080000.0, "top": 2000000.0, "right": 4080000.0, "bottom": -5200000.0, "grid_x": "Z 8", "grid_y": "J 0" }, "geometry": { "type": "LineString", "coordinates": [ [ 4080000.0, 2000000.0 ], [ 4080000.0, -5200000.0 ] ] } },
{ "type": "Feature", "properties": { "id": 1631, "left": 4090000.0, "top": 2000000.0, "right": 4090000.0, "bottom": -5200000.0, "grid_x": "Z 9", "grid_y": "J 0" }, "geometry": { "type": "LineString", "coordinates": [ [ 4090000.0, 2000000.0 ], [ 4090000.0, -5200000.0 ] ] } },
{ "type": "Feature", "properties": { "id": 1632, "left": 4100000.0, "top": 2000000.0, "right": 4100000.0, "bottom": -5200000.0, "grid_x": "A 0", "grid_y": "J 0" }, "geometry": { "type": "LineString", "coordinates": [ [ 4100000.0, 2000000.0 ], [ 4100000.0, -5200000.0 ] ] } },
{ "type": "Feature", "properties": { "id": 1633, "left": 4110000.0, "top": 2000000.0, "right": 4110000.0, "bottom": -5200000.0, "grid_x": "A 1", "grid_y": "J 0" }, "geometry": { "type": "LineString", "coordinates": [ [ 4110000.0, 2000000.0 ], [ 4110000.0, -5200000.0 ] ] } },
{ "type": "Feature", "properties": { "id": 1634, "left": 4120000.0, "top": 2000000.0, "right": 4120000.0, "bottom": -5200000.0, "grid_x": "A 2", "grid_y": "J 0" }, "geometry": { "type": "LineString", "coordinates": [ [ 4120000.0, 2000000.0 ], [ 4120000.0, -5200000.0 ] ] } },
{ "type": "Feature", "properties": { "id": 1635, "left": 4130000.0, "top": 2000000.0, "right": 4130000.0, "bottom": -5200000.0, "grid_x": "A 3", "grid_y": "J 0" }, "geometry": { "type": "LineString", "coordinates": [ [ 4130000.0, 2000000.0 ], [ 4130000.0, -5200000.0 ] ] } },
{ "type": "Feature", "properties": { "id": 1636, "left": 4140000.0, "top": 2000000.0, "right": 4140000.0, "bottom": -5200000.0, "grid_x": "A 4", "grid_y": "J 0" }, "geometry": { "type": "LineString", "coordinates": [ [ 4140000.0, 2000000.0 ], [ 4140000.0, -5200000.0 ] ] } },
{ "type": "Feature", "properties": { "id": 1637, "left": 4150000.0, "top": 2000000.0, "right": 4150000.0, "bottom": -5200000.0, "grid_x": "A 5", "grid_y": "J 0" }, "geometry": { "type": "LineString", "coordinates": [ [ 4150000.0, 2000000.0 ], [ 4150000.0, -5200000.0 ] ] } },
{ "type": "Feature", "properties": { "id": 1638, "left": 4160000.0, "top": 2000000.0, "right": 4160000.0, "bottom": -5200000.0, "grid_x": "A 6", "grid_y": "J 0" }, "geometry": { "type": "LineString", "coordinates": [ [ 4160000.0, 2000000.0 ], [ 4160000.0, -5200000.0 ] ] } },
{ "type": "Feature", "properties": { "id": 1639, "left": 4170000.0, "top": 2000000.0, "right": 4170000.0, "bottom": -5200000.0, "grid_x": "A 7", "grid_y": "J 0" }, "geometry": { "type": "LineString", "coordinates": [ [ 4170000.0, 2000000.0 ], [ 4170000.0, -5200000.0 ] ] } },
{ "type": "Feature", "properties": { "id": 1640, "left": 4180000.0, "top": 2000000.0, "right": 4180000.0, "bottom": -5200000.0, "grid_x": "A 8", "grid_y": "J 0" }, "geometry": { "type": "LineString", "coordinates": [ [ 4180000.0, 2000000.0 ], [ 4180000.0, -5200000.0 ] ] } },
{ "type": "Feature", "properties": { "id": 1641, "left": 4190000.0, "top": 2000000.0, "right": 4190000.0, "bottom": -5200000.0, "grid_x": "A 9", "grid_y": "J 0" }, "geometry": { "type": "LineString", "coordinates": [ [ 4190000.0, 2000000.0 ], [ 4190000.0, -5200000.0 ] ] } },
{ "type": "Feature", "properties": { "id": 1642, "left": 4200000.0, "top": 2000000.0, "right": 4200000.0, "bottom": -5200000.0, "grid_x": "B 0", "grid_y": "J 0" }, "geometry": { "type": "LineString", "coordinates": [ [ 4200000.0, 2000000.0 ], [ 4200000.0, -5200000.0 ] ] } },
{ "type": "Feature", "properties": { "id": 1643, "left": 4210000.0, "top": 2000000.0, "right": 4210000.0, "bottom": -5200000.0, "grid_x": "B 1", "grid_y": "J 0" }, "geometry": { "type": "LineString", "coordinates": [ [ 4210000.0, 2000000.0 ], [ 4210000.0, -5200000.0 ] ] } },
{ "type": "Feature", "properties": { "id": 1644, "left": 4220000.0, "top": 2000000.0, "right": 4220000.0, "bottom": -5200000.0, "grid_x": "B 2", "grid_y": "J 0" }, "geometry": { "type": "LineString", "coordinates": [ [ 4220000.0, 2000000.0 ], [ 4220000.0, -5200000.0 ] ] } },
{ "type": "Feature", "properties": { "id": 1645, "left": 4230000.0, "top": 2000000.0, "right": 4230000.0, "bottom": -5200000.0, "grid_x": "B 3", "grid_y": "J 0" }, "geometry": { "type": "LineString", "coordinates": [ [ 4230000.0, 2000000.0 ], [ 4230000.0, -5200000.0 ] ] } },
{ "type": "Feature", "properties": { "id": 1646, "left": 4240000.0, "top": 2000000.0, "right": 4240000.0, "bottom": -5200000.0, "grid_x": "B 4", "grid_y": "J 0" }, "geometry": { "type": "LineString", "coordinates": [ [ 4240000.0, 2000000.0 ], [ 4240000.0, -5200000.0 ] ] } },
{ "type": "Feature", "properties": { "id": 1647, "left": 4250000.0, "top": 2000000.0, "right": 4250000.0, "bottom": -5200000.0, "grid_x": "B 5", "grid_y": "J 0" }, "geometry": { "type": "LineString", "coordinates": [ [ 4250000.0, 2000000.0 ], [ 4250000.0, -5200000.0 ] ] } },
{ "type": "Feature", "properties": { "id": 1648, "left": 4260000.0, "top": 2000000.0, "right": 4260000.0, "bottom": -5200000.0, "grid_x": "B 6", "grid_y": "J 0" }, "geometry": { "type": "LineString", "coordinates": [ [ 4260000.0, 2000000.0 ], [ 4260000.0, -5200000.0 ] ] } },
{ "type": "Feature", "properties": { "id": 1649, "left": 4270000.0, "top": 2000000.0, "right": 4270000.0, "bottom": -5200000.0, "grid_x": "B 7", "grid_y": "J 0" }, "geometry": { "type": "LineString", "coordinates": [ [ 4270000.0, 2000000.0 ], [ 4270000.0, -5200000.0 ] ] } },
{ "type": "Feature", "properties": { "id": 1650, "left": 4280000.0, "top": 2000000.0, "right": 4280000.0, "bottom": -5200000.0, "grid_x": "B 8", "grid_y": "J 0" }, "geometry": { "type": "LineString", "coordinates": [ [ 4280000.0, 2000000.0 ], [ 4280000.0, -5200000.0 ] ] } },
{ "type": "Feature", "properties": { "id": 1651, "left": 4290000.0, "top": 2000000.0, "right": 4290000.0, "bottom": -5200000.0, "grid_x": "B 9", "grid_y": "J 0" }, "geometry": { "type": "LineString", "coordinates": [ [ 4290000.0, 2000000.0 ], [ 4290000.0, -5200000.0 ] ] } },
{ "type": "Feature", "properties": { "id": 1652, "left": 4300000.0, "top": 2000000.0, "right": 4300000.0, "bottom": -5200000.0, "grid_x": "C 0", "grid_y": "J 0" }, "geometry": { "type": "LineString", "coordinates": [ [ 4300000.0, 2000000.0 ], [ 4300000.0, -5200000.0 ] ] } },
{ "type": "Feature", "properties": { "id": 1653, "left": 4310000.0, "top": 2000000.0, "right": 4310000.0, "bottom": -5200000.0, "grid_x": "C 1", "grid_y": "J 0" }, "geometry": { "type": "LineString", "coordinates": [ [ 4310000.0, 2000000.0 ], [ 4310000.0, -5200000.0 ] ] } },
{ "type": "Feature", "properties": { "id": 1654, "left": 4320000.0, "top": 2000000.0, "right": 4320000.0, "bottom": -5200000.0, "grid_x": "C 2", "grid_y": "J 0" }, "geometry": { "type": "LineString", "coordinates": [ [ 4320000.0, 2000000.0 ], [ 4320000.0, -5200000.0 ] ] } },
{ "type": "Feature", "properties": { "id": 1655, "left": 4330000.0, "top": 2000000.0, "right": 4330000.0, "bottom": -5200000.0, "grid_x": "C 3", "grid_y": "J 0" }, "geometry": { "type": "LineString", "coordinates": [ [ 4330000.0, 2000000.0 ], [ 4330000.0, -5200000.0 ] ] } },
{ "type": "Feature", "properties": { "id": 1656, "left": 4340000.0, "top": 2000000.0, "right": 4340000.0, "bottom": -5200000.0, "grid_x": "C 4", "grid_y": "J 0" }, "geometry": { "type": "LineString", "coordinates": [ [ 4340000.0, 2000000.0 ], [ 4340000.0, -5200000.0 ] ] } },
{ "type": "Feature", "properties": { "id": 1657, "left": 4350000.0, "top": 2000000.0, "right": 4350000.0, "bottom": -5200000.0, "grid_x": "C 5", "grid_y": "J 0" }, "geometry": { "type": "LineString", "coordinates": [ [ 4350000.0, 2000000.0 ], [ 4350000.0, -5200000.0 ] ] } },
{ "type": "Feature", "properties": { "id": 1658, "left": 4360000.0, "top": 2000000.0, "right": 4360000.0, "bottom": -5200000.0, "grid_x": "C 6", "grid_y": "J 0" }, "geometry": { "type": "LineString", "coordinates": [ [ 4360000.0, 2000000.0 ], [ 4360000.0, -5200000.0 ] ] } },
{ "type": "Feature", "properties": { "id": 1659, "left": 4370000.0, "top": 2000000.0, "right": 4370000.0, "bottom": -5200000.0, "grid_x": "C 7", "grid_y": "J 0" }, "geometry": { "type": "LineString", "coordinates": [ [ 4370000.0, 2000000.0 ], [ 4370000.0, -5200000.0 ] ] } },
{ "type": "Feature", "properties": { "id": 1660, "left": 4380000.0, "top": 2000000.0, "right": 4380000.0, "bottom": -5200000.0, "grid_x": "C 8", "grid_y": "J 0" }, "geometry": { "type": "LineString", "coordinates": [ [ 4380000.0, 2000000.0 ], [ 4380000.0, -5200000.0 ] ] } },
{ "type": "Feature", "properties": { "id": 1661, "left": 4390000.0, "top": 2000000.0, "right": 4390000.0, "bottom": -5200000.0, "grid_x": "C 9", "grid_y": "J 0" }, "geometry": { "type": "LineString", "coordinates": [ [ 4390000.0, 2000000.0 ], [ 4390000.0, -5200000.0 ] ] } },
{ "type": "Feature", "properties": { "id": 1662, "left": 4400000.0, "top": 2000000.0, "right": 4400000.0, "bottom": -5200000.0, "grid_x": "D 0", "grid_y": "J 0" }, "geometry": { "type": "LineString", "coordinates": [ [ 4400000.0, 2000000.0 ], [ 4400000.0, -5200000.0 ] ] } },
{ "type": "Feature", "properties": { "id": 1663, "left": 4410000.0, "top": 2000000.0, "right": 4410000.0, "bottom": -5200000.0, "grid_x": "D 1", "grid_y": "J 0" }, "geometry": { "type": "LineString", "coordinates": [ [ 4410000.0, 2000000.0 ], [ 4410000.0, -5200000.0 ] ] } },
{ "type": "Feature", "properties": { "id": 1664, "left": 4420000.0, "top": 2000000.0, "right": 4420000.0, "bottom": -5200000.0, "grid_x": "D 2", "grid_y": "J 0" }, "geometry": { "type": "LineString", "coordinates": [ [ 4420000.0, 2000000.0 ], [ 4420000.0, -5200000.0 ] ] } },
{ "type": "Feature", "properties": { "id": 1665, "left": 4430000.0, "top": 2000000.0, "right": 4430000.0, "bottom": -5200000.0, "grid_x": "D 3", "grid_y": "J 0" }, "geometry": { "type": "LineString", "coordinates": [ [ 4430000.0, 2000000.0 ], [ 4430000.0, -5200000.0 ] ] } },
{ "type": "Feature", "properties": { "id": 1666, "left": 4440000.0, "top": 2000000.0, "right": 4440000.0, "bottom": -5200000.0, "grid_x": "D 4", "grid_y": "J 0" }, "geometry": { "type": "LineString", "coordinates": [ [ 4440000.0, 2000000.0 ], [ 4440000.0, -5200000.0 ] ] } },
{ "type": "Feature", "properties": { "id": 1667, "left": 4450000.0, "top": 2000000.0, "right": 4450000.0, "bottom": -5200000.0, "grid_x": "D 5", "grid_y": "J 0" }, "geometry": { "type": "LineString", "coordinates": [ [ 4450000.0, 2000000.0 ], [ 4450000.0, -5200000.0 ] ] } },
{ "type": "Feature", "properties": { "id": 1668, "left": 4460000.0, "top": 2000000.0, "right": 4460000.0, "bottom": -5200000.0, "grid_x": "D 6", "grid_y": "J 0" }, "geometry": { "type": "LineString", "coordinates": [ [ 4460000.0, 2000000.0 ], [ 4460000.0, -5200000.0 ] ] } },
{ "type": "Feature", "properties": { "id": 1669, "left": 4470000.0, "top": 2000000.0, "right": 4470000.0, "bottom": -5200000.0, "grid_x": "D 7", "grid_y": "J 0" }, "geometry": { "type": "LineString", "coordinates": [ [ 4470000.0, 2000000.0 ], [ 4470000.0, -5200000.0 ] ] } },
{ "type": "Feature", "properties": { "id": 1670, "left": 4480000.0, "top": 2000000.0, "right": 4480000.0, "bottom": -5200000.0, "grid_x": "D 8", "grid_y": "J 0" }, "geometry": { "type": "LineString", "coordinates": [ [ 4480000.0, 2000000.0 ], [ 4480000.0, -5200000.0 ] ] } },
{ "type": "Feature", "properties": { "id": 1671, "left": 4490000.0, "top": 2000000.0, "right": 4490000.0, "bottom": -5200000.0, "grid_x": "D 9", "grid_y": "J 0" }, "geometry": { "type": "LineString", "coordinates": [ [ 4490000.0, 2000000.0 ], [ 4490000.0, -5200000.0 ] ] } },
{ "type": "Feature", "properties": { "id": 1672, "left": 4500000.0, "top": 2000000.0, "right": 4500000.0, "bottom": -5200000.0, "grid_x": "E 0", "grid_y": "J 0" }, "geometry": { "type": "LineString", "coordinates": [ [ 4500000.0, 2000000.0 ], [ 4500000.0, -5200000.0 ] ] } },
{ "type": "Feature", "properties": { "id": 1673, "left": 4510000.0, "top": 2000000.0, "right": 4510000.0, "bottom": -5200000.0, "grid_x": "E 1", "grid_y": "J 0" }, "geometry": { "type": "LineString", "coordinates": [ [ 4510000.0, 2000000.0 ], [ 4510000.0, -5200000.0 ] ] } },
{ "type": "Feature", "properties": { "id": 1674, "left": 4520000.0, "top": 2000000.0, "right": 4520000.0, "bottom": -5200000.0, "grid_x": "E 2", "grid_y": "J 0" }, "geometry": { "type": "LineString", "coordinates": [ [ 4520000.0, 2000000.0 ], [ 4520000.0, -5200000.0 ] ] } },
{ "type": "Feature", "properties": { "id": 1675, "left": 4530000.0, "top": 2000000.0, "right": 4530000.0, "bottom": -5200000.0, "grid_x": "E 3", "grid_y": "J 0" }, "geometry": { "type": "LineString", "coordinates": [ [ 4530000.0, 2000000.0 ], [ 4530000.0, -5200000.0 ] ] } },
{ "type": "Feature", "properties": { "id": 1676, "left": 4540000.0, "top": 2000000.0, "right": 4540000.0, "bottom": -5200000.0, "grid_x": "E 4", "grid_y": "J 0" }, "geometry": { "type": "LineString", "coordinates": [ [ 4540000.0, 2000000.0 ], [ 4540000.0, -5200000.0 ] ] } },
{ "type": "Feature", "properties": { "id": 1677, "left": 4550000.0, "top": 2000000.0, "right": 4550000.0, "bottom": -5200000.0, "grid_x": "E 5", "grid_y": "J 0" }, "geometry": { "type": "LineString", "coordinates": [ [ 4550000.0, 2000000.0 ], [ 4550000.0, -5200000.0 ] ] } },
{ "type": "Feature", "properties": { "id": 1678, "left": 4560000.0, "top": 2000000.0, "right": 4560000.0, "bottom": -5200000.0, "grid_x": "E 6", "grid_y": "J 0" }, "geometry": { "type": "LineString", "coordinates": [ [ 4560000.0, 2000000.0 ], [ 4560000.0, -5200000.0 ] ] } },
{ "type": "Feature", "properties": { "id": 1679, "left": 4570000.0, "top": 2000000.0, "right": 4570000.0, "bottom": -5200000.0, "grid_x": "E 7", "grid_y": "J 0" }, "geometry": { "type": "LineString", "coordinates": [ [ 4570000.0, 2000000.0 ], [ 4570000.0, -5200000.0 ] ] } },
{ "type": "Feature", "properties": { "id": 1680, "left": 4580000.0, "top": 2000000.0, "right": 4580000.0, "bottom": -5200000.0, "grid_x": "E 8", "grid_y": "J 0" }, "geometry": { "type": "LineString", "coordinates": [ [ 4580000.0, 2000000.0 ], [ 4580000.0, -5200000.0 ] ] } },
{ "type": "Feature", "properties": { "id": 1681, "left": 4590000.0, "top": 2000000.0, "right": 4590000.0, "bottom": -5200000.0, "grid_x": "E 9", "grid_y": "J 0" }, "geometry": { "type": "LineString", "coordinates": [ [ 4590000.0, 2000000.0 ], [ 4590000.0, -5200000.0 ] ] } },
{ "type": "Feature", "properties": { "id": 1682, "left": 4600000.0, "top": 2000000.0, "right": 4600000.0, "bottom": -5200000.0, "grid_x": "F 0", "grid_y": "J 0" }, "geometry": { "type": "LineString", "coordinates": [ [ 4600000.0, 2000000.0 ], [ 4600000.0, -5200000.0 ] ] } },
{ "type": "Feature", "properties": { "id": 1683, "left": 4610000.0, "top": 2000000.0, "right": 4610000.0, "bottom": -5200000.0, "grid_x": "F 1", "grid_y": "J 0" }, "geometry": { "type": "LineString", "coordinates": [ [ 4610000.0, 2000000.0 ], [ 4610000.0, -5200000.0 ] ] } },
{ "type": "Feature", "properties": { "id": 1684, "left": 4620000.0, "top": 2000000.0, "right": 4620000.0, "bottom": -5200000.0, "grid_x": "F 2", "grid_y": "J 0" }, "geometry": { "type": "LineString", "coordinates": [ [ 4620000.0, 2000000.0 ], [ 4620000.0, -5200000.0 ] ] } },
{ "type": "Feature", "properties": { "id": 1685, "left": 4630000.0, "top": 2000000.0, "right": 4630000.0, "bottom": -5200000.0, "grid_x": "F 3", "grid_y": "J 0" }, "geometry": { "type": "LineString", "coordinates": [ [ 4630000.0, 2000000.0 ], [ 4630000.0, -5200000.0 ] ] } },
{ "type": "Feature", "properties": { "id": 1686, "left": 4640000.0, "top": 2000000.0, "right": 4640000.0, "bottom": -5200000.0, "grid_x": "F 4", "grid_y": "J 0" }, "geometry": { "type": "LineString", "coordinates": [ [ 4640000.0, 2000000.0 ], [ 4640000.0, -5200000.0 ] ] } },
{ "type": "Feature", "properties": { "id": 1687, "left": 4650000.0, "top": 2000000.0, "right": 4650000.0, "bottom": -5200000.0, "grid_x": "F 5", "grid_y": "J 0" }, "geometry": { "type": "LineString", "coordinates": [ [ 4650000.0, 2000000.0 ], [ 4650000.0, -5200000.0 ] ] } },
{ "type": "Feature", "properties": { "id": 1688, "left": 4660000.0, "top": 2000000.0, "right": 4660000.0, "bottom": -5200000.0, "grid_x": "F 6", "grid_y": "J 0" }, "geometry": { "type": "LineString", "coordinates": [ [ 4660000.0, 2000000.0 ], [ 4660000.0, -5200000.0 ] ] } },
{ "type": "Feature", "properties": { "id": 1689, "left": 4670000.0, "top": 2000000.0, "right": 4670000.0, "bottom": -5200000.0, "grid_x": "F 7", "grid_y": "J 0" }, "geometry": { "type": "LineString", "coordinates": [ [ 4670000.0, 2000000.0 ], [ 4670000.0, -5200000.0 ] ] } },
{ "type": "Feature", "properties": { "id": 1690, "left": 4680000.0, "top": 2000000.0, "right": 4680000.0, "bottom": -5200000.0, "grid_x": "F 8", "grid_y": "J 0" }, "geometry": { "type": "LineString", "coordinates": [ [ 4680000.0, 2000000.0 ], [ 4680000.0, -5200000.0 ] ] } },
{ "type": "Feature", "properties": { "id": 1691, "left": 4690000.0, "top": 2000000.0, "right": 4690000.0, "bottom": -5200000.0, "grid_x": "F 9", "grid_y": "J 0" }, "geometry": { "type": "LineString", "coordinates": [ [ 4690000.0, 2000000.0 ], [ 4690000.0, -5200000.0 ] ] } },
{ "type": "Feature", "properties": { "id": 1692, "left": 4700000.0, "top": 2000000.0, "right": 4700000.0, "bottom": -5200000.0, "grid_x": "G 0", "grid_y": "J 0" }, "geometry": { "type": "LineString", "coordinates": [ [ 4700000.0, 2000000.0 ], [ 4700000.0, -5200000.0 ] ] } },
{ "type": "Feature", "properties": { "id": 1693, "left": 4710000.0, "top": 2000000.0, "right": 4710000.0, "bottom": -5200000.0, "grid_x": "G 1", "grid_y": "J 0" }, "geometry": { "type": "LineString", "coordinates": [ [ 4710000.0, 2000000.0 ], [ 4710000.0, -5200000.0 ] ] } },
{ "type": "Feature", "properties": { "id": 1694, "left": 4720000.0, "top": 2000000.0, "right": 4720000.0, "bottom": -5200000.0, "grid_x": "G 2", "grid_y": "J 0" }, "geometry": { "type": "LineString", "coordinates": [ [ 4720000.0, 2000000.0 ], [ 4720000.0, -5200000.0 ] ] } },
{ "type": "Feature", "properties": { "id": 1695, "left": 4730000.0, "top": 2000000.0, "right": 4730000.0, "bottom": -5200000.0, "grid_x": "G 3", "grid_y": "J 0" }, "geometry": { "type": "LineString", "coordinates": [ [ 4730000.0, 2000000.0 ], [ 4730000.0, -5200000.0 ] ] } },
{ "type": "Feature", "properties": { "id": 1696, "left": 4740000.0, "top": 2000000.0, "right": 4740000.0, "bottom": -5200000.0, "grid_x": "G 4", "grid_y": "J 0" }, "geometry": { "type": "LineString", "coordinates": [ [ 4740000.0, 2000000.0 ], [ 4740000.0, -5200000.0 ] ] } },
{ "type": "Feature", "properties": { "id": 1697, "left": 4750000.0, "top": 2000000.0, "right": 4750000.0, "bottom": -5200000.0, "grid_x": "G 5", "grid_y": "J 0" }, "geometry": { "type": "LineString", "coordinates": [ [ 4750000.0, 2000000.0 ], [ 4750000.0, -5200000.0 ] ] } },
{ "type": "Feature", "properties": { "id": 1698, "left": 4760000.0, "top": 2000000.0, "right": 4760000.0, "bottom": -5200000.0, "grid_x": "G 6", "grid_y": "J 0" }, "geometry": { "type": "LineString", "coordinates": [ [ 4760000.0, 2000000.0 ], [ 4760000.0, -5200000.0 ] ] } },
{ "type": "Feature", "properties": { "id": 1699, "left": 4770000.0, "top": 2000000.0, "right": 4770000.0, "bottom": -5200000.0, "grid_x": "G 7", "grid_y": "J 0" }, "geometry": { "type": "LineString", "coordinates": [ [ 4770000.0, 2000000.0 ], [ 4770000.0, -5200000.0 ] ] } },
{ "type": "Feature", "properties": { "id": 1700, "left": 4780000.0, "top": 2000000.0, "right": 4780000.0, "bottom": -5200000.0, "grid_x": "G 8", "grid_y": "J 0" }, "geometry": { "type": "LineString", "coordinates": [ [ 4780000.0, 2000000.0 ], [ 4780000.0, -5200000.0 ] ] } },
{ "type": "Feature", "properties": { "id": 1701, "left": 4790000.0, "top": 2000000.0, "right": 4790000.0, "bottom": -5200000.0, "grid_x": "G 9", "grid_y": "J 0" }, "geometry": { "type": "LineString", "coordinates": [ [ 4790000.0, 2000000.0 ], [ 4790000.0, -5200000.0 ] ] } },
{ "type": "Feature", "properties": { "id": 1702, "left": 4800000.0, "top": 2000000.0, "right": 4800000.0, "bottom": -5200000.0, "grid_x": "H 0", "grid_y": "J 0" }, "geometry": { "type": "LineString", "coordinates": [ [ 4800000.0, 2000000.0 ], [ 4800000.0, -5200000.0 ] ] } },
{ "type": "Feature", "properties": { "id": 1703, "left": 4810000.0, "top": 2000000.0, "right": 4810000.0, "bottom": -5200000.0, "grid_x": "H 1", "grid_y": "J 0" }, "geometry": { "type": "LineString", "coordinates": [ [ 4810000.0, 2000000.0 ], [ 4810000.0, -5200000.0 ] ] } },
{ "type": "Feature", "properties": { "id": 1704, "left": 4820000.0, "top": 2000000.0, "right": 4820000.0, "bottom": -5200000.0, "grid_x": "H 2", "grid_y": "J 0" }, "geometry": { "type": "LineString", "coordinates": [ [ 4820000.0, 2000000.0 ], [ 4820000.0, -5200000.0 ] ] } },
{ "type": "Feature", "properties": { "id": 1705, "left": 4830000.0, "top": 2000000.0, "right": 4830000.0, "bottom": -5200000.0, "grid_x": "H 3", "grid_y": "J 0" }, "geometry": { "type": "LineString", "coordinates": [ [ 4830000.0, 2000000.0 ], [ 4830000.0, -5200000.0 ] ] } },
{ "type": "Feature", "properties": { "id": 1706, "left": 4840000.0, "top": 2000000.0, "right": 4840000.0, "bottom": -5200000.0, "grid_x": "H 4", "grid_y": "J 0" }, "geometry": { "type": "LineString", "coordinates": [ [ 4840000.0, 2000000.0 ], [ 4840000.0, -5200000.0 ] ] } },
{ "type": "Feature", "properties": { "id": 1707, "left": 4850000.0, "top": 2000000.0, "right": 4850000.0, "bottom": -5200000.0, "grid_x": "H 5", "grid_y": "J 0" }, "geometry": { "type": "LineString", "coordinates": [ [ 4850000.0, 2000000.0 ], [ 4850000.0, -5200000.0 ] ] } },
{ "type": "Feature", "properties": { "id": 1708, "left": 4860000.0, "top": 2000000.0, "right": 4860000.0, "bottom": -5200000.0, "grid_x": "H 6", "grid_y": "J 0" }, "geometry": { "type": "LineString", "coordinates": [ [ 4860000.0, 2000000.0 ], [ 4860000.0, -5200000.0 ] ] } },
{ "type": "Feature", "properties": { "id": 1709, "left": 4870000.0, "top": 2000000.0, "right": 4870000.0, "bottom": -5200000.0, "grid_x": "H 7", "grid_y": "J 0" }, "geometry": { "type": "LineString", "coordinates": [ [ 4870000.0, 2000000.0 ], [ 4870000.0, -5200000.0 ] ] } },
{ "type": "Feature", "properties": { "id": 1710, "left": 4880000.0, "top": 2000000.0, "right": 4880000.0, "bottom": -5200000.0, "grid_x": "H 8", "grid_y": "J 0" }, "geometry": { "type": "LineString", "coordinates": [ [ 4880000.0, 2000000.0 ], [ 4880000.0, -5200000.0 ] ] } },
{ "type": "Feature", "properties": { "id": 1711, "left": 4890000.0, "top": 2000000.0, "right": 4890000.0, "bottom": -5200000.0, "grid_x": "H 9", "grid_y": "J 0" }, "geometry": { "type": "LineString", "coordinates": [ [ 4890000.0, 2000000.0 ], [ 4890000.0, -5200000.0 ] ] } },
{ "type": "Feature", "properties": { "id": 1712, "left": 4900000.0, "top": 2000000.0, "right": 4900000.0, "bottom": -5200000.0, "grid_x": "J 0", "grid_y": "J 0" }, "geometry": { "type": "LineString", "coordinates": [ [ 4900000.0, 2000000.0 ], [ 4900000.0, -5200000.0 ] ] } },
{ "type": "Feature", "properties": { "id": 1713, "left": 4910000.0, "top": 2000000.0, "right": 4910000.0, "bottom": -5200000.0, "grid_x": "J 1", "grid_y": "J 0" }, "geometry": { "type": "LineString", "coordinates": [ [ 4910000.0, 2000000.0 ], [ 4910000.0, -5200000.0 ] ] } },
{ "type": "Feature", "properties": { "id": 1714, "left": 4920000.0, "top": 2000000.0, "right": 4920000.0, "bottom": -5200000.0, "grid_x": "J 2", "grid_y": "J 0" }, "geometry": { "type": "LineString", "coordinates": [ [ 4920000.0, 2000000.0 ], [ 4920000.0, -5200000.0 ] ] } },
{ "type": "Feature", "properties": { "id": 1715, "left": 4930000.0, "top": 2000000.0, "right": 4930000.0, "bottom": -5200000.0, "grid_x": "J 3", "grid_y": "J 0" }, "geometry": { "type": "LineString", "coordinates": [ [ 4930000.0, 2000000.0 ], [ 4930000.0, -5200000.0 ] ] } },
{ "type": "Feature", "properties": { "id": 1716, "left": 4940000.0, "top": 2000000.0, "right": 4940000.0, "bottom": -5200000.0, "grid_x": "J 4", "grid_y": "J 0" }, "geometry": { "type": "LineString", "coordinates": [ [ 4940000.0, 2000000.0 ], [ 4940000.0, -5200000.0 ] ] } },
{ "type": "Feature", "properties": { "id": 1717, "left": 4950000.0, "top": 2000000.0, "right": 4950000.0, "bottom": -5200000.0, "grid_x": "J 5", "grid_y": "J 0" }, "geometry": { "type": "LineString", "coordinates": [ [ 4950000.0, 2000000.0 ], [ 4950000.0, -5200000.0 ] ] } },
{ "type": "Feature", "properties": { "id": 1718, "left": 4960000.0, "top": 2000000.0, "right": 4960000.0, "bottom": -5200000.0, "grid_x": "J 6", "grid_y": "J 0" }, "geometry": { "type": "LineString", "coordinates": [ [ 4960000.0, 2000000.0 ], [ 4960000.0, -5200000.0 ] ] } },
{ "type": "Feature", "properties": { "id": 1719, "left": 4970000.0, "top": 2000000.0, "right": 4970000.0, "bottom": -5200000.0, "grid_x": "J 7", "grid_y": "J 0" }, "geometry": { "type": "LineString", "coordinates": [ [ 4970000.0, 2000000.0 ], [ 4970000.0, -5200000.0 ] ] } },
{ "type": "Feature", "properties": { "id": 1720, "left": 4980000.0, "top": 2000000.0, "right": 4980000.0, "bottom": -5200000.0, "grid_x": "J 8", "grid_y": "J 0" }, "geometry": { "type": "LineString", "coordinates": [ [ 4980000.0, 2000000.0 ], [ 4980000.0, -5200000.0 ] ] } },
{ "type": "Feature", "properties": { "id": 1721, "left": 4990000.0, "top": 2000000.0, "right": 4990000.0, "bottom": -5200000.0, "grid_x": "J 9", "grid_y": "J 0" }, "geometry": { "type": "LineString", "coordinates": [ [ 4990000.0, 2000000.0 ], [ 4990000.0, -5200000.0 ] ] } },
{ "type": "Feature", "properties": { "id": 1722, "left": 5000000.0, "top": 2000000.0, "right": 5000000.0, "bottom": -5200000.0, "grid_x": "K 0", "grid_y": "J 0" }, "geometry": { "type": "LineString", "coordinates": [ [ 5000000.0, 2000000.0 ], [ 5000000.0, -5200000.0 ] ] } },
{ "type": "Feature", "properties": { "id": 1723, "left": 5010000.0, "top": 2000000.0, "right": 5010000.0, "bottom": -5200000.0, "grid_x": "K 1", "grid_y": "J 0" }, "geometry": { "type": "LineString", "coordinates": [ [ 5010000.0, 2000000.0 ], [ 5010000.0, -5200000.0 ] ] } },
{ "type": "Feature", "properties": { "id": 1724, "left": 5020000.0, "top": 2000000.0, "right": 5020000.0, "bottom": -5200000.0, "grid_x": "K 2", "grid_y": "J 0" }, "geometry": { "type": "LineString", "coordinates": [ [ 5020000.0, 2000000.0 ], [ 5020000.0, -5200000.0 ] ] } },
{ "type": "Feature", "properties": { "id": 1725, "left": 5030000.0, "top": 2000000.0, "right": 5030000.0, "bottom": -5200000.0, "grid_x": "K 3", "grid_y": "J 0" }, "geometry": { "type": "LineString", "coordinates": [ [ 5030000.0, 2000000.0 ], [ 5030000.0, -5200000.0 ] ] } },
{ "type": "Feature", "properties": { "id": 1726, "left": 5040000.0, "top": 2000000.0, "right": 5040000.0, "bottom": -5200000.0, "grid_x": "K 4", "grid_y": "J 0" }, "geometry": { "type": "LineString", "coordinates": [ [ 5040000.0, 2000000.0 ], [ 5040000.0, -5200000.0 ] ] } },
{ "type": "Feature", "properties": { "id": 1727, "left": 5050000.0, "top": 2000000.0, "right": 5050000.0, "bottom": -5200000.0, "grid_x": "K 5", "grid_y": "J 0" }, "geometry": { "type": "LineString", "coordinates": [ [ 5050000.0, 2000000.0 ], [ 5050000.0, -5200000.0 ] ] } },
{ "type": "Feature", "properties": { "id": 1728, "left": 5060000.0, "top": 2000000.0, "right": 5060000.0, "bottom": -5200000.0, "grid_x": "K 6", "grid_y": "J 0" }, "geometry": { "type": "LineString", "coordinates": [ [ 5060000.0, 2000000.0 ], [ 5060000.0, -5200000.0 ] ] } },
{ "type": "Feature", "properties": { "id": 1729, "left": 5070000.0, "top": 2000000.0, "right": 5070000.0, "bottom": -5200000.0, "grid_x": "K 7", "grid_y": "J 0" }, "geometry": { "type": "LineString", "coordinates": [ [ 5070000.0, 2000000.0 ], [ 5070000.0, -5200000.0 ] ] } },
{ "type": "Feature", "properties": { "id": 1730, "left": 5080000.0, "top": 2000000.0, "right": 5080000.0, "bottom": -5200000.0, "grid_x": "K 8", "grid_y": "J 0" }, "geometry": { "type": "LineString", "coordinates": [ [ 5080000.0, 2000000.0 ], [ 5080000.0, -5200000.0 ] ] } },
{ "type": "Feature", "properties": { "id": 1731, "left": 5090000.0, "top": 2000000.0, "right": 5090000.0, "bottom": -5200000.0, "grid_x": "K 9", "grid_y": "J 0" }, "geometry": { "type": "LineString", "coordinates": [ [ 5090000.0, 2000000.0 ], [ 5090000.0, -5200000.0 ] ] } },
{ "type": "Feature", "properties": { "id": 1732, "left": 5100000.0, "top": 2000000.0, "right": 5100000.0, "bottom": -5200000.0, "grid_x": "L 0", "grid_y": "J 0" }, "geometry": { "type": "LineString", "coordinates": [ [ 5100000.0, 2000000.0 ], [ 5100000.0, -5200000.0 ] ] } },
{ "type": "Feature", "properties": { "id": 1733, "left": 5110000.0, "top": 2000000.0, "right": 5110000.0, "bottom": -5200000.0, "grid_x": "L 1", "grid_y": "J 0" }, "geometry": { "type": "LineString", "coordinates": [ [ 5110000.0, 2000000.0 ], [ 5110000.0, -5200000.0 ] ] } },
{ "type": "Feature", "properties": { "id": 1734, "left": 5120000.0, "top": 2000000.0, "right": 5120000.0, "bottom": -5200000.0, "grid_x": "L 2", "grid_y": "J 0" }, "geometry": { "type": "LineString", "coordinates": [ [ 5120000.0, 2000000.0 ], [ 5120000.0, -5200000.0 ] ] } },
{ "type": "Feature", "properties": { "id": 1735, "left": 5130000.0, "top": 2000000.0, "right": 5130000.0, "bottom": -5200000.0, "grid_x": "L 3", "grid_y": "J 0" }, "geometry": { "type": "LineString", "coordinates": [ [ 5130000.0, 2000000.0 ], [ 5130000.0, -5200000.0 ] ] } },
{ "type": "Feature", "properties": { "id": 1736, "left": 5140000.0, "top": 2000000.0, "right": 5140000.0, "bottom": -5200000.0, "grid_x": "L 4", "grid_y": "J 0" }, "geometry": { "type": "LineString", "coordinates": [ [ 5140000.0, 2000000.0 ], [ 5140000.0, -5200000.0 ] ] } },
{ "type": "Feature", "properties": { "id": 1737, "left": 5150000.0, "top": 2000000.0, "right": 5150000.0, "bottom": -5200000.0, "grid_x": "L 5", "grid_y": "J 0" }, "geometry": { "type": "LineString", "coordinates": [ [ 5150000.0, 2000000.0 ], [ 5150000.0, -5200000.0 ] ] } },
{ "type": "Feature", "properties": { "id": 1738, "left": 5160000.0, "top": 2000000.0, "right": 5160000.0, "bottom": -5200000.0, "grid_x": "L 6", "grid_y": "J 0" }, "geometry": { "type": "LineString", "coordinates": [ [ 5160000.0, 2000000.0 ], [ 5160000.0, -5200000.0 ] ] } },
{ "type": "Feature", "properties": { "id": 1739, "left": 5170000.0, "top": 2000000.0, "right": 5170000.0, "bottom": -5200000.0, "grid_x": "L 7", "grid_y": "J 0" }, "geometry": { "type": "LineString", "coordinates": [ [ 5170000.0, 2000000.0 ], [ 5170000.0, -5200000.0 ] ] } },
{ "type": "Feature", "properties": { "id": 1740, "left": 5180000.0, "top": 2000000.0, "right": 5180000.0, "bottom": -5200000.0, "grid_x": "L 8", "grid_y": "J 0" }, "geometry": { "type": "LineString", "coordinates": [ [ 5180000.0, 2000000.0 ], [ 5180000.0, -5200000.0 ] ] } },
{ "type": "Feature", "properties": { "id": 1741, "left": 5190000.0, "top": 2000000.0, "right": 5190000.0, "bottom": -5200000.0, "grid_x": "L 9", "grid_y": "J 0" }, "geometry": { "type": "LineString", "coordinates": [ [ 5190000.0, 2000000.0 ], [ 5190000.0, -5200000.0 ] ] } },
{ "type": "Feature", "properties": { "id": 1742, "left": 5200000.0, "top": 2000000.0, "right": 5200000.0, "bottom": -5200000.0, "grid_x": "M 0", "grid_y": "J 0" }, "geometry": { "type": "LineString", "coordinates": [ [ 5200000.0, 2000000.0 ], [ 5200000.0, -5200000.0 ] ] } }
]
}
